{"stats":{"minecraft:custom":{"minecraft:jump":3195,"minecraft:open_chest":1,"minecraft:time_since_rest":179,"minecraft:deaths":1,"minecraft:damage_dealt":0,"minecraft:crouch_one_cm":90748,"minecraft:sprint_one_cm":319259,"minecraft:leave_game":3,"minecraft:play_time":164674,"minecraft:damage_taken":413,"minecraft:time_since_death":159,"minecraft:walk_one_cm":498327,"minecraft:climb_one_cm":2327,"minecraft:sneak_time":23152,"minecraft:total_world_time":164674,"minecraft:swim_one_cm":1651,"minecraft:drop":4,"minecraft:fall_one_cm":18765,"minecraft:fly_one_cm":347056},"minecraft:dropped":{"minecraft:item_frame":1,"minecraft:light":3},"minecraft:picked_up":{"minecraft:item_frame":1,"minecraft:light":3}},"DataVersion":3120}