{"stats":{"minecraft:custom":{"minecraft:jump":1204,"minecraft:time_since_rest":178271,"minecraft:interact_with_blast_furnace":3,"minecraft:crouch_one_cm":56222,"minecraft:play_time":178271,"minecraft:leave_game":2,"minecraft:sprint_one_cm":392022,"minecraft:damage_taken":143,"minecraft:time_since_death":178271,"minecraft:walk_one_cm":582228,"minecraft:sneak_time":11285,"minecraft:climb_one_cm":5447,"minecraft:total_world_time":178271,"minecraft:drop":3,"minecraft:fall_one_cm":18655,"minecraft:fly_one_cm":173162,"minecraft:open_barrel":2},"minecraft:dropped":{"minecraft:item_frame":3},"minecraft:picked_up":{"minecraft:item_frame":3}},"DataVersion":3120}