{"stats":{"minecraft:killed_by":{"minecraft:player":1},"minecraft:custom":{"minecraft:open_barrel":20,"minecraft:time_since_rest":17480,"minecraft:crouch_one_cm":108338,"minecraft:play_time":193981,"minecraft:sprint_one_cm":459399,"minecraft:deaths":1,"minecraft:damage_taken":1032,"minecraft:walk_one_cm":479631,"minecraft:sneak_time":27799,"minecraft:drop":9,"minecraft:jump":4541,"minecraft:damage_dealt":0,"minecraft:leave_game":5,"minecraft:time_since_death":17459,"minecraft:climb_one_cm":3511,"minecraft:total_world_time":193981,"minecraft:swim_one_cm":22798,"minecraft:fall_one_cm":33737,"minecraft:fly_one_cm":529445},"minecraft:dropped":{"minecraft:player_head":8,"minecraft:glass_bottle":1},"minecraft:picked_up":{"minecraft:leather_boots":1,"minecraft:command_block":1,"minecraft:rotten_flesh":11,"minecraft:apple":3,"minecraft:leather_leggings":1,"minecraft:potato":1,"minecraft:player_head":21,"minecraft:glass_bottle":1}},"DataVersion":3120}