{"stats":{"minecraft:picked_up":{"minecraft:leather_chestplate":2},"minecraft:dropped":{"minecraft:light":1},"minecraft:custom":{"minecraft:jump":1164,"minecraft:time_since_rest":31656,"minecraft:damage_taken":10,"minecraft:leave_game":6,"minecraft:crouch_one_cm":47386,"minecraft:sprint_one_cm":408821,"minecraft:play_time":142377,"minecraft:time_since_death":142377,"minecraft:walk_on_water_one_cm":32,"minecraft:walk_one_cm":409678,"minecraft:sneak_time":17495,"minecraft:total_world_time":142377,"minecraft:climb_one_cm":3136,"minecraft:swim_one_cm":1175,"minecraft:drop":1,"minecraft:fall_one_cm":7822,"minecraft:fly_one_cm":254752}},"DataVersion":3120}