{"stats":{"minecraft:custom":{"minecraft:open_barrel":31,"minecraft:time_since_rest":198106,"minecraft:crouch_one_cm":124956,"minecraft:play_time":229487,"minecraft:interact_with_furnace":1,"minecraft:sprint_one_cm":739782,"minecraft:damage_taken":125,"minecraft:walk_one_cm":682938,"minecraft:sneak_time":25584,"minecraft:drop":2,"minecraft:jump":3391,"minecraft:interact_with_blast_furnace":1,"minecraft:leave_game":4,"minecraft:time_since_death":229487,"minecraft:climb_one_cm":12089,"minecraft:total_world_time":229487,"minecraft:swim_one_cm":1163,"minecraft:fall_one_cm":41005,"minecraft:fly_one_cm":754895},"minecraft:dropped":{"minecraft:leather_chestplate":1,"minecraft:light":1},"minecraft:picked_up":{"minecraft:item_frame":3,"minecraft:leather_chestplate":3,"minecraft:leather_leggings":2,"minecraft:lightning_rod":1,"minecraft:player_head":5}},"DataVersion":3120}