{"stats":{"minecraft:used":{"minecraft:writable_book":2},"minecraft:custom":{"minecraft:open_barrel":29,"minecraft:time_since_rest":85465,"minecraft:crouch_one_cm":134688,"minecraft:play_time":180988,"minecraft:sprint_one_cm":196626,"minecraft:damage_taken":58,"minecraft:walk_one_cm":932211,"minecraft:sneak_time":27180,"minecraft:drop":5,"minecraft:jump":1603,"minecraft:leave_game":1,"minecraft:time_since_death":180988,"minecraft:total_world_time":180988,"minecraft:climb_one_cm":8328,"minecraft:swim_one_cm":6195,"minecraft:fall_one_cm":30494,"minecraft:fly_one_cm":176858},"minecraft:dropped":{"minecraft:daylight_detector":1,"minecraft:writable_book":1,"minecraft:light":3},"minecraft:picked_up":{"minecraft:daylight_detector":1,"minecraft:redstone_lamp":2,"minecraft:writable_book":1,"minecraft:light":4,"minecraft:hopper_minecart":1}},"DataVersion":3120}