{"stats":{"minecraft:killed_by":{"minecraft:player":1},"minecraft:custom":{"minecraft:jump":2520,"minecraft:damage_taken":321,"minecraft:time_since_rest":12073,"minecraft:walk_one_cm":228473,"minecraft:leave_game":11,"minecraft:sprint_one_cm":197442,"minecraft:time_since_death":12053,"minecraft:crouch_one_cm":11661,"minecraft:play_time":80463,"minecraft:walk_on_water_one_cm":69,"minecraft:deaths":1,"minecraft:sneak_time":3935,"minecraft:total_world_time":80463,"minecraft:climb_one_cm":6775,"minecraft:fall_one_cm":12241,"minecraft:fly_one_cm":230719,"minecraft:open_barrel":3},"minecraft:picked_up":{"minecraft:leather_chestplate":1,"minecraft:item_frame":3,"minecraft:player_head":2,"minecraft:powder_snow_bucket":1}},"DataVersion":3120}