{"stats":{"minecraft:used":{"minecraft:milk_bucket":1},"minecraft:custom":{"minecraft:open_barrel":59,"minecraft:time_since_rest":195763,"minecraft:open_chest":4,"minecraft:play_time":219442,"minecraft:crouch_one_cm":86295,"minecraft:sprint_one_cm":548356,"minecraft:damage_taken":83,"minecraft:walk_one_cm":468703,"minecraft:sneak_time":21798,"minecraft:drop":23,"minecraft:jump":3703,"minecraft:damage_dealt":0,"minecraft:leave_game":1,"minecraft:time_since_death":219442,"minecraft:total_world_time":219442,"minecraft:climb_one_cm":5956,"minecraft:fall_one_cm":35244,"minecraft:fly_one_cm":672701},"minecraft:crafted":{"minecraft:blaze_powder":2},"minecraft:dropped":{"minecraft:rotten_flesh":2,"minecraft:player_head":19,"minecraft:netherite_boots":1,"minecraft:item_frame":8},"minecraft:picked_up":{"minecraft:barrier":1,"minecraft:item_frame":8,"minecraft:milk_bucket":1,"minecraft:rotten_flesh":2,"minecraft:rabbit_stew":1,"minecraft:light_gray_candle":2,"minecraft:echo_shard":1,"minecraft:popped_chorus_fruit":1,"minecraft:player_head":68,"minecraft:light":1,"minecraft:blue_concrete":1,"minecraft:blaze_rod":1,"minecraft:dragon_egg":1,"minecraft:paper":1}},"DataVersion":3120}