{"stats":{"minecraft:used":{"minecraft:leather_chestplate":1},"minecraft:custom":{"minecraft:open_barrel":2,"minecraft:time_since_rest":29402,"minecraft:open_chest":4,"minecraft:play_time":232825,"minecraft:crouch_one_cm":83908,"minecraft:sprint_one_cm":407844,"minecraft:damage_taken":67,"minecraft:walk_one_cm":858351,"minecraft:sneak_time":18158,"minecraft:drop":17,"minecraft:jump":2177,"minecraft:leave_game":1,"minecraft:damage_dealt":0,"minecraft:walk_on_water_one_cm":9,"minecraft:time_since_death":232825,"minecraft:total_world_time":232825,"minecraft:climb_one_cm":5769,"minecraft:fall_one_cm":27164,"minecraft:fly_one_cm":524148},"minecraft:dropped":{"minecraft:player_head":10,"minecraft:paper":3,"minecraft:leather_boots":1,"minecraft:item_frame":13,"minecraft:light":2},"minecraft:picked_up":{"minecraft:item_frame":13,"minecraft:leather_boots":1,"minecraft:leather_chestplate":2,"minecraft:dispenser":1,"minecraft:sculk_sensor":1,"minecraft:rotten_flesh":1,"minecraft:apple":1,"minecraft:light_gray_candle":3,"minecraft:music_disc_far":1,"minecraft:turtle_egg":1,"minecraft:bread":1,"minecraft:lightning_rod":1,"minecraft:observer":1,"minecraft:player_head":85,"minecraft:cookie":1,"minecraft:light":2,"minecraft:wither_skeleton_skull":1,"minecraft:paper":1}},"DataVersion":3120}