{"stats":{"minecraft:used":{"minecraft:water_bucket":1,"minecraft:dark_oak_planks":1,"minecraft:lever":8,"minecraft:light":1,"minecraft:black_wool":35,"minecraft:black_concrete":3,"minecraft:firework_rocket":2,"minecraft:villager_spawn_egg":1,"minecraft:red_wool":1,"minecraft:grass_block":2,"minecraft:spruce_slab":1,"minecraft:barrier":11,"minecraft:black_shulker_box":5,"minecraft:iron_door":4,"minecraft:player_head":1,"minecraft:deepslate_bricks":2,"minecraft:purple_concrete":13,"minecraft:dirt":1,"minecraft:golden_carrot":6,"minecraft:bow":21,"minecraft:written_book":27,"minecraft:crossbow":25,"minecraft:smooth_stone":1},"minecraft:custom":{"minecraft:time_since_rest":461673,"minecraft:interact_with_furnace":1,"minecraft:sprint_one_cm":416255,"minecraft:open_enderchest":5,"minecraft:damage_taken":10,"minecraft:walk_one_cm":1231953,"minecraft:mob_kills":1,"minecraft:drop":18,"minecraft:damage_dealt":80,"minecraft:swim_one_cm":1583,"minecraft:fly_one_cm":1754093,"minecraft:open_barrel":4,"minecraft:open_chest":4,"minecraft:crouch_one_cm":4740,"minecraft:open_shulker_box":12,"minecraft:play_time":461673,"minecraft:sneak_time":4487,"minecraft:walk_under_water_one_cm":15082,"minecraft:jump":1411,"minecraft:leave_game":6,"minecraft:walk_on_water_one_cm":2735,"minecraft:time_since_death":461673,"minecraft:climb_one_cm":2293,"minecraft:total_world_time":461673,"minecraft:damage_resisted":30871,"minecraft:fall_one_cm":2151},"minecraft:dropped":{"minecraft:leather_chestplate":1,"minecraft:player_head":3,"minecraft:sculk":2,"minecraft:leather_boots":1,"minecraft:crossbow":1,"minecraft:leather_leggings":1,"minecraft:dark_oak_planks":1,"minecraft:written_book":2,"minecraft:black_wool":3,"minecraft:deepslate_bricks":3},"minecraft:mined":{"minecraft:black_shulker_box":1,"minecraft:lever":4},"minecraft:picked_up":{"minecraft:book":1,"minecraft:tipped_arrow":1,"minecraft:chain_command_block":2,"minecraft:sculk":2,"minecraft:light":1,"minecraft:dark_oak_planks":1,"minecraft:item_frame":4,"minecraft:firework_rocket":64,"minecraft:command_block":1,"minecraft:bow":1,"minecraft:black_shulker_box":6,"minecraft:lever":3,"minecraft:deepslate_bricks":3,"minecraft:crossbow":1,"minecraft:iron_ingot":1,"minecraft:player_head":4,"minecraft:written_book":2,"minecraft:deepslate_tile_wall":64,"minecraft:black_wool":6}},"DataVersion":3120}