{"stats":{"minecraft:custom":{"minecraft:jump":1666,"minecraft:time_since_rest":115214,"minecraft:crouch_one_cm":7931,"minecraft:leave_game":1,"minecraft:sprint_one_cm":118245,"minecraft:play_time":115214,"minecraft:damage_taken":20,"minecraft:time_since_death":115214,"minecraft:walk_one_cm":280551,"minecraft:climb_one_cm":4988,"minecraft:sneak_time":3419,"minecraft:total_world_time":115214,"minecraft:drop":27,"minecraft:fall_one_cm":5735,"minecraft:fly_one_cm":178724,"minecraft:open_barrel":1},"minecraft:dropped":{"minecraft:light":27},"minecraft:picked_up":{"minecraft:light":27}},"DataVersion":3120}