{"stats":{"minecraft:used":{"minecraft:snowball":6},"minecraft:custom":{"minecraft:open_barrel":31,"minecraft:time_since_rest":53,"minecraft:crouch_one_cm":89572,"minecraft:play_time":213183,"minecraft:sprint_one_cm":324855,"minecraft:damage_taken":70,"minecraft:walk_one_cm":494641,"minecraft:sneak_time":20973,"minecraft:drop":24,"minecraft:jump":2204,"minecraft:damage_dealt":46,"minecraft:leave_game":4,"minecraft:time_since_death":213183,"minecraft:climb_one_cm":6955,"minecraft:total_world_time":213183,"minecraft:swim_one_cm":8974,"minecraft:fall_one_cm":21052,"minecraft:fly_one_cm":311176},"minecraft:dropped":{"minecraft:rotten_flesh":3,"minecraft:observer":1,"minecraft:player_head":5,"minecraft:dispenser":1,"minecraft:tnt_minecart":1,"minecraft:light_gray_candle":1,"minecraft:lightning_rod":1,"minecraft:item_frame":9,"minecraft:light":2},"minecraft:picked_up":{"minecraft:item_frame":9,"minecraft:dispenser":1,"minecraft:rotten_flesh":3,"minecraft:apple":1,"minecraft:light_gray_candle":1,"minecraft:tnt_minecart":1,"minecraft:lightning_rod":1,"minecraft:player_head":5,"minecraft:observer":1,"minecraft:light":1}},"DataVersion":3120}