{"stats":{"minecraft:custom":{"minecraft:open_barrel":25,"minecraft:time_since_rest":83091,"minecraft:open_chest":2,"minecraft:crouch_one_cm":80169,"minecraft:sprint_one_cm":317352,"minecraft:play_time":225953,"minecraft:damage_taken":30,"minecraft:walk_one_cm":522959,"minecraft:sneak_time":27510,"minecraft:drop":5,"minecraft:jump":4642,"minecraft:interact_with_blast_furnace":1,"minecraft:leave_game":6,"minecraft:time_since_death":225953,"minecraft:total_world_time":225953,"minecraft:climb_one_cm":5122,"minecraft:fall_one_cm":36041,"minecraft:fly_one_cm":589011},"minecraft:dropped":{"minecraft:player_head":4,"minecraft:light":1},"minecraft:picked_up":{"minecraft:item_frame":1,"minecraft:apple":1,"minecraft:painting":2,"minecraft:player_head":6,"minecraft:bread":1,"minecraft:light":1}},"DataVersion":3120}