{"stats":{"minecraft:killed_by":{"minecraft:player":1},"minecraft:custom":{"minecraft:open_barrel":32,"minecraft:time_since_rest":22590,"minecraft:open_chest":1,"minecraft:crouch_one_cm":122619,"minecraft:play_time":203721,"minecraft:sprint_one_cm":482811,"minecraft:deaths":1,"minecraft:damage_taken":985,"minecraft:walk_one_cm":496780,"minecraft:sneak_time":25896,"minecraft:drop":16,"minecraft:jump":1894,"minecraft:damage_dealt":0,"minecraft:leave_game":1,"minecraft:time_since_death":22569,"minecraft:total_world_time":203721,"minecraft:climb_one_cm":3280,"minecraft:swim_one_cm":58134,"minecraft:fall_one_cm":28076,"minecraft:fly_one_cm":382203},"minecraft:dropped":{"minecraft:player_head":14,"minecraft:repeater":1,"minecraft:hopper":1},"minecraft:picked_up":{"minecraft:sticky_piston":1,"minecraft:repeater":1,"minecraft:rotten_flesh":3,"minecraft:tripwire_hook":1,"minecraft:apple":1,"minecraft:chest_minecart":1,"minecraft:note_block":1,"minecraft:dropper":1,"minecraft:painting":2,"minecraft:target":1,"minecraft:player_head":44,"minecraft:bread":2,"minecraft:minecart":1,"minecraft:hopper":1}},"DataVersion":3120}