{"stats":{"minecraft:custom":{"minecraft:jump":683,"minecraft:time_since_rest":1808,"minecraft:crouch_one_cm":70404,"minecraft:leave_game":6,"minecraft:sprint_one_cm":292933,"minecraft:play_time":195748,"minecraft:damage_taken":40,"minecraft:time_since_death":195748,"minecraft:walk_one_cm":742511,"minecraft:sneak_time":21848,"minecraft:total_world_time":195748,"minecraft:climb_one_cm":8691,"minecraft:drop":17,"minecraft:fall_one_cm":10743,"minecraft:fly_one_cm":87460,"minecraft:open_barrel":1},"minecraft:dropped":{"minecraft:rotten_flesh":4,"minecraft:leather_boots":1,"minecraft:player_head":11,"minecraft:light":1},"minecraft:picked_up":{"minecraft:player_head":17,"minecraft:leather_boots":1,"minecraft:rotten_flesh":4}},"DataVersion":3120}