{"stats":{"minecraft:custom":{"minecraft:jump":1507,"minecraft:time_since_rest":225001,"minecraft:crouch_one_cm":128404,"minecraft:play_time":225001,"minecraft:leave_game":4,"minecraft:sprint_one_cm":256307,"minecraft:damage_taken":32,"minecraft:time_since_death":225001,"minecraft:walk_one_cm":787716,"minecraft:sneak_time":40271,"minecraft:climb_one_cm":653,"minecraft:total_world_time":225001,"minecraft:drop":4,"minecraft:fall_one_cm":9100,"minecraft:fly_one_cm":220713,"minecraft:open_barrel":13},"minecraft:dropped":{"minecraft:rotten_flesh":3,"minecraft:player_head":1},"minecraft:picked_up":{"minecraft:player_head":11,"minecraft:rotten_flesh":3}},"DataVersion":3120}