{"stats":{"minecraft:used":{"minecraft:wooden_axe":30,"minecraft:bread":5,"minecraft:beef":3},"minecraft:killed_by":{"minecraft:player":1},"minecraft:custom":{"minecraft:time_since_rest":98904,"minecraft:sprint_one_cm":396363,"minecraft:damage_taken":530,"minecraft:walk_one_cm":345327,"minecraft:mob_kills":6,"minecraft:drop":137,"minecraft:damage_dealt":1778,"minecraft:talked_to_villager":2,"minecraft:fly_one_cm":874489,"minecraft:open_barrel":4,"minecraft:open_chest":9,"minecraft:crouch_one_cm":56787,"minecraft:play_time":188224,"minecraft:deaths":1,"minecraft:sneak_time":10093,"minecraft:jump":5866,"minecraft:leave_game":1,"minecraft:time_since_death":98884,"minecraft:climb_one_cm":7971,"minecraft:total_world_time":188224,"minecraft:interact_with_smoker":2,"minecraft:fall_one_cm":61416},"minecraft:dropped":{"minecraft:lava_bucket":1,"minecraft:iron_ingot":3,"minecraft:leather_chestplate":15,"minecraft:potato":5,"minecraft:black_dye":2,"minecraft:player_head":12,"minecraft:repeater":1,"minecraft:leather_boots":4,"minecraft:oak_sapling":3,"minecraft:chest":3,"minecraft:music_disc_5":1,"minecraft:carved_pumpkin":125,"minecraft:leather_leggings":11,"minecraft:book":1,"minecraft:barrel":1,"minecraft:observer":1,"minecraft:deepslate_tile_wall":64,"minecraft:white_dye":1,"minecraft:leather":1,"minecraft:apple":3,"minecraft:music_disc_far":1,"minecraft:command_block":5,"minecraft:chain_command_block":2,"minecraft:music_disc_pigstep":55,"minecraft:light":2,"minecraft:music_disc_13":2,"minecraft:firework_rocket":64},"minecraft:broken":{"minecraft:wooden_axe":1},"minecraft:killed":{"minecraft:iron_golem":1,"minecraft:villager":3,"minecraft:cow":2},"minecraft:picked_up":{"minecraft:leather_chestplate":2,"minecraft:leather_leggings":1,"minecraft:leather":1,"minecraft:light":2,"minecraft:leather_boots":2,"minecraft:beef":3,"minecraft:iron_ingot":3,"minecraft:carved_pumpkin":62}},"DataVersion":3120}