{"stats":{"minecraft:custom":{"minecraft:time_since_rest":13269,"minecraft:crouch_one_cm":115212,"minecraft:play_time":226207,"minecraft:sprint_one_cm":202085,"minecraft:damage_taken":35,"minecraft:walk_one_cm":452367,"minecraft:sneak_time":25381,"minecraft:drop":70,"minecraft:jump":1488,"minecraft:damage_dealt":80,"minecraft:leave_game":1,"minecraft:time_since_death":226207,"minecraft:total_world_time":226207,"minecraft:climb_one_cm":555,"minecraft:swim_one_cm":8618,"minecraft:fall_one_cm":31501,"minecraft:fly_one_cm":305747},"minecraft:dropped":{"minecraft:rotten_flesh":55,"minecraft:black_dye":2,"minecraft:player_head":12,"minecraft:light":1},"minecraft:picked_up":{"minecraft:black_dye":2,"minecraft:rotten_flesh":66,"minecraft:player_head":97,"minecraft:bread":1}},"DataVersion":3120}