{"stats":{"minecraft:used":{"minecraft:honey_bottle":2},"minecraft:killed_by":{"minecraft:player":1},"minecraft:custom":{"minecraft:time_since_rest":7643,"minecraft:crouch_one_cm":20619,"minecraft:play_time":145097,"minecraft:sprint_one_cm":268893,"minecraft:deaths":1,"minecraft:damage_taken":260,"minecraft:walk_one_cm":336601,"minecraft:sneak_time":5735,"minecraft:drop":6,"minecraft:jump":1541,"minecraft:leave_game":1,"minecraft:time_since_death":7623,"minecraft:walk_on_water_one_cm":72,"minecraft:total_world_time":145097,"minecraft:climb_one_cm":3920,"minecraft:fly_one_cm":360929,"minecraft:fall_one_cm":8293},"minecraft:dropped":{"minecraft:leather_leggings":1,"minecraft:player_head":3,"minecraft:powder_snow_bucket":1,"minecraft:glass_bottle":1,"minecraft:item_frame":5},"minecraft:picked_up":{"minecraft:item_frame":6,"minecraft:honey_bottle":1,"minecraft:leather_leggings":1,"minecraft:powder_snow_bucket":1,"minecraft:player_head":5}},"DataVersion":3120}