{"stats":{"minecraft:dropped":{"minecraft:light":1},"minecraft:custom":{"minecraft:jump":2177,"minecraft:time_since_rest":10753,"minecraft:crouch_one_cm":7933,"minecraft:leave_game":5,"minecraft:sprint_one_cm":179024,"minecraft:play_time":111110,"minecraft:damage_taken":10,"minecraft:time_since_death":111110,"minecraft:walk_one_cm":361190,"minecraft:sneak_time":2361,"minecraft:total_world_time":111110,"minecraft:climb_one_cm":1097,"minecraft:swim_one_cm":31404,"minecraft:drop":1,"minecraft:fall_one_cm":2511,"minecraft:fly_one_cm":196676}},"DataVersion":3120}