{"stats":{"minecraft:picked_up":{"minecraft:light":2,"minecraft:leather_leggings":1},"minecraft:dropped":{"minecraft:light":3},"minecraft:custom":{"minecraft:open_barrel":2,"minecraft:open_chest":1,"minecraft:time_since_rest":49086,"minecraft:interact_with_furnace":2,"minecraft:crouch_one_cm":22226,"minecraft:leave_game":4,"minecraft:sprint_one_cm":240627,"minecraft:play_time":129853,"minecraft:damage_taken":50,"minecraft:time_since_death":129853,"minecraft:walk_one_cm":354613,"minecraft:sneak_time":4408,"minecraft:total_world_time":129853,"minecraft:climb_one_cm":2090,"minecraft:swim_one_cm":14212,"minecraft:drop":3,"minecraft:fall_one_cm":5384,"minecraft:fly_one_cm":114494,"minecraft:jump":662}},"DataVersion":3120}