{"stats":{"minecraft:used":{"minecraft:music_disc_far":2,"minecraft:light_blue_stained_glass_pane":63,"minecraft:blue_terracotta":8,"minecraft:light_gray_dye":1,"minecraft:polished_deepslate":254,"minecraft:chiseled_deepslate":61,"minecraft:bone_block":7,"minecraft:dispenser":61,"minecraft:smooth_quartz_slab":1,"minecraft:ladder":144,"minecraft:spruce_slab":259,"minecraft:polished_blackstone":3,"minecraft:poppy":1,"minecraft:elytra":11,"minecraft:oak_sign":207,"minecraft:mangrove_button":2,"minecraft:black_carpet":23,"minecraft:white_concrete_powder":7,"minecraft:chest":38,"minecraft:stone":40,"minecraft:white_terracotta":63,"minecraft:brown_concrete":74,"minecraft:red_nether_brick_stairs":3,"minecraft:quartz_stairs":103,"minecraft:bell":1,"minecraft:player_head":11,"minecraft:farmland":378,"minecraft:waxed_weathered_cut_copper_stairs":263,"minecraft:green_terracotta":6,"minecraft:sculk_sensor":263,"minecraft:debug_stick":15,"minecraft:spruce_leaves":2,"minecraft:brick_slab":3,"minecraft:nether_bricks":1,"minecraft:prismarine_brick_stairs":169,"minecraft:deepslate_brick_slab":15,"minecraft:deepslate_tile_slab":19,"minecraft:pink_terracotta":11,"minecraft:acacia_sapling":9,"minecraft:music_disc_13":24,"minecraft:milk_bucket":12,"minecraft:obsidian":1,"minecraft:warden_spawn_egg":132,"minecraft:polished_deepslate_stairs":23,"minecraft:jungle_sapling":8,"minecraft:glass":43,"minecraft:crimson_button":3,"minecraft:lava_bucket":5,"minecraft:music_disc_pigstep":138,"minecraft:red_wool":172,"minecraft:stripped_dark_oak_wood":217,"minecraft:netherite_shovel":1,"minecraft:bricks":227,"minecraft:quartz_pillar":162,"minecraft:villager_spawn_egg":1,"minecraft:warped_hyphae":70,"minecraft:quartz_slab":1,"minecraft:black_stained_glass_pane":3,"minecraft:lantern":32,"minecraft:grass_block":2028,"minecraft:panda_spawn_egg":2,"minecraft:music_disc_ward":4,"minecraft:orange_shulker_box":1,"minecraft:green_wool":8,"minecraft:warped_nylium":29,"minecraft:music_disc_chirp":1,"minecraft:dark_oak_slab":14,"minecraft:music_disc_wait":1,"minecraft:stone_brick_stairs":70,"minecraft:stone_bricks":223,"minecraft:music_disc_stal":1,"minecraft:item_frame":1,"minecraft:bedrock":44,"minecraft:repeater":2,"minecraft:reinforced_deepslate":1,"minecraft:red_carpet":1,"minecraft:redstone_lamp":2,"minecraft:bow":171,"minecraft:scaffolding":17,"minecraft:hay_block":82,"minecraft:written_book":195,"minecraft:oak_sapling":43,"minecraft:furnace":6,"minecraft:gold_block":17,"minecraft:skeleton_skull":1,"minecraft:polished_blackstone_stairs":276,"minecraft:lime_glazed_terracotta":6,"minecraft:dark_oak_sapling":4,"minecraft:deepslate_brick_wall":12,"minecraft:chiseled_polished_blackstone":7,"minecraft:dark_oak_stairs":144,"minecraft:leather_leggings":3,"minecraft:cow_spawn_egg":271,"minecraft:diamond_boots":1,"minecraft:spruce_door":5,"minecraft:stripped_birch_log":46,"minecraft:red_stained_glass":1,"minecraft:birch_leaves":14,"minecraft:oak_planks":1075,"minecraft:blackstone":2,"minecraft:ender_pearl":10,"minecraft:leather_chestplate":3,"minecraft:redstone_block":53,"minecraft:composter":3,"minecraft:smooth_quartz_stairs":310,"minecraft:oak_leaves":11,"minecraft:white_wool":526,"minecraft:sand":5,"minecraft:purpur_stairs":271,"minecraft:yellow_terracotta":19,"minecraft:light_blue_concrete":569,"minecraft:loom":1,"minecraft:waxed_weathered_cut_copper_slab":60,"minecraft:black_banner":3,"minecraft:yellow_concrete":136,"minecraft:crossbow":23,"minecraft:chiseled_quartz_block":2,"minecraft:note_block":1,"minecraft:gray_concrete":9,"minecraft:black_bed":39,"minecraft:black_concrete_powder":18,"minecraft:shears":1,"minecraft:cobbled_deepslate_stairs":71,"minecraft:deepslate_brick_stairs":267,"minecraft:exposed_copper":35,"minecraft:lightning_rod":6,"minecraft:deepslate_tiles":20,"minecraft:creeper_spawn_egg":10,"minecraft:redstone_torch":36,"minecraft:sticky_piston":8,"minecraft:black_terracotta":107,"minecraft:lever":69,"minecraft:blue_glazed_terracotta":1,"minecraft:black_concrete":2519,"minecraft:firework_rocket":1215,"minecraft:gray_shulker_box":1,"minecraft:light_gray_concrete":48,"minecraft:lime_carpet":7,"minecraft:heavy_weighted_pressure_plate":9,"minecraft:barrier":2540,"minecraft:brown_wool":1,"minecraft:light_gray_candle":2,"minecraft:stone_button":12,"minecraft:polished_granite":123,"minecraft:oak_pressure_plate":1,"minecraft:iron_door":57,"minecraft:deepslate":6,"minecraft:cat_spawn_egg":77,"minecraft:flowering_azalea_leaves":236,"minecraft:blackstone_slab":8,"minecraft:wooden_sword":35,"minecraft:dark_oak_fence":69,"minecraft:waxed_oxidized_cut_copper_stairs":2,"minecraft:white_stained_glass":469,"minecraft:chain":816,"minecraft:ice":2,"minecraft:white_concrete":396,"minecraft:bone_meal":114,"minecraft:cobweb":69,"minecraft:oak_trapdoor":11,"minecraft:oak_fence":345,"minecraft:trident":2,"minecraft:netherite_sword":1,"minecraft:jungle_leaves":85,"minecraft:iron_bars":105,"minecraft:music_disc_otherside":1,"minecraft:orange_concrete":53,"minecraft:flint_and_steel":51,"minecraft:carved_pumpkin":2,"minecraft:red_concrete":957,"minecraft:armor_stand":81,"minecraft:redstone":54,"minecraft:light_blue_terracotta":12,"minecraft:spruce_planks":1005,"minecraft:tinted_glass":166,"minecraft:music_disc_5":21,"minecraft:sculk":450,"minecraft:wooden_shovel":81,"minecraft:polished_blackstone_wall":1,"minecraft:structure_block":20,"minecraft:netherrack":799,"minecraft:oak_door":68,"minecraft:light_gray_shulker_box":2,"minecraft:torch":15,"minecraft:warped_wart_block":98,"minecraft:dirt":486,"minecraft:spyglass":43,"minecraft:light_blue_dye":1,"minecraft:white_carpet":4,"minecraft:spruce_stairs":458,"minecraft:crimson_hyphae":22,"minecraft:yellow_carpet":18,"minecraft:spruce_fence":3,"minecraft:pink_dye":1,"minecraft:granite":25,"minecraft:blue_concrete":166,"minecraft:polished_diorite":16,"minecraft:music_disc_mellohi":1,"minecraft:stone_brick_slab":7,"minecraft:wooden_axe":16,"minecraft:dark_oak_planks":269,"minecraft:sea_lantern":2,"minecraft:iron_block":55,"minecraft:oak_stairs":202,"minecraft:polished_deepslate_wall":4,"minecraft:jungle_log":95,"minecraft:chicken_spawn_egg":81,"minecraft:smooth_quartz":14617,"minecraft:lime_dye":2,"minecraft:barrel":51,"minecraft:purple_concrete":721,"minecraft:glowstone":1152,"minecraft:lime_concrete":1909,"minecraft:black_stained_glass":209,"minecraft:tall_grass":1,"minecraft:emerald_block":28,"minecraft:lime_stained_glass":1,"minecraft:oxidized_copper":33,"minecraft:salmon_spawn_egg":1,"minecraft:white_stained_glass_pane":12,"minecraft:podzol":123,"minecraft:minecart":1,"minecraft:cooked_beef":5,"minecraft:cobbled_deepslate":1158,"minecraft:observer":7,"minecraft:orange_terracotta":38,"minecraft:enchanted_golden_apple":6,"minecraft:calcite":27,"minecraft:water_bucket":52,"minecraft:warped_stem":24,"minecraft:light_blue_glazed_terracotta":5,"minecraft:dirt_path":340,"minecraft:pink_glazed_terracotta":12,"minecraft:prismarine_brick_slab":20,"minecraft:birch_planks":483,"minecraft:polished_andesite":675,"minecraft:baked_potato":8,"minecraft:red_nether_bricks":388,"minecraft:blue_wool":1,"minecraft:copper_block":40,"minecraft:purple_glazed_terracotta":2,"minecraft:red_mushroom_block":38,"minecraft:spruce_sign":72,"minecraft:glow_ink_sac":146,"minecraft:white_dye":68,"minecraft:green_bed":120,"minecraft:beacon":138,"minecraft:red_glazed_terracotta":81,"minecraft:leather_boots":1,"minecraft:deepslate_bricks":4637,"minecraft:polished_blackstone_bricks":93,"minecraft:pink_concrete":110,"minecraft:glow_item_frame":4,"minecraft:polished_blackstone_pressure_plate":77,"minecraft:polished_deepslate_slab":281,"minecraft:diamond_block":34,"minecraft:lime_terracotta":5,"minecraft:rail":4,"minecraft:music_disc_cat":1,"minecraft:tnt":80,"minecraft:oak_slab":34,"minecraft:crafting_table":3,"minecraft:red_bed":38,"minecraft:sculk_shrieker":276,"minecraft:campfire":26,"minecraft:white_bed":46,"minecraft:polar_bear_spawn_egg":2,"minecraft:painting":14,"minecraft:infested_stone_bricks":124,"minecraft:music_disc_strad":1,"minecraft:dark_oak_door":12,"minecraft:oak_log":81,"minecraft:purple_stained_glass":496,"minecraft:blue_stained_glass_pane":28,"minecraft:wooden_hoe":85,"minecraft:flower_pot":3,"minecraft:light":287,"minecraft:black_wool":130,"minecraft:diamond_shovel":4,"minecraft:command_block":36,"minecraft:pig_spawn_egg":54,"minecraft:cyan_concrete":161,"minecraft:purpur_slab":96,"minecraft:spruce_trapdoor":26,"minecraft:spruce_sapling":9,"minecraft:purple_dye":1,"minecraft:music_disc_blocks":1,"minecraft:crimson_nylium":29,"minecraft:cobblestone":187,"minecraft:potion":5,"minecraft:purple_bed":24,"minecraft:cyan_stained_glass_pane":6,"minecraft:red_concrete_powder":34,"minecraft:bucket":8,"minecraft:glass_pane":51,"minecraft:black_candle":41,"minecraft:yellow_bed":1,"minecraft:end_portal_frame":8,"minecraft:sea_pickle":9,"minecraft:stripped_oak_log":34,"minecraft:jukebox":29,"minecraft:sculk_vein":2,"minecraft:sculk_catalyst":37,"minecraft:smooth_stone":1,"minecraft:splash_potion":4,"minecraft:birch_stairs":62},"minecraft:killed_by":{"minecraft:player":47,"minecraft:warden":16},"minecraft:custom":{"minecraft:interact_with_crafting_table":4,"minecraft:open_barrel":56,"minecraft:open_shulker_box":5,"minecraft:leave_game":135,"minecraft:time_since_death":248854,"minecraft:damage_resisted":37386,"minecraft:sprint_one_cm":4342526,"minecraft:drop":340,"minecraft:talked_to_villager":3,"minecraft:play_time":6460798,"minecraft:deaths":248,"minecraft:jump":27324,"minecraft:walk_on_water_one_cm":63526,"minecraft:interact_with_furnace":4,"minecraft:play_record":197,"minecraft:interact_with_loom":4,"minecraft:sleep_in_bed":7,"minecraft:open_enderchest":8,"minecraft:damage_dealt":19089,"minecraft:interact_with_beacon":6,"minecraft:player_kills":6,"minecraft:crouch_one_cm":256204,"minecraft:inspect_dispenser":17,"minecraft:inspect_dropper":1,"minecraft:interact_with_anvil":9,"minecraft:mob_kills":77,"minecraft:climb_one_cm":61448,"minecraft:walk_one_cm":10349917,"minecraft:damage_dealt_absorbed":8,"minecraft:target_hit":30,"minecraft:sneak_time":203410,"minecraft:walk_under_water_one_cm":28363,"minecraft:interact_with_blast_furnace":2,"minecraft:total_world_time":6460798,"minecraft:tune_noteblock":92,"minecraft:pot_flower":1,"minecraft:time_since_rest":196591,"minecraft:damage_absorbed":119,"minecraft:damage_taken":58607,"minecraft:trigger_trapped_chest":2,"minecraft:minecart_one_cm":370,"minecraft:swim_one_cm":21490,"minecraft:fly_one_cm":68112337,"minecraft:open_chest":251,"minecraft:aviate_one_cm":3560875,"minecraft:fall_one_cm":293413},"minecraft:crafted":{"minecraft:leather_chestplate":3,"minecraft:leather_leggings":3,"minecraft:leather_boots":3,"minecraft:leather_helmet":3},"minecraft:dropped":{"minecraft:dark_oak_stairs":1,"minecraft:cooked_beef":8,"minecraft:baked_potato":145,"minecraft:dark_oak_sapling":1,"minecraft:crossbow":3,"minecraft:leather":2,"minecraft:prismarine_brick_stairs":2,"minecraft:elytra":1,"minecraft:leather_helmet":3,"minecraft:dirt":18,"minecraft:dark_oak_fence":2,"minecraft:jungle_sapling":1,"minecraft:amethyst_shard":3,"minecraft:wooden_sword":2,"minecraft:bone_meal":3,"minecraft:black_concrete":2,"minecraft:dark_oak_planks":1,"minecraft:blackstone":1,"minecraft:lever":2,"minecraft:tinted_glass":1,"minecraft:wheat":1,"minecraft:rotten_flesh":192,"minecraft:oak_planks":1,"minecraft:enchanted_golden_apple":2,"minecraft:leather_chestplate":2,"minecraft:leather_boots":3,"minecraft:acacia_sapling":1,"minecraft:leather_leggings":2,"minecraft:painting":1,"minecraft:arrow":1,"minecraft:podzol":1,"minecraft:white_concrete_powder":1,"minecraft:written_book":30,"minecraft:firework_rocket":20,"minecraft:water_bucket":1,"minecraft:orange_shulker_box":10,"minecraft:wheat_seeds":4,"minecraft:polished_blackstone":3,"minecraft:diamond_leggings":3,"minecraft:barrier":1,"minecraft:music_disc_pigstep":20,"minecraft:stick":2,"minecraft:cobweb":3,"minecraft:wooden_hoe":2,"minecraft:wooden_axe":3,"minecraft:white_concrete":1,"minecraft:smooth_quartz":5,"minecraft:diamond_helmet":3,"minecraft:potion":1,"minecraft:oak_stairs":1,"minecraft:spruce_sapling":1,"minecraft:farmland":1,"minecraft:red_concrete":3,"minecraft:polished_deepslate_slab":1,"minecraft:purple_stained_glass":2,"minecraft:deepslate_bricks":5,"minecraft:potato":4,"minecraft:black_concrete_powder":1,"minecraft:diamond_chestplate":2,"minecraft:carved_pumpkin":32,"minecraft:stone_pressure_plate":14,"minecraft:diamond_boots":2,"minecraft:slime_ball":2,"minecraft:bow":2},"minecraft:mined":{"minecraft:grass_block":1,"minecraft:white_stained_glass_pane":1,"minecraft:spruce_sign":1,"minecraft:tnt":3,"minecraft:vine":4,"minecraft:black_wool":1},"minecraft:killed":{"minecraft:wither":1,"minecraft:chicken":23,"minecraft:pig":24,"minecraft:iron_golem":1,"minecraft:ender_dragon":1,"minecraft:cow":32,"minecraft:warden":3,"minecraft:villager":2},"minecraft:picked_up":{"minecraft:wooden_axe":3,"minecraft:wheat":6,"minecraft:music_disc_strad":1,"minecraft:black_carpet":1,"minecraft:oak_stairs":1,"minecraft:wither_rose":19,"minecraft:potion":1,"minecraft:light":129,"minecraft:music_disc_cat":1,"minecraft:string":2,"minecraft:beetroot_soup":6,"minecraft:sculk_shrieker":1,"minecraft:oak_sign":10,"minecraft:beetroot":4,"minecraft:sea_pickle":2,"minecraft:diamond_leggings":1,"minecraft:bucket":39,"minecraft:spruce_planks":80,"minecraft:redstone_torch":1,"minecraft:written_book":3,"minecraft:smooth_quartz":5,"minecraft:enchanted_golden_apple":63,"minecraft:dark_oak_door":243,"minecraft:stick":1,"minecraft:orange_shulker_box":11,"minecraft:music_disc_blocks":1,"minecraft:spruce_stairs":12,"minecraft:oak_fence":6,"minecraft:torch":2,"minecraft:green_bed":65,"minecraft:porkchop":33,"minecraft:music_disc_pigstep":173,"minecraft:gray_shulker_box":1,"minecraft:command_block":1,"minecraft:rotten_flesh":970,"minecraft:music_disc_ward":1,"minecraft:carved_pumpkin":207,"minecraft:glowstone":1,"minecraft:green_wool":1,"minecraft:music_disc_wait":1,"minecraft:cobblestone":256,"minecraft:barrier":2,"minecraft:feather":15,"minecraft:cooked_beef":38,"minecraft:iron_door":5,"minecraft:black_bed":6,"minecraft:brown_wool":1,"minecraft:potato":4,"minecraft:purple_stained_glass":1,"minecraft:dirt":278,"minecraft:lantern":4,"minecraft:leather_boots":1,"minecraft:bow":2,"minecraft:wheat_seeds":21,"minecraft:bell":1,"minecraft:diamond_helmet":2,"minecraft:bamboo":9,"minecraft:oak_planks":1,"minecraft:music_disc_13":23,"minecraft:oak_pressure_plate":1,"minecraft:sand":1,"minecraft:dead_bush":1,"minecraft:shulker_box":1,"minecraft:polished_andesite":8,"minecraft:black_concrete":5,"minecraft:lever":8,"minecraft:crossbow":2,"minecraft:bone_meal":4,"minecraft:white_concrete":1,"minecraft:spruce_sign":20,"minecraft:dark_oak_fence":2,"minecraft:mangrove_button":1,"minecraft:music_disc_5":23,"minecraft:azure_bluet":1,"minecraft:chicken":4,"minecraft:gold_block":64,"minecraft:acacia_button":102,"minecraft:heavy_weighted_pressure_plate":1,"minecraft:cornflower":2,"minecraft:red_bed":3,"minecraft:wooden_sword":2,"minecraft:item_frame":20,"minecraft:blackstone":1,"minecraft:music_disc_otherside":1,"minecraft:beef":17,"minecraft:player_head":12,"minecraft:poppy":1,"minecraft:spruce_slab":16,"minecraft:lectern":193,"minecraft:tinted_glass":1,"minecraft:egg":10,"minecraft:dark_oak_sapling":102,"minecraft:music_disc_mellohi":1,"minecraft:recovery_compass":1,"minecraft:stone_button":6,"minecraft:music_disc_11":1,"minecraft:redstone":51,"minecraft:stone_pressure_plate":98,"minecraft:dark_oak_planks":1,"minecraft:tnt":2,"minecraft:arrow":32,"minecraft:diamond_chestplate":1,"minecraft:shears":1,"minecraft:deepslate_bricks":3,"minecraft:polished_blackstone":3,"minecraft:mutton":1,"minecraft:rail":1,"minecraft:oxeye_daisy":2,"minecraft:leather":24,"minecraft:music_disc_stal":1,"minecraft:filled_map":1,"minecraft:birch_planks":3,"minecraft:wooden_hoe":4,"minecraft:iron_ingot":3,"minecraft:music_disc_far":1,"minecraft:cooked_chicken":6,"minecraft:cobweb":3,"minecraft:gray_bed":2,"minecraft:dark_oak_stairs":1,"minecraft:purple_concrete":1,"minecraft:sculk_catalyst":6,"minecraft:scaffolding":1,"minecraft:prismarine_brick_stairs":1,"minecraft:red_wool":11,"minecraft:dandelion":12,"minecraft:lava_bucket":16,"minecraft:amethyst_shard":2,"minecraft:white_bed":4,"minecraft:spruce_log":1,"minecraft:firework_rocket":20,"minecraft:music_disc_mall":1,"minecraft:slime_ball":2,"minecraft:painting":5,"minecraft:oak_button":102,"minecraft:red_concrete":3,"minecraft:brown_banner":1,"minecraft:black_wool":69,"minecraft:ender_pearl":1}},"DataVersion":3120}