{"stats":{"minecraft:custom":{"minecraft:time_since_rest":4212,"minecraft:crouch_one_cm":80973,"minecraft:play_time":198513,"minecraft:sprint_one_cm":249988,"minecraft:damage_taken":60,"minecraft:walk_one_cm":542111,"minecraft:sneak_time":11898,"minecraft:drop":7,"minecraft:jump":720,"minecraft:damage_dealt":18,"minecraft:leave_game":2,"minecraft:time_since_death":198513,"minecraft:climb_one_cm":1668,"minecraft:total_world_time":198513,"minecraft:swim_one_cm":1266,"minecraft:fly_one_cm":163776,"minecraft:fall_one_cm":14752},"minecraft:dropped":{"minecraft:glass_bottle":1,"minecraft:item_frame":5,"minecraft:light":1},"minecraft:picked_up":{"minecraft:item_frame":5,"minecraft:apple":1,"minecraft:crossbow":1,"minecraft:player_head":66,"minecraft:glass_bottle":1}},"DataVersion":3120}