{"stats":{"minecraft:used":{"minecraft:writable_book":3,"minecraft:written_book":1},"minecraft:custom":{"minecraft:open_barrel":28,"minecraft:time_since_rest":1177,"minecraft:play_time":220565,"minecraft:crouch_one_cm":130267,"minecraft:sprint_one_cm":375204,"minecraft:damage_taken":65,"minecraft:walk_one_cm":528620,"minecraft:sneak_time":30277,"minecraft:walk_under_water_one_cm":236,"minecraft:drop":46,"minecraft:jump":3464,"minecraft:damage_dealt":531,"minecraft:leave_game":2,"minecraft:time_since_death":220565,"minecraft:total_world_time":220565,"minecraft:climb_one_cm":12741,"minecraft:swim_one_cm":6847,"minecraft:fall_one_cm":43308,"minecraft:fly_one_cm":524503,"minecraft:open_chest":1},"minecraft:dropped":{"minecraft:carved_pumpkin":1,"minecraft:leather_leggings":1,"minecraft:leather_chestplate":2,"minecraft:observer":6,"minecraft:player_head":45,"minecraft:paper":2,"minecraft:written_book":1,"minecraft:leather_boots":1,"minecraft:item_frame":1,"minecraft:light":1},"minecraft:picked_up":{"minecraft:item_frame":2,"minecraft:repeater":1,"minecraft:command_block":1,"minecraft:tnt_minecart":1,"minecraft:writable_book":1,"minecraft:iron_ingot":1,"minecraft:carved_pumpkin":62,"minecraft:lightning_rod":1,"minecraft:player_head":48,"minecraft:observer":6,"minecraft:light":2,"minecraft:paper":2}},"DataVersion":3120}