{"stats":{"minecraft:used":{"minecraft:writable_book":6,"minecraft:written_book":12},"minecraft:killed_by":{"minecraft:player":2},"minecraft:custom":{"minecraft:open_barrel":9,"minecraft:time_since_rest":16985,"minecraft:open_chest":5,"minecraft:crouch_one_cm":50885,"minecraft:play_time":196200,"minecraft:sprint_one_cm":332284,"minecraft:walk_one_cm":531793,"minecraft:damage_taken":442,"minecraft:deaths":2,"minecraft:sneak_time":14632,"minecraft:drop":35,"minecraft:jump":1847,"minecraft:damage_dealt":0,"minecraft:leave_game":1,"minecraft:time_since_death":16965,"minecraft:total_world_time":196200,"minecraft:climb_one_cm":1600,"minecraft:swim_one_cm":15610,"minecraft:fall_one_cm":21726,"minecraft:fly_one_cm":335773},"minecraft:dropped":{"minecraft:bread":7,"minecraft:potato":2,"minecraft:writable_book":4,"minecraft:apple":8,"minecraft:player_head":13,"minecraft:paper":1},"minecraft:picked_up":{"minecraft:rotten_flesh":2,"minecraft:leather_chestplate":1,"minecraft:repeater":1,"minecraft:daylight_detector":1,"minecraft:apple":1,"minecraft:writable_book":3,"minecraft:written_book":1,"minecraft:player_head":57,"minecraft:glass_bottle":1,"minecraft:light":2,"minecraft:snowball":1,"minecraft:piston":1,"minecraft:hopper":1,"minecraft:paper":1}},"DataVersion":3120}