{"stats":{"minecraft:killed_by":{"minecraft:player":1},"minecraft:killed":{"minecraft:pig":1},"minecraft:picked_up":{"minecraft:wheat":63,"minecraft:milk_bucket":2,"minecraft:leather_leggings":1,"minecraft:potato":69,"minecraft:lava_bucket":1,"minecraft:light":1,"minecraft:wooden_hoe":3,"minecraft:item_frame":4,"minecraft:experience_bottle":1,"minecraft:bow":1,"minecraft:wheat_seeds":230,"minecraft:bucket":1,"minecraft:written_book":1,"minecraft:player_head":42,"minecraft:skeleton_skull":2},"minecraft:used":{"minecraft:wooden_hoe":70,"minecraft:black_wool":1,"minecraft:bow":11,"minecraft:written_book":1,"minecraft:experience_bottle":1,"minecraft:milk_bucket":1},"minecraft:dropped":{"minecraft:leather_chestplate":1,"minecraft:wheat_seeds":13,"minecraft:player_head":38,"minecraft:wooden_hoe":3,"minecraft:skeleton_skull":1,"minecraft:wheat":5,"minecraft:leather_leggings":1,"minecraft:red_wool":2,"minecraft:arrow":1,"minecraft:bow":1,"minecraft:written_book":1,"minecraft:bucket":2,"minecraft:black_wool":1,"minecraft:item_frame":4,"minecraft:light":1},"minecraft:custom":{"minecraft:time_since_rest":72,"minecraft:interact_with_furnace":4,"minecraft:sprint_one_cm":1381530,"minecraft:damage_taken":1684,"minecraft:walk_one_cm":1547730,"minecraft:drop":64,"minecraft:inspect_hopper":2,"minecraft:damage_dealt":704,"minecraft:swim_one_cm":37933,"minecraft:interact_with_crafting_table":2,"minecraft:tune_noteblock":2,"minecraft:fly_one_cm":1424929,"minecraft:open_barrel":29,"minecraft:open_chest":8,"minecraft:crouch_one_cm":151560,"minecraft:play_time":710162,"minecraft:deaths":1,"minecraft:sneak_time":48484,"minecraft:walk_under_water_one_cm":219,"minecraft:jump":6299,"minecraft:walk_on_water_one_cm":882,"minecraft:leave_game":4,"minecraft:time_since_death":50,"minecraft:climb_one_cm":9459,"minecraft:interact_with_smoker":2,"minecraft:total_world_time":710162,"minecraft:damage_resisted":6360,"minecraft:fall_one_cm":67280}},"DataVersion":3120}