{"stats":{"minecraft:killed_by":{"minecraft:player":1},"minecraft:picked_up":{"minecraft:leather_chestplate":3,"minecraft:wheat":15,"minecraft:arrow":70,"minecraft:bow":1,"minecraft:wheat_seeds":38,"minecraft:potato":1,"minecraft:written_book":2},"minecraft:used":{"minecraft:wooden_hoe":111,"minecraft:bow":34,"minecraft:written_book":23,"minecraft:golden_axe":17},"minecraft:dropped":{"minecraft:wheat_seeds":7,"minecraft:written_book":2,"minecraft:light":1,"minecraft:leather_chestplate":1},"minecraft:custom":{"minecraft:open_barrel":12,"minecraft:time_since_rest":67427,"minecraft:open_chest":3,"minecraft:inspect_dropper":1,"minecraft:interact_with_furnace":1,"minecraft:crouch_one_cm":115978,"minecraft:play_time":662432,"minecraft:sprint_one_cm":2183029,"minecraft:damage_taken":2907,"minecraft:walk_one_cm":2144493,"minecraft:deaths":2,"minecraft:sneak_time":46136,"minecraft:walk_under_water_one_cm":1058,"minecraft:interact_with_anvil":1,"minecraft:drop":11,"minecraft:jump":7356,"minecraft:inspect_hopper":2,"minecraft:damage_dealt":1295,"minecraft:leave_game":13,"minecraft:walk_on_water_one_cm":948,"minecraft:time_since_death":234365,"minecraft:climb_one_cm":5855,"minecraft:interact_with_smoker":1,"minecraft:total_world_time":662432,"minecraft:damage_resisted":70929,"minecraft:interact_with_crafting_table":3,"minecraft:swim_one_cm":18023,"minecraft:target_hit":4,"minecraft:fall_one_cm":101927,"minecraft:fly_one_cm":1691390,"minecraft:player_kills":1}},"DataVersion":3120}