{"stats":{"minecraft:killed_by":{"minecraft:player":2},"minecraft:picked_up":{"minecraft:wheat":8,"minecraft:wheat_seeds":10,"minecraft:potato":28,"minecraft:written_book":1,"minecraft:light":1},"minecraft:used":{"minecraft:wooden_hoe":69,"minecraft:written_book":1},"minecraft:dropped":{"minecraft:wooden_sword":1,"minecraft:potato":28,"minecraft:wheat_seeds":10,"minecraft:dragon_egg":1,"minecraft:written_book":1,"minecraft:wheat":6,"minecraft:light":1},"minecraft:custom":{"minecraft:open_barrel":31,"minecraft:time_since_rest":35,"minecraft:open_chest":5,"minecraft:interact_with_furnace":1,"minecraft:crouch_one_cm":50808,"minecraft:play_time":432059,"minecraft:sprint_one_cm":898831,"minecraft:damage_taken":5198,"minecraft:walk_one_cm":1191471,"minecraft:deaths":13,"minecraft:sneak_time":25608,"minecraft:walk_under_water_one_cm":663,"minecraft:drop":7,"minecraft:jump":3790,"minecraft:damage_dealt":590,"minecraft:leave_game":7,"minecraft:walk_on_water_one_cm":970,"minecraft:time_since_death":15,"minecraft:interact_with_smoker":4,"minecraft:climb_one_cm":10912,"minecraft:total_world_time":432059,"minecraft:swim_one_cm":43644,"minecraft:fall_one_cm":122403,"minecraft:fly_one_cm":869524,"minecraft:player_kills":2}},"DataVersion":3120}