{"stats":{"minecraft:killed":{"minecraft:cow":1},"minecraft:picked_up":{"minecraft:wheat":5,"minecraft:cooked_beef":3,"minecraft:leather":1,"minecraft:light":1,"minecraft:orange_concrete":1,"minecraft:item_frame":4,"minecraft:bow":2,"minecraft:wheat_seeds":14,"minecraft:black_shulker_box":12,"minecraft:iron_ingot":1,"minecraft:beef":1,"minecraft:written_book":4,"minecraft:player_head":4,"minecraft:enchanted_golden_apple":1,"minecraft:deepslate_tile_wall":64,"minecraft:book":1,"minecraft:tipped_arrow":1,"minecraft:chain_command_block":2,"minecraft:sculk":2,"minecraft:red_wool":1,"minecraft:dragon_egg":1,"minecraft:dark_oak_planks":1,"minecraft:firework_rocket":64,"minecraft:command_block":1,"minecraft:golden_hoe":1,"minecraft:lever":3,"minecraft:deepslate_bricks":3,"minecraft:crossbow":2,"minecraft:black_wool":12,"minecraft:red_concrete":1},"minecraft:mined":{"minecraft:black_shulker_box":1,"minecraft:lever":4,"minecraft:tall_grass":2},"minecraft:used":{"minecraft:water_bucket":1,"minecraft:orange_concrete":1,"minecraft:red_concrete":2,"minecraft:carved_pumpkin":1,"minecraft:spruce_slab":1,"minecraft:red_stained_glass":10,"minecraft:polished_blackstone":2,"minecraft:redstone":1,"minecraft:polished_andesite":4,"minecraft:oak_sign":2,"minecraft:sandstone":1,"minecraft:black_shulker_box":11,"minecraft:quartz_stairs":2,"minecraft:player_head":1,"minecraft:deepslate_bricks":2,"minecraft:polished_blackstone_pressure_plate":8,"minecraft:dirt":1,"minecraft:crossbow":91,"minecraft:light_blue_stained_glass":7,"minecraft:snowball":144,"minecraft:glass":4,"minecraft:dark_oak_planks":1,"minecraft:lever":15,"minecraft:light":3,"minecraft:black_wool":53,"minecraft:black_concrete":10,"minecraft:firework_rocket":164,"minecraft:bricks":3,"minecraft:villager_spawn_egg":1,"minecraft:red_wool":2,"minecraft:grass_block":2,"minecraft:barrier":11,"minecraft:cyan_concrete":3,"minecraft:iron_door":4,"minecraft:purple_concrete":13,"minecraft:fishing_rod":43,"minecraft:wooden_sword":10,"minecraft:golden_carrot":6,"minecraft:bow":60,"minecraft:written_book":58,"minecraft:tall_grass":7,"minecraft:oak_boat":1,"minecraft:cooked_beef":3,"minecraft:smooth_stone":1,"minecraft:splash_potion":147},"minecraft:dropped":{"minecraft:red_concrete":1,"minecraft:cooked_beef":1,"minecraft:player_head":4,"minecraft:crossbow":2,"minecraft:deepslate_bricks":3,"minecraft:leather_chestplate":1,"minecraft:sculk":2,"minecraft:leather_boots":1,"minecraft:leather_leggings":1,"minecraft:black_shulker_box":1,"minecraft:bow":1,"minecraft:arrow":4,"minecraft:dark_oak_planks":1,"minecraft:written_book":3,"minecraft:black_wool":4},"minecraft:custom":{"minecraft:interact_with_furnace":1,"minecraft:mob_kills":2,"minecraft:open_barrel":9,"minecraft:open_shulker_box":18,"minecraft:leave_game":12,"minecraft:time_since_death":1050712,"minecraft:climb_one_cm":3533,"minecraft:damage_resisted":31275,"minecraft:time_since_rest":1050712,"minecraft:open_enderchest":5,"minecraft:sprint_one_cm":900853,"minecraft:damage_taken":10,"minecraft:walk_one_cm":2950075,"minecraft:drop":30,"minecraft:damage_dealt":316,"minecraft:swim_one_cm":1583,"minecraft:fly_one_cm":4641726,"minecraft:target_hit":2,"minecraft:player_kills":3,"minecraft:open_chest":6,"minecraft:crouch_one_cm":13302,"minecraft:play_time":1050712,"minecraft:sneak_time":11222,"minecraft:walk_under_water_one_cm":15937,"minecraft:boat_one_cm":36576,"minecraft:jump":3450,"minecraft:walk_on_water_one_cm":15016,"minecraft:total_world_time":1050712,"minecraft:fall_one_cm":4761}},"DataVersion":3120}