{"stats":{"minecraft:picked_up":{"minecraft:wheat":8,"minecraft:wheat_seeds":44,"minecraft:potato":1,"minecraft:painting":3,"minecraft:dragon_egg":2},"minecraft:used":{"minecraft:wooden_hoe":72},"minecraft:dropped":{"minecraft:painting":2,"minecraft:wheat_seeds":44,"minecraft:player_head":1,"minecraft:dragon_egg":3,"minecraft:wheat":8},"minecraft:custom":{"minecraft:open_barrel":29,"minecraft:open_chest":1,"minecraft:time_since_rest":91,"minecraft:deaths":3,"minecraft:crouch_one_cm":152525,"minecraft:play_time":358191,"minecraft:sprint_one_cm":673608,"minecraft:damage_taken":2652,"minecraft:walk_one_cm":1061642,"minecraft:sneak_time":35370,"minecraft:walk_under_water_one_cm":5569,"minecraft:drop":19,"minecraft:jump":4348,"minecraft:damage_dealt":485,"minecraft:leave_game":4,"minecraft:walk_on_water_one_cm":3745,"minecraft:time_since_death":69,"minecraft:climb_one_cm":4233,"minecraft:total_world_time":358191,"minecraft:swim_one_cm":70206,"minecraft:fall_one_cm":64808,"minecraft:fly_one_cm":1006364}},"DataVersion":3120}