{"stats":{"minecraft:killed_by":{"minecraft:player":1},"minecraft:picked_up":{"minecraft:leather_chestplate":1,"minecraft:wheat":12,"minecraft:leather_boots":1,"minecraft:leather_leggings":1,"minecraft:wheat_seeds":150,"minecraft:bucket":6,"minecraft:wooden_hoe":1},"minecraft:used":{"minecraft:wooden_hoe":1,"minecraft:leather_leggings":1,"minecraft:leather_chestplate":1,"minecraft:leather_boots":1},"minecraft:dropped":{"minecraft:wheat_seeds":150,"minecraft:wooden_hoe":1,"minecraft:bucket":2,"minecraft:wheat":12},"minecraft:custom":{"minecraft:open_barrel":17,"minecraft:time_since_rest":8717,"minecraft:open_chest":4,"minecraft:deaths":1,"minecraft:interact_with_furnace":1,"minecraft:play_time":417687,"minecraft:crouch_one_cm":103095,"minecraft:sprint_one_cm":866043,"minecraft:damage_taken":541,"minecraft:walk_one_cm":1606809,"minecraft:sneak_time":31445,"minecraft:walk_under_water_one_cm":7364,"minecraft:drop":40,"minecraft:jump":2875,"minecraft:damage_dealt":30,"minecraft:leave_game":7,"minecraft:walk_on_water_one_cm":5474,"minecraft:time_since_death":8697,"minecraft:climb_one_cm":72360,"minecraft:total_world_time":417687,"minecraft:interact_with_crafting_table":1,"minecraft:swim_one_cm":114507,"minecraft:fall_one_cm":63671,"minecraft:fly_one_cm":610465,"minecraft:inspect_dispenser":7}},"DataVersion":3120}