{"stats":{"minecraft:killed":{"minecraft:cow":1},"minecraft:picked_up":{"minecraft:barrier":1,"minecraft:golden_pickaxe":1,"minecraft:leather_leggings":1,"minecraft:red_wool":4,"minecraft:orange_concrete":1,"minecraft:firework_rocket":64,"minecraft:polished_blackstone_pressure_plate":2,"minecraft:black_shulker_box":4,"minecraft:beef":1,"minecraft:crossbow":6,"minecraft:oak_boat":1,"minecraft:written_book":1,"minecraft:black_wool":24},"minecraft:mined":{"minecraft:black_shulker_box":2},"minecraft:used":{"minecraft:glass":2,"minecraft:black_wool":9,"minecraft:lava_bucket":2,"minecraft:firework_rocket":61,"minecraft:orange_concrete":10,"minecraft:barrier":9,"minecraft:black_shulker_box":4,"minecraft:wooden_sword":15,"minecraft:bow":2,"minecraft:written_book":67,"minecraft:crossbow":100,"minecraft:oak_boat":12,"minecraft:snowball":50,"minecraft:golden_pickaxe":2},"minecraft:dropped":{"minecraft:leather_chestplate":1,"minecraft:leather_boots":1,"minecraft:crossbow":5,"minecraft:leather_leggings":2},"minecraft:custom":{"minecraft:time_since_rest":526743,"minecraft:sprint_one_cm":418804,"minecraft:open_enderchest":1,"minecraft:walk_one_cm":1303010,"minecraft:mob_kills":1,"minecraft:drop":9,"minecraft:damage_dealt":446,"minecraft:damage_dealt_absorbed":47,"minecraft:fly_one_cm":2325172,"minecraft:target_hit":9,"minecraft:player_kills":1,"minecraft:open_chest":1,"minecraft:crouch_one_cm":7139,"minecraft:play_time":526743,"minecraft:open_shulker_box":4,"minecraft:sneak_time":6583,"minecraft:boat_one_cm":35271,"minecraft:jump":2372,"minecraft:walk_on_water_one_cm":736,"minecraft:leave_game":4,"minecraft:time_since_death":526743,"minecraft:climb_one_cm":1143,"minecraft:total_world_time":526743}},"DataVersion":3120}