{"stats":{"minecraft:killed_by":{"minecraft:player":2},"minecraft:picked_up":{"minecraft:book":1,"minecraft:wheat":42,"minecraft:chain_command_block":2,"minecraft:leather_chestplate":1,"minecraft:potato":43,"minecraft:music_disc_pigstep":1,"minecraft:light":1,"minecraft:wooden_sword":1,"minecraft:arrow":64,"minecraft:rotten_flesh":15,"minecraft:command_block":2,"minecraft:bow":2,"minecraft:wheat_seeds":53,"minecraft:lever":1,"minecraft:red_tulip":14,"minecraft:iron_ingot":1,"minecraft:carved_pumpkin":1,"minecraft:painting":1,"minecraft:written_book":6,"minecraft:player_head":26,"minecraft:observer":4,"minecraft:deepslate_tile_wall":64},"minecraft:used":{"minecraft:wooden_hoe":86,"minecraft:wooden_sword":59,"minecraft:bow":52,"minecraft:written_book":9},"minecraft:broken":{"minecraft:wooden_sword":1},"minecraft:dropped":{"minecraft:iron_ingot":1,"minecraft:potato":6,"minecraft:wheat_seeds":5,"minecraft:lever":1,"minecraft:player_head":24,"minecraft:wheat":16,"minecraft:carved_pumpkin":1,"minecraft:rotten_flesh":15,"minecraft:book":1,"minecraft:deepslate_tile_wall":64,"minecraft:painting":1,"minecraft:observer":3,"minecraft:bow":1,"minecraft:command_block":2,"minecraft:red_tulip":14,"minecraft:chain_command_block":2,"minecraft:written_book":6,"minecraft:light":1},"minecraft:custom":{"minecraft:time_since_rest":1714,"minecraft:walk_one_cm":1569126,"minecraft:sprint_one_cm":1753523,"minecraft:damage_taken":1968,"minecraft:drop":88,"minecraft:damage_dealt":3174,"minecraft:swim_one_cm":36767,"minecraft:target_hit":3,"minecraft:fly_one_cm":1074806,"minecraft:player_kills":4,"minecraft:open_barrel":47,"minecraft:open_chest":1,"minecraft:crouch_one_cm":267925,"minecraft:play_time":675937,"minecraft:deaths":2,"minecraft:sneak_time":89665,"minecraft:walk_under_water_one_cm":984,"minecraft:jump":4724,"minecraft:walk_on_water_one_cm":312,"minecraft:leave_game":5,"minecraft:time_since_death":1694,"minecraft:damage_resisted":24164,"minecraft:climb_one_cm":35167,"minecraft:total_world_time":675937,"minecraft:fall_one_cm":79789}},"DataVersion":3120}