{"stats":{"minecraft:crafted":{"minecraft:leather_chestplate":5,"minecraft:leather_leggings":5,"minecraft:leather_boots":5,"minecraft:leather_helmet":3},"minecraft:killed_by":{"minecraft:player":22,"minecraft:warden":6},"minecraft:killed":{"minecraft:tadpole":96,"minecraft:chicken":8,"minecraft:pig":1,"minecraft:cow":2,"minecraft:panda":2,"minecraft:warden":1,"minecraft:villager":3},"minecraft:mined":{"minecraft:fire":1,"minecraft:lever":1},"minecraft:picked_up":{"minecraft:wooden_axe":1,"minecraft:chiseled_deepslate":1,"minecraft:wheat":2,"minecraft:lead":3,"minecraft:light":4,"minecraft:polished_deepslate":1,"minecraft:music_disc_cat":1,"minecraft:string":4,"minecraft:oak_sign":42,"minecraft:black_shulker_box":14,"minecraft:comparator":1,"minecraft:bucket":2,"minecraft:written_book":7,"minecraft:redstone_torch":3,"minecraft:dark_oak_door":4,"minecraft:tipped_arrow":64,"minecraft:stick":2,"minecraft:music_disc_blocks":5,"minecraft:spruce_stairs":2,"minecraft:porkchop":2,"minecraft:target":21,"minecraft:music_disc_pigstep":8,"minecraft:lime_carpet":4,"minecraft:command_block":124,"minecraft:rotten_flesh":1,"minecraft:carved_pumpkin":38,"minecraft:glowstone":1,"minecraft:leather_chestplate":9,"minecraft:barrier":1,"minecraft:feather":10,"minecraft:repeater":5,"minecraft:iron_door":32,"minecraft:water_bucket":7,"minecraft:black_bed":2,"minecraft:potato":10,"minecraft:tadpole_spawn_egg":22,"minecraft:wither_skeleton_skull":1,"minecraft:map":2,"minecraft:dirt":120,"minecraft:lantern":29,"minecraft:name_tag":2,"minecraft:leather_boots":2,"minecraft:wheat_seeds":117,"minecraft:bell":1,"minecraft:light_blue_dye":1,"minecraft:netherite_axe":1,"minecraft:bamboo":1,"minecraft:oak_planks":709,"minecraft:debug_stick":1,"minecraft:music_disc_13":1,"minecraft:grass_block":2,"minecraft:dead_bush":1,"minecraft:shulker_box":49,"minecraft:polished_andesite":1,"minecraft:diamond":128,"minecraft:black_concrete":1,"minecraft:lever":39,"minecraft:polished_blackstone_button":3,"minecraft:crossbow":7,"minecraft:golden_apple":1,"minecraft:spruce_sign":4,"minecraft:emerald":5,"minecraft:bricks":3,"minecraft:spruce_leaves":2,"minecraft:azure_bluet":7,"minecraft:chicken":9,"minecraft:ladder":9,"minecraft:chest_minecart":2,"minecraft:leather_leggings":6,"minecraft:structure_block":2,"minecraft:gold_block":4,"minecraft:acacia_button":66,"minecraft:cornflower":9,"minecraft:moss_carpet":8,"minecraft:orange_concrete":3,"minecraft:flint_and_steel":1,"minecraft:item_frame":154,"minecraft:player_head":7,"minecraft:poppy":10,"minecraft:tinted_glass":1,"minecraft:chest":1,"minecraft:piston":1,"minecraft:egg":10,"minecraft:lime_wool":1,"minecraft:polished_deepslate_slab":2,"minecraft:glow_item_frame":7,"minecraft:fire_charge":55,"minecraft:stone_button":31,"minecraft:cookie":1,"minecraft:redstone":20,"minecraft:arrow":64,"minecraft:repeating_command_block":4,"minecraft:shears":1,"minecraft:black_banner":3,"minecraft:mutton":2,"minecraft:rail":2,"minecraft:skeleton_skull":1,"minecraft:white_wool":84,"minecraft:oxeye_daisy":10,"minecraft:birch_leaves":1,"minecraft:music_disc_stal":1,"minecraft:filled_map":375,"minecraft:yellow_bed":2,"minecraft:wooden_hoe":2,"minecraft:white_banner":1,"minecraft:apple":1,"minecraft:reinforced_deepslate":1,"minecraft:gray_bed":1,"minecraft:music_disc_chirp":1,"minecraft:sculk_catalyst":8,"minecraft:scaffolding":1,"minecraft:sculk":1,"minecraft:red_wool":10,"minecraft:dandelion":77,"minecraft:amethyst_shard":1,"minecraft:spruce_door":21,"minecraft:firework_rocket":63,"minecraft:oak_button":1,"minecraft:black_wool":94,"minecraft:netherite_hoe":1,"minecraft:ender_pearl":3},"minecraft:used":{"minecraft:moss_block":70,"minecraft:orange_dye":1,"minecraft:light_blue_banner":3,"minecraft:writable_book":2,"minecraft:red_sand":1,"minecraft:polished_deepslate":36,"minecraft:chiseled_deepslate":21,"minecraft:smooth_quartz_slab":5,"minecraft:dispenser":7,"minecraft:spruce_slab":3,"minecraft:polished_blackstone":207,"minecraft:poppy":1,"minecraft:ladder":10,"minecraft:mangrove_fence_gate":14,"minecraft:oak_sign":497,"minecraft:chest":13,"minecraft:shield":20,"minecraft:stone":157,"minecraft:zombie_spawn_egg":5,"minecraft:creeper_head":1,"minecraft:quartz_stairs":233,"minecraft:warped_sign":3,"minecraft:bell":1,"minecraft:player_head":10,"minecraft:tube_coral":1,"minecraft:waxed_weathered_cut_copper_stairs":214,"minecraft:green_terracotta":22,"minecraft:sculk_sensor":47,"minecraft:debug_stick":809,"minecraft:spruce_leaves":16,"minecraft:blue_stained_glass":1,"minecraft:brick_slab":4,"minecraft:prismarine_brick_stairs":234,"minecraft:orange_wool":1,"minecraft:deepslate_brick_slab":4,"minecraft:snowball":607,"minecraft:weeping_vines":8,"minecraft:stripped_spruce_log":224,"minecraft:milk_bucket":9,"minecraft:obsidian":158,"minecraft:warden_spawn_egg":10,"minecraft:polished_deepslate_stairs":6,"minecraft:jungle_sapling":15,"minecraft:glass":275,"minecraft:lava_bucket":12,"minecraft:stripped_dark_oak_wood":30,"minecraft:bricks":193,"minecraft:quartz_pillar":51,"minecraft:music_disc_pigstep":6,"minecraft:red_wool":5,"minecraft:quartz_slab":4,"minecraft:spruce_wood":43,"minecraft:lantern":16,"minecraft:grass_block":814,"minecraft:music_disc_ward":1,"minecraft:polished_andesite_stairs":95,"minecraft:quartz_block":53,"minecraft:warped_nylium":53,"minecraft:netherite_hoe":1,"minecraft:dark_oak_wood":3,"minecraft:dark_oak_leaves":7,"minecraft:dark_oak_slab":10,"minecraft:tropical_fish_spawn_egg":21,"minecraft:music_disc_wait":1,"minecraft:pink_wool":4,"minecraft:stone_brick_stairs":101,"minecraft:stone_bricks":50,"minecraft:blue_banner":1,"minecraft:item_frame":942,"minecraft:bedrock":4,"minecraft:repeater":134,"minecraft:redstone_lamp":2,"minecraft:snow":24,"minecraft:bow":261,"minecraft:warped_fungus":35,"minecraft:hay_block":25,"minecraft:written_book":530,"minecraft:scaffolding":8,"minecraft:gold_block":21,"minecraft:skeleton_skull":2,"minecraft:fire_coral_fan":1,"minecraft:seagrass":2,"minecraft:polished_blackstone_stairs":3,"minecraft:stripped_spruce_wood":8,"minecraft:dark_oak_sapling":13,"minecraft:deepslate_brick_wall":131,"minecraft:chiseled_polished_blackstone":2,"minecraft:dark_oak_stairs":38,"minecraft:tube_coral_fan":1,"minecraft:leather_leggings":1,"minecraft:spruce_door":52,"minecraft:dropper":5,"minecraft:wither_skeleton_skull":1,"minecraft:elder_guardian_spawn_egg":1,"minecraft:infested_stone":79,"minecraft:birch_leaves":2,"minecraft:acacia_trapdoor":6,"minecraft:dark_oak_sign":1,"minecraft:oak_planks":157,"minecraft:ender_pearl":4,"minecraft:leather_chestplate":2,"minecraft:redstone_block":7,"minecraft:smooth_quartz_stairs":18,"minecraft:oak_leaves":49,"minecraft:white_wool":12,"minecraft:golden_apple":2,"minecraft:dark_oak_trapdoor":62,"minecraft:blue_dye":1,"minecraft:sand":22,"minecraft:purpur_stairs":175,"minecraft:yellow_terracotta":47,"minecraft:light_blue_concrete":243,"minecraft:loom":3,"minecraft:waxed_weathered_cut_copper_slab":32,"minecraft:light_blue_wool":4,"minecraft:black_banner":8,"minecraft:cyan_dye":1,"minecraft:yellow_concrete":588,"minecraft:crossbow":515,"minecraft:sponge":3,"minecraft:blackstone_wall":1,"minecraft:stone_brick_wall":20,"minecraft:gray_concrete":17,"minecraft:deepslate_brick_stairs":133,"minecraft:creeper_spawn_egg":1,"minecraft:redstone_torch":6,"minecraft:sticky_piston":19,"minecraft:black_terracotta":1,"minecraft:lever":94,"minecraft:blue_glazed_terracotta":12,"minecraft:black_concrete":1290,"minecraft:firework_rocket":20,"minecraft:gray_stained_glass_pane":8,"minecraft:lime_carpet":2,"minecraft:music_disc_mall":1,"minecraft:barrier":961,"minecraft:string":10,"minecraft:stone_button":73,"minecraft:oak_pressure_plate":2,"minecraft:iron_door":28,"minecraft:polished_andesite_slab":6,"minecraft:fire_charge":33,"minecraft:wooden_sword":4,"minecraft:chain":147,"minecraft:chest_minecart":6,"minecraft:oak_boat":1,"minecraft:white_concrete":917,"minecraft:bone_meal":83,"minecraft:cobweb":5,"minecraft:gray_stained_glass":3,"minecraft:oak_trapdoor":92,"minecraft:oak_fence":20,"minecraft:trident":4,"minecraft:petrified_oak_slab":1,"minecraft:netherite_sword":1,"minecraft:iron_bars":2,"minecraft:brain_coral_fan":1,"minecraft:orange_concrete":72,"minecraft:flint_and_steel":91,"minecraft:carved_pumpkin":2,"minecraft:red_concrete":66,"minecraft:armor_stand":30,"minecraft:redstone":668,"minecraft:light_blue_terracotta":1,"minecraft:spruce_planks":271,"minecraft:tinted_glass":58,"minecraft:sculk":649,"minecraft:wooden_shovel":70,"minecraft:polished_blackstone_wall":7,"minecraft:structure_block":86,"minecraft:netherrack":4,"minecraft:oak_door":1,"minecraft:torch":13,"minecraft:warped_wart_block":8,"minecraft:anvil":10,"minecraft:dirt":50,"minecraft:spyglass":1,"minecraft:target":7,"minecraft:light_blue_dye":2,"minecraft:white_carpet":3,"minecraft:spruce_stairs":181,"minecraft:cobblestone_wall":6,"minecraft:shulker_box":5,"minecraft:pink_dye":1,"minecraft:jungle_trapdoor":19,"minecraft:spruce_fence":17,"minecraft:blue_concrete":266,"minecraft:polished_diorite":4,"minecraft:brown_terracotta":4,"minecraft:dark_oak_planks":1,"minecraft:iron_block":4,"minecraft:oak_stairs":37,"minecraft:warped_fence":18,"minecraft:polished_deepslate_wall":1,"minecraft:chicken_spawn_egg":1,"minecraft:polished_blackstone_brick_stairs":1,"minecraft:smooth_quartz":1323,"minecraft:lime_dye":1,"minecraft:crimson_planks":37,"minecraft:barrel":37,"minecraft:bamboo":62,"minecraft:tripwire_hook":7,"minecraft:purple_concrete":309,"minecraft:glowstone":275,"minecraft:lime_concrete":1448,"minecraft:iron_trapdoor":78,"minecraft:white_stained_glass_pane":12,"minecraft:acacia_wood":1,"minecraft:stone_pressure_plate":232,"minecraft:red_dye":3,"minecraft:observer":5,"minecraft:horn_coral_fan":1,"minecraft:wheat_seeds":1,"minecraft:quartz_bricks":5,"minecraft:water_bucket":40,"minecraft:warped_stem":1,"minecraft:cobblestone_stairs":80,"minecraft:dirt_path":3,"minecraft:snow_block":217,"minecraft:prismarine_brick_slab":74,"minecraft:lead":4,"minecraft:polished_andesite":1229,"minecraft:lime_wool":156,"minecraft:bubble_coral_fan":1,"minecraft:pink_banner":1,"minecraft:black_shulker_box":16,"minecraft:spruce_sign":27,"minecraft:white_dye":7,"minecraft:glow_ink_sac":286,"minecraft:vindicator_spawn_egg":1,"minecraft:spruce_fence_gate":7,"minecraft:leather_boots":3,"minecraft:deepslate_bricks":862,"minecraft:waxed_copper_block":1,"minecraft:polished_blackstone_bricks":67,"minecraft:pink_concrete":10,"minecraft:glow_item_frame":36,"minecraft:polished_blackstone_pressure_plate":3,"minecraft:polished_deepslate_slab":2045,"minecraft:rail":6,"minecraft:comparator":12,"minecraft:vine":16,"minecraft:tnt":1,"minecraft:oak_slab":43,"minecraft:crafting_table":6,"minecraft:brown_banner":6,"minecraft:sculk_shrieker":195,"minecraft:campfire":15,"minecraft:painting":11,"minecraft:spruce_log":32,"minecraft:music_disc_strad":1,"minecraft:piston":59,"minecraft:wooden_hoe":42,"minecraft:flower_pot":14,"minecraft:light":180,"minecraft:black_wool":135,"minecraft:acacia_sign":3,"minecraft:command_block":300,"minecraft:chicken":1,"minecraft:oak_button":4,"minecraft:map":9,"minecraft:netherite_axe":35,"minecraft:cyan_concrete":1717,"minecraft:purpur_slab":44,"minecraft:spruce_trapdoor":26,"minecraft:spruce_sapling":25,"minecraft:music_disc_blocks":4,"minecraft:golden_leggings":1,"minecraft:crimson_sign":5,"minecraft:blue_carpet":1,"minecraft:fishing_rod":159,"minecraft:cobblestone":30,"minecraft:white_banner":8,"minecraft:porkchop":1,"minecraft:chain_command_block":50,"minecraft:bucket":1,"minecraft:glass_pane":57,"minecraft:repeating_command_block":97,"minecraft:polished_blackstone_button":23,"minecraft:sea_pickle":3,"minecraft:stripped_oak_log":217,"minecraft:jukebox":3,"minecraft:smooth_stone":1,"minecraft:splash_potion":102},"minecraft:dropped":{"minecraft:repeating_command_block":3,"minecraft:piston":1,"minecraft:moss_block":1,"minecraft:ender_pearl":1,"minecraft:crossbow":11,"minecraft:red_wool":1,"minecraft:bedrock":1,"minecraft:brown_banner":1,"minecraft:black_banner":37,"minecraft:emerald":7,"minecraft:music_disc_13":1,"minecraft:item_frame":116,"minecraft:gold_block":4,"minecraft:spruce_leaves":3,"minecraft:gray_concrete":1,"minecraft:stone_button":1,"minecraft:dark_oak_trapdoor":1,"minecraft:black_shulker_box":5,"minecraft:chain":1,"minecraft:bone_meal":1,"minecraft:white_wool":1,"minecraft:goat_horn":1,"minecraft:lever":20,"minecraft:polished_andesite_slab":1,"minecraft:pink_dye":55,"minecraft:lime_wool":2,"minecraft:oak_planks":711,"minecraft:blue_stained_glass":1,"minecraft:chiseled_deepslate":1,"minecraft:poppy":1,"minecraft:leather_chestplate":10,"minecraft:tipped_arrow":71,"minecraft:skull_banner_pattern":1,"minecraft:leather_boots":4,"minecraft:chest":1,"minecraft:ladder":10,"minecraft:leather_leggings":8,"minecraft:white_dye":47,"minecraft:cyan_concrete":2,"minecraft:arrow":450,"minecraft:glass":1,"minecraft:campfire":1,"minecraft:chain_command_block":1,"minecraft:written_book":9,"minecraft:egg":1,"minecraft:firework_rocket":127,"minecraft:birch_leaves":2,"minecraft:wheat_seeds":1,"minecraft:oak_slab":1,"minecraft:black_dye":53,"minecraft:yellow_concrete":1,"minecraft:cyan_dye":64,"minecraft:feather":4,"minecraft:oak_fence":2,"minecraft:golden_axe":1,"minecraft:elder_guardian_spawn_egg":1,"minecraft:purple_concrete":1,"minecraft:apple":1,"minecraft:command_block":1,"minecraft:music_disc_pigstep":1,"minecraft:grass_block":6,"minecraft:polished_andesite":2,"minecraft:spruce_fence_gate":1,"minecraft:sculk":1,"minecraft:wooden_hoe":1,"minecraft:torch":1,"minecraft:light_blue_wool":1,"minecraft:wooden_axe":1,"minecraft:smooth_quartz":1,"minecraft:iron_door":1,"minecraft:map":2,"minecraft:lime_carpet":4,"minecraft:fire_charge":55,"minecraft:oak_stairs":1,"minecraft:pink_banner":1,"minecraft:white_banner":33,"minecraft:spruce_sapling":1,"minecraft:redstone":1,"minecraft:polished_deepslate":2,"minecraft:waxed_weathered_cut_copper_stairs":1,"minecraft:red_concrete":1,"minecraft:bricks":3,"minecraft:anvil":1,"minecraft:brown_dye":62,"minecraft:gray_stained_glass":1,"minecraft:netherite_hoe":2,"minecraft:oak_trapdoor":1,"minecraft:player_head":5,"minecraft:allay_spawn_egg":1,"minecraft:cobblestone_wall":1,"minecraft:lime_concrete":1,"minecraft:chicken":6,"minecraft:wither_skeleton_skull":1,"minecraft:blue_concrete":1,"minecraft:structure_block":1,"minecraft:spruce_fence":2,"minecraft:oak_sign":177,"minecraft:shulker_box":8,"minecraft:shears":2,"minecraft:glass_pane":1,"minecraft:flint_and_steel":2,"minecraft:light":196,"minecraft:filled_map":227,"minecraft:deepslate_bricks":2,"minecraft:light_blue_dye":59,"minecraft:hay_block":1,"minecraft:stone":2,"minecraft:pink_wool":1,"minecraft:infested_stone":1,"minecraft:carved_pumpkin":69,"minecraft:redstone_torch":1,"minecraft:slime_ball":1,"minecraft:spruce_log":1,"minecraft:bow":7,"minecraft:bell":1,"minecraft:stripped_spruce_wood":1},"minecraft:custom":{"minecraft:interact_with_crafting_table":26,"minecraft:open_barrel":103,"minecraft:open_shulker_box":41,"minecraft:leave_game":142,"minecraft:time_since_death":1093293,"minecraft:damage_resisted":4110,"minecraft:sprint_one_cm":5675325,"minecraft:damage_blocked_by_shield":697,"minecraft:drop":294,"minecraft:talked_to_villager":6,"minecraft:play_time":6607746,"minecraft:deaths":122,"minecraft:jump":35905,"minecraft:walk_on_water_one_cm":28312,"minecraft:play_record":14,"minecraft:interact_with_loom":29,"minecraft:sleep_in_bed":1,"minecraft:open_enderchest":5,"minecraft:damage_dealt":6768,"minecraft:interact_with_beacon":2,"minecraft:player_kills":7,"minecraft:crouch_one_cm":346041,"minecraft:inspect_dispenser":14,"minecraft:inspect_dropper":23,"minecraft:interact_with_anvil":28,"minecraft:mob_kills":124,"minecraft:climb_one_cm":25822,"minecraft:walk_one_cm":9656841,"minecraft:target_hit":41,"minecraft:sneak_time":176416,"minecraft:walk_under_water_one_cm":17814,"minecraft:boat_one_cm":85098,"minecraft:total_world_time":6607746,"minecraft:pot_flower":14,"minecraft:time_since_rest":1093313,"minecraft:damage_taken":34382,"minecraft:trigger_trapped_chest":3,"minecraft:minecart_one_cm":1718,"minecraft:swim_one_cm":8502,"minecraft:fly_one_cm":34012097,"minecraft:open_chest":98,"minecraft:fall_one_cm":182340}},"DataVersion":3120}