{"stats":{"minecraft:killed":{"minecraft:chicken":1},"minecraft:killed_by":{"minecraft:player":1},"minecraft:mined":{"minecraft:grass":14,"minecraft:white_shulker_box":1,"minecraft:tall_grass":31,"minecraft:moss_block":1},"minecraft:picked_up":{"minecraft:milk_bucket":1,"minecraft:pink_concrete":1,"minecraft:leather_chestplate":1,"minecraft:light":1,"minecraft:chicken_spawn_egg":1,"minecraft:orange_concrete":19,"minecraft:item_frame":1,"minecraft:bow":2,"minecraft:wheat_seeds":41,"minecraft:crossbow":1,"minecraft:carved_pumpkin":64,"minecraft:written_book":17,"minecraft:player_head":2,"minecraft:enchanted_golden_apple":3,"minecraft:white_shulker_box":9,"minecraft:snowball":1},"minecraft:used":{"minecraft:glass":27,"minecraft:wooden_hoe":7,"minecraft:lever":5,"minecraft:red_sand":1,"minecraft:writable_book":3,"minecraft:cow_spawn_egg":1,"minecraft:polished_blackstone":7,"minecraft:barrier":17,"minecraft:oak_sign":1,"minecraft:cyan_concrete":2,"minecraft:white_shulker_box":14,"minecraft:smooth_quartz":2,"minecraft:iron_door":3,"minecraft:stonecutter":1,"minecraft:llama_spawn_egg":1,"minecraft:polished_blackstone_pressure_plate":7,"minecraft:pink_concrete":1,"minecraft:wooden_sword":49,"minecraft:golden_hoe":14,"minecraft:anvil":4,"minecraft:bow":45,"minecraft:written_book":13,"minecraft:tall_grass":2,"minecraft:grindstone":1,"minecraft:crossbow":9,"minecraft:snowball":896,"minecraft:enchanted_golden_apple":8,"minecraft:milk_bucket":1,"minecraft:splash_potion":46},"minecraft:dropped":{"minecraft:pink_concrete":1,"minecraft:leather_chestplate":1,"minecraft:milk_bucket":1,"minecraft:polished_blackstone":1,"minecraft:crossbow":1,"minecraft:snowball":3,"minecraft:orange_concrete":85,"minecraft:arrow":7,"minecraft:writable_book":1,"minecraft:golden_hoe":1,"minecraft:enchanted_golden_apple":2,"minecraft:bow":1,"minecraft:written_book":7,"minecraft:golden_apple":1},"minecraft:custom":{"minecraft:time_since_rest":450600,"minecraft:sprint_one_cm":634454,"minecraft:damage_taken":523,"minecraft:walk_one_cm":2633396,"minecraft:mob_kills":1,"minecraft:interact_with_anvil":7,"minecraft:drop":54,"minecraft:damage_dealt":403,"minecraft:swim_one_cm":16170,"minecraft:fly_one_cm":1899448,"minecraft:open_barrel":10,"minecraft:open_chest":4,"minecraft:crouch_one_cm":199568,"minecraft:open_shulker_box":22,"minecraft:play_time":775683,"minecraft:deaths":2,"minecraft:sneak_time":48572,"minecraft:walk_under_water_one_cm":403,"minecraft:boat_one_cm":3394,"minecraft:jump":7826,"minecraft:interact_with_grindstone":2,"minecraft:interact_with_stonecutter":1,"minecraft:walk_on_water_one_cm":1383,"minecraft:leave_game":13,"minecraft:time_since_death":450580,"minecraft:total_world_time":775683,"minecraft:climb_one_cm":10417,"minecraft:damage_resisted":62751,"minecraft:fall_one_cm":70133}},"DataVersion":3120}