[
    {
        "section": "Squid Hax Games",
        "titles": [
            {
                "title": "Creador",
                "names": [
                    "CarlitosOrig"
                ]
            },
            {
                "title": "Líder de Proyecto",
                "names": [
                    "CarlitosOrig"
                ]
            },
            {
                "title": "Ideas de Minijuegos",
                "names": [
                    "CarlitosOrig",
                    "Wincohax"
                ]
            }
        ]
    },
    {
        "section": "Mecanismos Principales de los Minijuegos",
        "titles": [
            {
                "title": "Tin Tin Corre Corre",
                "names": [
                    "LOCURA"
                ]
            },
            {
                "title": "Encuentra el Tesoro",
                "names": [
                    "LOCURA",
                    "Playxs"
                ]
            },
            {
                "title": "Yermis",
                "names": [
                    "Playxs"
                ]
            },
            {
                "title": "Escalada al Monte",
                "names": [
                    "CarlitosOrig",
                    "Playxs",
                    "Wincohax"
                ]
            },
            {
                "title": "The haXGame",
                "names": [
                    "Kelimporta",
                    "Wincohax"
                ]
            }
        ]
    },
    {
        "section": "Construcción",
        "titles": [
        {
            "title": "Tin Tin Corre Corre",
            "names": [
                "CarlitosOrig",
                "Kelimporta",
                "LOCURA",
                "Playxs",
                "Wincohax",
                "Sarbo"
            ]
        },
        {
            "title": "Laberinto",
            "names": [
                "CarlitosOrig",
                "Kelimporta",
                "LOCURA",
                "Playxs",
                "Wincohax",
                "Sarbo"
            ]
        },
        {
            "title": "Gallinita Ciega",
            "names": [
                "CarlitosOrig",
                "Kelimporta",
                "LOCURA",
                "Playxs",
                "Wincohax",
                "Sarbo"
            ]
        },
        {
            "title": "Encuentra el Tesoro",
            "names": [
                "CarlitosOrig",
                "LOCURA",
                "Wincohax",
                "Sarbo"
            ]
        },
        {
            "title": "Yermis",
            "names": [
                "CarlitosOrig",
                "Kelimporta",
                "LOCURA",
                "Playxs",
                "Wincohax",
                "Sarbo"
            ]
        },
        {
            "title": "Escalada al Monte",
            "names": [
                "CarlitosOrig",
                "Wincohax",
                "Kelimporta",
                "Playxs",
                "Sarbo"

            ]
        },
        {
            "title": "The haXGame",
            "names": [
                "LOCURA",
                "Wincohax",
                "Playxs",
                "Sarbo"

            ]
        },
        {
            "title": "Escaleras",
            "names": [
                "CarlitosOrig",
                "LOCURA",
                "Wincohax",
                "Playxs",
                "Sarbo",
		"Kelimporta"
            ]
        }
    ]
    },
    {
        "section": "Arte",
        "titles": [
            {
                "title": "Logo Principal",
                "names": [
                    "Wincohax"
                ]
            },
            {
                "title": "Fondo de Pantalla",
                "names": [
                    "Playxs"
                ]
            },
            {
                "title": "Botones",
                "names": [
                    "Playxs",
                    "Wincohax"
                ]
            }
        ]
    },
    {
        "section": "Música",
        "titles": [
            {
                "title": "Selección",
                "names": [
                    "CarlitosOrig",
                    "Playxs",
                    "Wincohax"
                ]
            },
            {
                "title": "Edición",
                "names": [
                    "Wincohax"
                ]
            }
        ]
    },
    {
        "section": "Otros",
        "titles": [
            {
                "title": "Cliente Personalizado",
                "names": [
                    "Wincohax"
                ]
            },
            {
                "title": "Y sobre todo",
                "names": [
                    "Gracias a ti, por participar"
                ]
            }
        ]
    }
]
