{"stats":{"minecraft:dropped":{"minecraft:spruce_sign":2,"minecraft:iron_sword":1,"minecraft:acacia_boat":3,"minecraft:baked_potato":507,"minecraft:ender_pearl":26,"minecraft:crossbow":6,"minecraft:dark_oak_slab":1,"minecraft:cookie":18,"minecraft:lantern":1,"minecraft:honeycomb":1,"minecraft:elytra":2,"minecraft:item_frame":128,"minecraft:music_disc_11":1,"minecraft:emerald":21,"minecraft:dirt":1,"minecraft:cornflower":1,"minecraft:snowball":6,"minecraft:black_shulker_box":3,"minecraft:black_concrete":4,"minecraft:light_blue_banner":1,"minecraft:black_stained_glass":1,"minecraft:pink_concrete":1,"minecraft:emerald_block":320,"minecraft:cobbled_deepslate":1,"minecraft:tinted_glass":2,"minecraft:black_carpet":1,"minecraft:netherite_sword":1,"minecraft:music_disc_5":3,"minecraft:deepslate_brick_slab":2,"minecraft:black_terracotta":1,"minecraft:enchanted_golden_apple":64,"minecraft:recovery_compass":1,"minecraft:orange_stained_glass":1,"minecraft:leather_chestplate":4,"minecraft:tipped_arrow":1,"minecraft:skeleton_skull":1,"minecraft:leather_boots":5,"minecraft:leather_leggings":4,"minecraft:iron_bars":1,"minecraft:glass":4,"minecraft:chain_command_block":1,"minecraft:written_book":24,"minecraft:splash_potion":2,"minecraft:brown_concrete":1,"minecraft:egg":1,"minecraft:firework_rocket":65,"minecraft:stone_hoe":1,"minecraft:water_bucket":1,"minecraft:orange_shulker_box":2,"minecraft:birch_leaves":1,"minecraft:sculk_shrieker":2,"minecraft:polished_blackstone":1,"minecraft:feather":29,"minecraft:barrier":6,"minecraft:golden_axe":1,"minecraft:purple_concrete":2,"minecraft:apple":1,"minecraft:command_block":1,"minecraft:music_disc_pigstep":1,"minecraft:purple_dye":1,"minecraft:grass_block":1,"minecraft:golden_apple":1,"minecraft:polished_andesite":2,"minecraft:stick":961,"minecraft:cobweb":1,"minecraft:wooden_hoe":7,"minecraft:torch":1,"minecraft:wooden_axe":2,"minecraft:white_concrete":2,"minecraft:smooth_quartz":6,"minecraft:oak_stairs":1,"minecraft:red_dye":2,"minecraft:polished_deepslate":1,"minecraft:red_concrete":1,"minecraft:bricks":1,"minecraft:anvil":11,"minecraft:creeper_head":1,"minecraft:netherite_hoe":1,"minecraft:oak_trapdoor":1,"minecraft:player_head":15,"minecraft:dark_oak_sign":2,"minecraft:lime_concrete":5,"minecraft:orange_concrete":1,"minecraft:chicken":22,"minecraft:polished_deepslate_slab":5,"minecraft:structure_block":1,"minecraft:white_terracotta":1,"minecraft:debug_stick":4,"minecraft:light_blue_concrete":1,"minecraft:oak_sign":3,"minecraft:glass_pane":1,"minecraft:flint_and_steel":1,"minecraft:purple_stained_glass":2,"minecraft:light":7,"minecraft:diamond_sword":2,"minecraft:stone":1,"minecraft:diamond_pickaxe":1,"minecraft:quartz_stairs":1,"minecraft:purple_bed":1,"minecraft:oak_sapling":1,"minecraft:carved_pumpkin":76,"minecraft:white_stained_glass":1},"minecraft:killed":{"minecraft:witch":16,"minecraft:chicken":99,"minecraft:pig":42,"minecraft:creeper":20,"minecraft:cow":49,"minecraft:frog":171,"minecraft:enderman":4},"minecraft:crafted":{"minecraft:leather_chestplate":3,"minecraft:leather_leggings":4,"minecraft:leather_boots":4},"minecraft:custom":{"minecraft:animals_bred":5,"minecraft:interact_with_crafting_table":6,"minecraft:open_barrel":101,"minecraft:open_shulker_box":67,"minecraft:bell_ring":3,"minecraft:leave_game":323,"minecraft:time_since_death":91492,"minecraft:damage_resisted":5938837,"minecraft:sprint_one_cm":10178417,"minecraft:drop":850,"minecraft:talked_to_villager":7,"minecraft:play_time":8957817,"minecraft:deaths":216,"minecraft:jump":57669,"minecraft:walk_on_water_one_cm":45867,"minecraft:interact_with_furnace":1,"minecraft:play_record":124,"minecraft:sleep_in_bed":1,"minecraft:open_enderchest":97,"minecraft:damage_dealt":5142,"minecraft:interact_with_beacon":1,"minecraft:player_kills":19,"minecraft:crouch_one_cm":545039,"minecraft:interact_with_smoker":4,"minecraft:inspect_dispenser":17,"minecraft:inspect_dropper":1,"minecraft:mob_kills":427,"minecraft:interact_with_anvil":49,"minecraft:inspect_hopper":1,"minecraft:fill_cauldron":4,"minecraft:climb_one_cm":40508,"minecraft:walk_one_cm":9594625,"minecraft:damage_dealt_absorbed":55,"minecraft:sneak_time":273908,"minecraft:walk_under_water_one_cm":10926,"minecraft:interact_with_blast_furnace":2,"minecraft:total_world_time":8957817,"minecraft:tune_noteblock":10,"minecraft:pot_flower":4,"minecraft:time_since_rest":91513,"minecraft:damage_absorbed":28,"minecraft:damage_taken":101221,"minecraft:trigger_trapped_chest":3,"minecraft:swim_one_cm":21492,"minecraft:fly_one_cm":114186784,"minecraft:open_chest":762,"minecraft:aviate_one_cm":2882442,"minecraft:fall_one_cm":711429},"minecraft:mined":{"minecraft:fire":3,"minecraft:sculk_shrieker":1,"minecraft:player_head":1,"minecraft:player_wall_head":1,"minecraft:powder_snow":1,"minecraft:stone_button":1,"minecraft:bamboo_sapling":2,"minecraft:bamboo":1,"minecraft:sculk_sensor":1,"minecraft:sculk":7,"minecraft:black_stained_glass":1},"minecraft:killed_by":{"minecraft:creeper":2,"minecraft:player":59,"minecraft:warden":4},"minecraft:used":{"minecraft:orange_dye":5,"minecraft:light_blue_banner":5,"minecraft:music_disc_far":1,"minecraft:nether_brick_fence":1,"minecraft:writable_book":32,"minecraft:polished_deepslate":263,"minecraft:chiseled_deepslate":5,"minecraft:smooth_quartz_slab":171,"minecraft:dispenser":3,"minecraft:spruce_slab":168,"minecraft:polished_blackstone":95,"minecraft:ladder":542,"minecraft:elytra":2,"minecraft:oak_sign":401,"minecraft:black_carpet":4,"minecraft:white_concrete_powder":6,"minecraft:chest":130,"minecraft:stone":82,"minecraft:white_terracotta":52,"minecraft:brown_concrete":22,"minecraft:iron_sword":1,"minecraft:creeper_head":1,"minecraft:bell":1,"minecraft:warped_sign":1,"minecraft:quartz_stairs":550,"minecraft:grass":8,"minecraft:player_head":77,"minecraft:smooth_sandstone_stairs":3,"minecraft:farmland":202,"minecraft:sculk_sensor":139,"minecraft:debug_stick":375,"minecraft:spruce_leaves":17,"minecraft:soul_campfire":5,"minecraft:brick_slab":2,"minecraft:deepslate_brick_slab":428,"minecraft:deepslate_tile_slab":19,"minecraft:music_disc_13":2,"minecraft:snowball":2934,"minecraft:milk_bucket":2,"minecraft:obsidian":95,"minecraft:warden_spawn_egg":2,"minecraft:polished_deepslate_stairs":7,"minecraft:jungle_sapling":30,"minecraft:glass":653,"minecraft:packed_ice":19,"minecraft:honey_block":42,"minecraft:honeycomb":4,"minecraft:lava_bucket":15,"minecraft:bricks":177,"minecraft:music_disc_pigstep":46,"minecraft:red_wool":7,"minecraft:quartz_pillar":85,"minecraft:villager_spawn_egg":1,"minecraft:quartz_slab":111,"minecraft:spruce_wood":57,"minecraft:black_stained_glass_pane":18,"minecraft:lantern":22,"minecraft:grass_block":444,"minecraft:birch_sapling":12,"minecraft:orange_shulker_box":1,"minecraft:music_disc_chirp":2,"minecraft:dark_oak_slab":411,"minecraft:music_disc_wait":1,"minecraft:stone_brick_stairs":10,"minecraft:stone_bricks":205,"minecraft:item_frame":182,"minecraft:netherite_boots":1,"minecraft:bedrock":21,"minecraft:repeater":163,"minecraft:birch_trapdoor":2,"minecraft:reinforced_deepslate":41,"minecraft:red_carpet":2,"minecraft:redstone_lamp":5,"minecraft:bow":31,"minecraft:brown_carpet":6,"minecraft:scaffolding":6,"minecraft:hay_block":3,"minecraft:written_book":440,"minecraft:mangrove_roots":16,"minecraft:oak_sapling":48,"minecraft:gold_block":9,"minecraft:skeleton_skull":22,"minecraft:egg":143,"minecraft:potato":1,"minecraft:polished_blackstone_stairs":52,"minecraft:stripped_spruce_wood":5,"minecraft:dark_oak_sapling":30,"minecraft:deepslate_brick_wall":278,"minecraft:dark_oak_stairs":116,"minecraft:end_rod":9,"minecraft:leather_leggings":1,"minecraft:dropper":3,"minecraft:wither_skeleton_skull":6,"minecraft:birch_leaves":6,"minecraft:dark_oak_sign":2,"minecraft:oak_planks":303,"minecraft:cactus":1,"minecraft:ender_pearl":12,"minecraft:leather_chestplate":2,"minecraft:redstone_block":11,"minecraft:composter":1,"minecraft:structure_void":4,"minecraft:clay":8,"minecraft:smooth_quartz_stairs":237,"minecraft:oak_leaves":22,"minecraft:white_wool":1,"minecraft:cookie":14,"minecraft:golden_apple":4,"minecraft:golden_hoe":3,"minecraft:blue_dye":3,"minecraft:sand":4,"minecraft:purpur_stairs":5,"minecraft:light_blue_concrete":265,"minecraft:loom":1,"minecraft:blue_ice":81,"minecraft:black_banner":1,"minecraft:yellow_concrete":299,"minecraft:crossbow":134,"minecraft:cyan_dye":2,"minecraft:blackstone_wall":33,"minecraft:chiseled_quartz_block":23,"minecraft:note_block":3,"minecraft:gray_concrete":203,"minecraft:black_bed":82,"minecraft:end_stone":6,"minecraft:deepslate_brick_stairs":231,"minecraft:lightning_rod":2,"minecraft:creeper_spawn_egg":2,"minecraft:redstone_torch":10,"minecraft:sticky_piston":7,"minecraft:black_terracotta":5,"minecraft:enderman_spawn_egg":40,"minecraft:lever":78,"minecraft:black_concrete":3559,"minecraft:firework_rocket":1137,"minecraft:light_gray_concrete":13,"minecraft:music_disc_mall":3,"minecraft:barrier":1858,"minecraft:brown_stained_glass":23,"minecraft:string":18,"minecraft:stone_button":118,"minecraft:lectern":2,"minecraft:oak_pressure_plate":9,"minecraft:iron_door":154,"minecraft:deepslate":2,"minecraft:polished_andesite_slab":1,"minecraft:soul_lantern":7,"minecraft:diamond_sword":20,"minecraft:wooden_sword":3,"minecraft:dark_oak_fence":13,"minecraft:white_stained_glass":78,"minecraft:ice":28,"minecraft:andesite":132,"minecraft:chain":463,"minecraft:smooth_stone_slab":1,"minecraft:white_concrete":682,"minecraft:coarse_dirt":2,"minecraft:bone_meal":226,"minecraft:gray_stained_glass":3,"minecraft:cobweb":89,"minecraft:experience_bottle":189,"minecraft:oak_trapdoor":1,"minecraft:oak_fence":53,"minecraft:petrified_oak_slab":24,"minecraft:netherite_sword":76,"minecraft:iron_bars":527,"minecraft:orange_concrete":53,"minecraft:dead_bush":1,"minecraft:flint_and_steel":1689,"minecraft:carved_pumpkin":2,"minecraft:red_concrete":67,"minecraft:armor_stand":15,"minecraft:redstone":434,"minecraft:light_blue_terracotta":16,"minecraft:spruce_planks":137,"minecraft:tinted_glass":276,"minecraft:ender_chest":17,"minecraft:music_disc_5":50,"minecraft:sculk":202,"minecraft:wooden_shovel":19,"minecraft:polished_blackstone_wall":29,"minecraft:structure_block":8,"minecraft:netherrack":33,"minecraft:orange_stained_glass":3,"minecraft:torch":7,"minecraft:warped_wart_block":11,"minecraft:anvil":13,"minecraft:spyglass":115,"minecraft:dirt":182,"minecraft:target":4,"minecraft:red_nether_brick_slab":12,"minecraft:light_blue_dye":1,"minecraft:white_carpet":15,"minecraft:hopper":9,"minecraft:nether_quartz_ore":12,"minecraft:spruce_stairs":206,"minecraft:shulker_box":9,"minecraft:pink_dye":5,"minecraft:spruce_fence":2,"minecraft:allay_spawn_egg":1,"minecraft:blue_concrete":196,"minecraft:mud_brick_stairs":7,"minecraft:polished_diorite":9,"minecraft:stone_brick_slab":9,"minecraft:red_shulker_box":1,"minecraft:dark_oak_planks":483,"minecraft:sea_lantern":6,"minecraft:yellow_stained_glass":57,"minecraft:iron_block":23,"minecraft:muddy_mangrove_roots":301,"minecraft:oak_stairs":116,"minecraft:slime_block":17,"minecraft:polished_blackstone_brick_stairs":12,"minecraft:smooth_quartz":3923,"minecraft:lime_dye":2,"minecraft:barrel":23,"minecraft:bamboo":311,"minecraft:tripwire_hook":7,"minecraft:purple_concrete":700,"minecraft:glowstone":212,"minecraft:lime_concrete":1272,"minecraft:golden_carrot":3,"minecraft:black_stained_glass":43,"minecraft:iron_trapdoor":9,"minecraft:dark_oak_pressure_plate":8,"minecraft:white_stained_glass_pane":2,"minecraft:podzol":24,"minecraft:acacia_wood":3,"minecraft:stone_pressure_plate":30,"minecraft:red_dye":19,"minecraft:cobbled_deepslate":60,"minecraft:observer":17,"minecraft:powder_snow_bucket":2,"minecraft:enchanted_golden_apple":3,"minecraft:magenta_dye":2,"minecraft:golden_axe":18,"minecraft:calcite":1,"minecraft:wheat_seeds":567,"minecraft:water_bucket":69,"minecraft:light_blue_glazed_terracotta":9,"minecraft:dirt_path":1,"minecraft:sandstone_stairs":1,"minecraft:snow_block":49,"minecraft:polished_andesite":1621,"minecraft:baked_potato":12,"minecraft:lime_wool":13,"minecraft:black_shulker_box":9,"minecraft:spruce_sign":15,"minecraft:cauldron":4,"minecraft:white_dye":4,"minecraft:glow_ink_sac":133,"minecraft:beacon":72,"minecraft:green_bed":6,"minecraft:leather_boots":4,"minecraft:deepslate_bricks":2781,"minecraft:waxed_copper_block":3,"minecraft:polished_blackstone_bricks":248,"minecraft:pink_concrete":465,"minecraft:glow_item_frame":6,"minecraft:music_disc_cat":14,"minecraft:polished_blackstone_pressure_plate":38,"minecraft:polished_deepslate_slab":1780,"minecraft:brown_dye":4,"minecraft:terracotta":1,"minecraft:comparator":7,"minecraft:vine":24,"minecraft:tnt":32,"minecraft:oak_slab":11,"minecraft:crafting_table":4,"minecraft:green_dye":3,"minecraft:red_bed":2,"minecraft:brown_banner":3,"minecraft:sculk_shrieker":33,"minecraft:campfire":6,"minecraft:white_bed":49,"minecraft:painting":25,"minecraft:smoker":3,"minecraft:music_disc_strad":2,"minecraft:dark_oak_door":10,"minecraft:deepslate_tile_wall":22,"minecraft:purple_stained_glass":181,"minecraft:blue_stained_glass_pane":18,"minecraft:wooden_hoe":391,"minecraft:netherite_block":108,"minecraft:flower_pot":2,"minecraft:light":168,"minecraft:black_wool":43,"minecraft:apple":2,"minecraft:command_block":292,"minecraft:mangrove_propagule":2,"minecraft:oak_button":2,"minecraft:pig_spawn_egg":1,"minecraft:spruce_pressure_plate":1,"minecraft:cyan_concrete":665,"minecraft:spruce_trapdoor":8,"minecraft:spruce_sapling":51,"minecraft:purple_dye":7,"minecraft:music_disc_blocks":3,"minecraft:fishing_rod":24,"minecraft:brown_stained_glass_pane":21,"minecraft:cobblestone":2,"minecraft:potion":6,"minecraft:end_crystal":51,"minecraft:purple_bed":23,"minecraft:white_banner":2,"minecraft:chain_command_block":102,"minecraft:sandstone_slab":1,"minecraft:bucket":8,"minecraft:black_candle":1,"minecraft:glass_pane":13,"minecraft:magenta_glazed_terracotta":10,"minecraft:repeating_command_block":52,"minecraft:polished_blackstone_button":21,"minecraft:jukebox":47,"minecraft:sculk_vein":1040,"minecraft:sculk_catalyst":62,"minecraft:smooth_stone":28,"minecraft:splash_potion":18},"minecraft:picked_up":{"minecraft:wooden_axe":2,"minecraft:wheat":3383,"minecraft:music_disc_strad":4,"minecraft:black_carpet":1,"minecraft:light_blue_concrete":1,"minecraft:creeper_head":1,"minecraft:anvil":69,"minecraft:diamond_sword":2,"minecraft:oak_stairs":1,"minecraft:wither_rose":10,"minecraft:light":66,"minecraft:music_disc_cat":123,"minecraft:oak_sign":51,"minecraft:sea_pickle":1,"minecraft:diamond_leggings":2,"minecraft:black_shulker_box":9,"minecraft:red_dye":2,"minecraft:redstone_torch":3,"minecraft:written_book":61,"minecraft:smooth_quartz":399,"minecraft:enchanted_golden_apple":707,"minecraft:deepslate_tile_wall":352,"minecraft:smooth_quartz_stairs":1,"minecraft:stick":513,"minecraft:orange_shulker_box":2,"minecraft:music_disc_blocks":4,"minecraft:torch":310,"minecraft:green_bed":36,"minecraft:porkchop":9,"minecraft:music_disc_pigstep":305,"minecraft:command_block":2,"minecraft:rotten_flesh":19,"minecraft:music_disc_ward":2,"minecraft:carved_pumpkin":462,"minecraft:white_terracotta":1,"minecraft:music_disc_wait":1,"minecraft:snowball":183,"minecraft:muddy_mangrove_roots":1,"minecraft:barrier":4,"minecraft:leather_chestplate":7,"minecraft:feather":181,"minecraft:repeater":11,"minecraft:iron_door":9,"minecraft:andesite":1,"minecraft:black_bed":566,"minecraft:potato":2,"minecraft:purple_stained_glass":1,"minecraft:acacia_boat":3,"minecraft:dirt":103,"minecraft:leather_boots":6,"minecraft:glass":3,"minecraft:wheat_seeds":10434,"minecraft:deepslate_brick_slab":2,"minecraft:bell":1,"minecraft:dark_oak_sign":1,"minecraft:netherite_axe":1,"minecraft:diamond_helmet":1,"minecraft:bamboo":12,"minecraft:stone_hoe":1,"minecraft:debug_stick":4,"minecraft:pink_concrete":1,"minecraft:black_terracotta":1,"minecraft:music_disc_13":56,"minecraft:grass_block":2,"minecraft:dead_bush":1,"minecraft:shulker_box":9,"minecraft:netherite_block":384,"minecraft:polished_andesite":1,"minecraft:black_concrete":48,"minecraft:lever":5,"minecraft:polished_blackstone_button":6,"minecraft:crossbow":5,"minecraft:white_concrete":2,"minecraft:golden_apple":1,"minecraft:emerald":8,"minecraft:bread":5,"minecraft:oak_sapling":4,"minecraft:bricks":1,"minecraft:mangrove_button":3,"minecraft:music_disc_5":127,"minecraft:chicken":54,"minecraft:ladder":8,"minecraft:leather_leggings":6,"minecraft:structure_block":1,"minecraft:acacia_button":61,"minecraft:cornflower":11,"minecraft:red_bed":2,"minecraft:stone_stairs":1,"minecraft:wooden_sword":1,"minecraft:flint_and_steel":1,"minecraft:quartz_slab":2,"minecraft:item_frame":67,"minecraft:netherite_sword":3,"minecraft:music_disc_otherside":1,"minecraft:beef":1,"minecraft:player_head":22,"minecraft:poppy":47,"minecraft:quartz_stairs":1,"minecraft:lectern":129,"minecraft:tinted_glass":1,"minecraft:egg":19,"minecraft:polished_deepslate_slab":3,"minecraft:stone":1,"minecraft:oak_door":1,"minecraft:glow_item_frame":10,"minecraft:music_disc_mellohi":1,"minecraft:stone_button":21,"minecraft:redstone":9,"minecraft:stone_pressure_plate":32,"minecraft:tnt":3,"minecraft:allay_spawn_egg":604,"minecraft:red_shulker_box":1,"minecraft:diamond_chestplate":1,"minecraft:shears":1,"minecraft:diamond_boots":1,"minecraft:black_banner":1,"minecraft:polished_blackstone":1,"minecraft:white_shulker_box":1,"minecraft:birch_leaves":1,"minecraft:clock":1,"minecraft:glow_ink_sac":1,"minecraft:leather":2,"minecraft:music_disc_stal":1,"minecraft:filled_map":61,"minecraft:brown_concrete":1,"minecraft:yellow_bed":1,"minecraft:wooden_hoe":5,"minecraft:light_blue_banner":3,"minecraft:stone_bricks":76,"minecraft:apple":2,"minecraft:iron_ingot":182,"minecraft:music_disc_far":110,"minecraft:cooked_chicken":163,"minecraft:cobweb":1,"minecraft:iron_sword":2,"minecraft:purple_concrete":1,"minecraft:music_disc_chirp":3,"minecraft:sculk_catalyst":16,"minecraft:chain_command_block":1,"minecraft:red_wool":2,"minecraft:lime_concrete":12,"minecraft:dandelion":2,"minecraft:white_bed":343,"minecraft:dragon_egg":3,"minecraft:firework_rocket":64,"minecraft:music_disc_mall":3,"minecraft:purple_bed":220,"minecraft:slime_ball":1,"minecraft:painting":1,"minecraft:baked_potato":2,"minecraft:black_wool":6,"minecraft:brown_banner":1,"minecraft:netherite_hoe":1,"minecraft:ender_pearl":29},"minecraft:broken":{"minecraft:wooden_sword":1}},"DataVersion":3120}