{"stats":{"minecraft:dropped":{"minecraft:iron_sword":1,"minecraft:porkchop":1,"minecraft:baked_potato":70,"minecraft:diamond":2560,"minecraft:glass_bottle":1,"minecraft:cut_copper_slab":1,"minecraft:crossbow":4,"minecraft:bedrock":1,"minecraft:black_banner":2,"minecraft:rail":2,"minecraft:gold_block":1,"minecraft:music_disc_13":1,"minecraft:spruce_leaves":1,"minecraft:dirt":1,"minecraft:dispenser":1,"minecraft:mutton":2,"minecraft:wooden_sword":2,"minecraft:bone_meal":2,"minecraft:dark_oak_planks":1,"minecraft:white_wool":1,"minecraft:end_crystal":5,"minecraft:gold_ingot":256,"minecraft:goat_horn":3,"minecraft:spyglass":1,"minecraft:lever":1,"minecraft:diamond_block":640,"minecraft:netherite_sword":7,"minecraft:birch_sapling":3,"minecraft:oak_planks":964,"minecraft:enchanted_golden_apple":832,"minecraft:cooked_mutton":65,"minecraft:recovery_compass":2,"minecraft:acacia_button":1,"minecraft:leather_chestplate":3,"minecraft:reinforced_deepslate":1,"minecraft:jungle_log":1,"minecraft:leather_boots":2,"minecraft:ladder":1,"minecraft:leather_leggings":4,"minecraft:white_dye":1,"minecraft:iron_bars":1,"minecraft:glass":1,"minecraft:written_book":20,"minecraft:water_bucket":2,"minecraft:orange_shulker_box":11,"minecraft:wheat_seeds":4,"minecraft:clock":2,"minecraft:tnt":2,"minecraft:polished_blackstone":12,"minecraft:netherite_axe":1,"minecraft:barrier":1,"minecraft:sheep_spawn_egg":1,"minecraft:music_disc_pigstep":12,"minecraft:grass_block":2,"minecraft:stick":8,"minecraft:end_rod":1,"minecraft:milk_bucket":2,"minecraft:wooden_hoe":1,"minecraft:repeater":1,"minecraft:wooden_axe":1,"minecraft:smooth_quartz":1,"minecraft:iron_door":1,"minecraft:fire_charge":55,"minecraft:potion":1,"minecraft:dead_bush":2,"minecraft:string":1,"minecraft:tripwire_hook":1,"minecraft:spruce_sapling":3,"minecraft:redstone":1,"minecraft:bricks":6,"minecraft:player_head":70,"minecraft:netherite_ingot":256,"minecraft:sticky_piston":1,"minecraft:debug_stick":1,"minecraft:shulker_box":3,"minecraft:light":1094,"minecraft:waxed_cut_copper":1,"minecraft:netherite_block":320,"minecraft:dragon_egg":1,"minecraft:andesite":1,"minecraft:quartz_stairs":1,"minecraft:oak_sapling":3,"minecraft:carved_pumpkin":384,"minecraft:bamboo":11,"minecraft:slime_ball":2,"minecraft:bow":1,"minecraft:globe_banner_pattern":1},"minecraft:killed":{"minecraft:tadpole":1,"minecraft:wither":3,"minecraft:iron_golem":3,"minecraft:ender_dragon":1,"minecraft:creeper":1,"minecraft:sheep":7,"minecraft:zombie":39,"minecraft:cow":1,"minecraft:warden":38},"minecraft:crafted":{"minecraft:wooden_shovel":2,"minecraft:leather_chestplate":1,"minecraft:leather_leggings":3,"minecraft:leather_boots":1,"minecraft:leather_helmet":4},"minecraft:custom":{"minecraft:interact_with_crafting_table":13,"minecraft:open_barrel":177,"minecraft:open_shulker_box":12,"minecraft:bell_ring":22,"minecraft:leave_game":46,"minecraft:time_since_death":9895,"minecraft:damage_resisted":93788,"minecraft:sprint_one_cm":2749034,"minecraft:drop":431,"minecraft:play_time":2662049,"minecraft:deaths":85,"minecraft:jump":33053,"minecraft:walk_on_water_one_cm":10306,"minecraft:play_record":80,"minecraft:interact_with_loom":28,"minecraft:sleep_in_bed":2,"minecraft:open_enderchest":44,"minecraft:damage_dealt":224195,"minecraft:interact_with_beacon":6,"minecraft:player_kills":44,"minecraft:crouch_one_cm":1042985,"minecraft:inspect_dispenser":5,"minecraft:inspect_dropper":9,"minecraft:interact_with_anvil":10,"minecraft:mob_kills":96,"minecraft:climb_one_cm":43635,"minecraft:walk_one_cm":6500029,"minecraft:target_hit":97,"minecraft:sneak_time":127196,"minecraft:walk_under_water_one_cm":4274,"minecraft:total_world_time":2662049,"minecraft:tune_noteblock":86,"minecraft:time_since_rest":9915,"minecraft:damage_absorbed":40,"minecraft:damage_taken":51894,"minecraft:trigger_trapped_chest":25,"minecraft:swim_one_cm":19835,"minecraft:fly_one_cm":19544359,"minecraft:open_chest":87,"minecraft:aviate_one_cm":829801,"minecraft:fall_one_cm":413973},"minecraft:killed_by":{"minecraft:zombie":2,"minecraft:player":27,"minecraft:warden":20,"minecraft:wither":2},"minecraft:mined":{"minecraft:oak_sign":1,"minecraft:oak_stairs":1,"minecraft:green_bed":1,"minecraft:torch":1,"minecraft:spruce_wall_sign":1,"minecraft:tnt":2,"minecraft:grass":6,"minecraft:lever":1,"minecraft:tall_grass":5,"minecraft:sculk":2,"minecraft:spruce_stairs":1},"minecraft:used":{"minecraft:light_blue_banner":15,"minecraft:polished_granite_stairs":2,"minecraft:polished_deepslate":223,"minecraft:chiseled_deepslate":4,"minecraft:dispenser":2,"minecraft:spruce_slab":245,"minecraft:polished_blackstone":183,"minecraft:carrot_on_a_stick":3,"minecraft:ladder":9,"minecraft:oak_sign":17,"minecraft:black_carpet":45,"minecraft:white_concrete_powder":55,"minecraft:chest":1,"minecraft:white_terracotta":12,"minecraft:brown_concrete":14,"minecraft:stone":71,"minecraft:iron_sword":4,"minecraft:quartz_stairs":70,"minecraft:player_head":29,"minecraft:green_terracotta":15,"minecraft:sculk_sensor":27,"minecraft:debug_stick":112,"minecraft:spruce_leaves":4,"minecraft:skeleton_spawn_egg":1,"minecraft:brick_slab":103,"minecraft:acacia_button":2,"minecraft:music_disc_11":2,"minecraft:snowball":1672,"minecraft:milk_bucket":6,"minecraft:obsidian":25,"minecraft:warden_spawn_egg":27,"minecraft:glass":85,"minecraft:packed_ice":6,"minecraft:lava_bucket":11,"minecraft:bricks":392,"minecraft:music_disc_pigstep":69,"minecraft:red_wool":13,"minecraft:black_stained_glass_pane":305,"minecraft:grass_block":1140,"minecraft:birch_sapling":58,"minecraft:polished_andesite_stairs":2,"minecraft:green_wool":15,"minecraft:dark_oak_button":1,"minecraft:stone_brick_stairs":1,"minecraft:item_frame":7,"minecraft:netherite_boots":1,"minecraft:bedrock":170,"minecraft:reinforced_deepslate":9,"minecraft:repeater":67,"minecraft:redstone_lamp":4,"minecraft:bow":223,"minecraft:brown_carpet":12,"minecraft:written_book":151,"minecraft:oak_sapling":38,"minecraft:gold_block":14,"minecraft:skeleton_skull":7,"minecraft:potato":79,"minecraft:deepslate_brick_wall":1,"minecraft:end_rod":5,"minecraft:leather_leggings":5,"minecraft:damaged_anvil":1,"minecraft:spruce_door":1,"minecraft:brick_wall":1,"minecraft:dropper":2,"minecraft:wither_skeleton_skull":1,"minecraft:cut_copper_slab":3,"minecraft:birch_leaves":1,"minecraft:acacia_trapdoor":5,"minecraft:oak_planks":209,"minecraft:ender_pearl":2,"minecraft:leather_chestplate":3,"minecraft:redstone_block":9,"minecraft:clay":4,"minecraft:smooth_quartz_stairs":1,"minecraft:white_wool":121,"minecraft:golden_apple":5,"minecraft:dark_oak_trapdoor":1,"minecraft:netherite_leggings":1,"minecraft:light_blue_concrete":1251,"minecraft:black_banner":2,"minecraft:crossbow":57,"minecraft:yellow_concrete":3004,"minecraft:blue_ice":20,"minecraft:netherite_helmet":1,"minecraft:note_block":6,"minecraft:deepslate_brick_stairs":117,"minecraft:lightning_rod":1,"minecraft:exposed_copper":42,"minecraft:creeper_spawn_egg":1,"minecraft:redstone_torch":34,"minecraft:sticky_piston":12,"minecraft:lever":38,"minecraft:black_concrete":563,"minecraft:firework_rocket":205,"minecraft:string":10,"minecraft:barrier":117,"minecraft:stone_button":8,"minecraft:red_terracotta":1,"minecraft:diamond_ore":4,"minecraft:iron_door":31,"minecraft:gravel":4,"minecraft:blackstone_slab":17,"minecraft:coal_block":87,"minecraft:wooden_sword":50,"minecraft:andesite":534,"minecraft:birch_log":1,"minecraft:chain":7,"minecraft:ice":2,"minecraft:waxed_cut_copper_stairs":9,"minecraft:white_concrete":8,"minecraft:coarse_dirt":194,"minecraft:warped_button":1,"minecraft:bone_meal":443,"minecraft:cobweb":104,"minecraft:oak_trapdoor":7,"minecraft:oak_fence":97,"minecraft:petrified_oak_slab":13,"minecraft:netherite_sword":85,"minecraft:iron_bars":104,"minecraft:orange_concrete":14,"minecraft:flint_and_steel":28,"minecraft:carved_pumpkin":3,"minecraft:red_concrete":45,"minecraft:armor_stand":10,"minecraft:redstone":244,"minecraft:spruce_planks":979,"minecraft:tinted_glass":119,"minecraft:ender_chest":12,"minecraft:music_disc_5":9,"minecraft:sculk":1800,"minecraft:wooden_shovel":31,"minecraft:structure_block":4,"minecraft:orange_stained_glass":4,"minecraft:torch":1,"minecraft:dragon_egg":16,"minecraft:anvil":5,"minecraft:dirt":118,"minecraft:spyglass":155,"minecraft:target":3,"minecraft:white_carpet":30,"minecraft:spruce_stairs":330,"minecraft:shulker_box":2,"minecraft:bee_nest":2,"minecraft:blue_concrete":15,"minecraft:polished_diorite":55,"minecraft:dark_oak_planks":23,"minecraft:waxed_cut_copper":1,"minecraft:iron_block":15,"minecraft:oak_stairs":118,"minecraft:brick_stairs":10,"minecraft:slime_block":17,"minecraft:jungle_log":2,"minecraft:smooth_quartz":5005,"minecraft:bamboo":19,"minecraft:tripwire_hook":4,"minecraft:purple_concrete":128,"minecraft:glowstone":1,"minecraft:lime_concrete":658,"minecraft:waxed_cut_copper_slab":12,"minecraft:black_stained_glass":29,"minecraft:magenta_terracotta":3,"minecraft:oxidized_copper":3,"minecraft:black_dye":1,"minecraft:podzol":11,"minecraft:minecart":8,"minecraft:trapped_chest":3,"minecraft:stone_pressure_plate":2,"minecraft:cooked_beef":10,"minecraft:cobbled_deepslate":9,"minecraft:red_dye":1,"minecraft:golden_axe":12,"minecraft:calcite":92,"minecraft:water_bucket":5,"minecraft:dirt_path":4,"minecraft:polished_andesite":329,"minecraft:netherite_chestplate":1,"minecraft:lime_wool":176,"minecraft:blue_wool":15,"minecraft:copper_block":11,"minecraft:spruce_sign":20,"minecraft:glow_ink_sac":23,"minecraft:beacon":12,"minecraft:sheep_spawn_egg":10,"minecraft:green_bed":1,"minecraft:leather_boots":3,"minecraft:deepslate_bricks":2864,"minecraft:waxed_copper_block":398,"minecraft:polished_blackstone_bricks":4,"minecraft:glow_item_frame":7,"minecraft:pink_concrete":1603,"minecraft:polished_blackstone_pressure_plate":2,"minecraft:polished_deepslate_slab":752,"minecraft:diamond_block":5,"minecraft:rail":9,"minecraft:vine":14,"minecraft:tnt":242,"minecraft:crafting_table":1,"minecraft:green_dye":1,"minecraft:sculk_shrieker":98,"minecraft:painting":16,"minecraft:spruce_log":208,"minecraft:dark_oak_door":8,"minecraft:mud":9,"minecraft:piston":5,"minecraft:netherite_block":105,"minecraft:wooden_hoe":53,"minecraft:ender_eye":12,"minecraft:light":335,"minecraft:black_wool":139,"minecraft:apple":1,"minecraft:command_block":23,"minecraft:netherite_axe":17,"minecraft:cyan_concrete":57,"minecraft:spruce_sapling":48,"minecraft:yellow_wool":1,"minecraft:cobblestone":7,"minecraft:potion":9,"minecraft:end_crystal":4,"minecraft:white_banner":6,"minecraft:bucket":7,"minecraft:repeating_command_block":3,"minecraft:end_portal_frame":15,"minecraft:smooth_stone":3,"minecraft:sculk_vein":4,"minecraft:sculk_catalyst":2,"minecraft:jukebox":75,"minecraft:splash_potion":1,"minecraft:green_stained_glass":1},"minecraft:picked_up":{"minecraft:wooden_axe":1,"minecraft:wheat":13,"minecraft:oak_stairs":1,"minecraft:potion":1,"minecraft:light":7,"minecraft:string":5,"minecraft:netherite_ingot":128,"minecraft:oak_sign":2,"minecraft:written_book":11,"minecraft:dark_oak_door":4,"minecraft:tipped_arrow":65,"minecraft:stick":7,"minecraft:orange_shulker_box":10,"minecraft:spruce_stairs":1,"minecraft:torch":1,"minecraft:green_bed":2,"minecraft:porkchop":3,"minecraft:target":7,"minecraft:music_disc_pigstep":42,"minecraft:gray_shulker_box":1,"minecraft:goat_horn":3,"minecraft:rotten_flesh":693,"minecraft:carved_pumpkin":142,"minecraft:waxed_cut_copper":1,"minecraft:barrier":1,"minecraft:leather_chestplate":5,"minecraft:cooked_beef":174,"minecraft:iron_door":7,"minecraft:repeater":9,"minecraft:water_bucket":2,"minecraft:andesite":17,"minecraft:potato":7,"minecraft:dirt":132,"minecraft:leather_boots":5,"minecraft:bow":1,"minecraft:wheat_seeds":42,"minecraft:netherite_axe":1,"minecraft:bamboo":32,"minecraft:oak_planks":128,"minecraft:debug_stick":2,"minecraft:music_disc_13":1,"minecraft:grass_block":1,"minecraft:diamond_block":128,"minecraft:shulker_box":26,"minecraft:netherite_block":320,"minecraft:diamond":704,"minecraft:black_concrete":26,"minecraft:lever":9,"minecraft:crossbow":4,"minecraft:bone_meal":1,"minecraft:spruce_sign":1,"minecraft:oak_sapling":1,"minecraft:bricks":17,"minecraft:nether_star":4,"minecraft:music_disc_5":40,"minecraft:coarse_dirt":3,"minecraft:bee_nest":4,"minecraft:splash_potion":3,"minecraft:chicken":2,"minecraft:ladder":3,"minecraft:chest_minecart":1,"minecraft:leather_leggings":7,"minecraft:chain":7,"minecraft:orange_stained_glass":1,"minecraft:oak_trapdoor":1,"minecraft:elytra":2,"minecraft:wooden_sword":2,"minecraft:item_frame":1,"minecraft:netherite_sword":6,"minecraft:player_head":60,"minecraft:poppy":5,"minecraft:quartz_stairs":1,"minecraft:birch_sapling":1,"minecraft:fire_charge":55,"minecraft:recovery_compass":2,"minecraft:cookie":5,"minecraft:music_disc_11":1,"minecraft:warden_spawn_egg":1,"minecraft:carrot":2,"minecraft:redstone":8,"minecraft:stone_pressure_plate":1,"minecraft:dark_oak_planks":1,"minecraft:tnt":2,"minecraft:arrow":65,"minecraft:deepslate_bricks":19,"minecraft:gold_ingot":128,"minecraft:black_banner":1,"minecraft:polished_blackstone":19,"minecraft:mutton":2,"minecraft:rail":1,"minecraft:white_wool":5,"minecraft:purple_dye":1,"minecraft:clock":1,"minecraft:tripwire_hook":1,"minecraft:leather":135,"minecraft:carrot_on_a_stick":1,"minecraft:gunpowder":1,"minecraft:wooden_hoe":1,"minecraft:paper":1,"minecraft:cooked_mutton":211,"minecraft:light_blue_banner":33,"minecraft:apple":3,"minecraft:iron_ingot":19,"minecraft:glass_bottle":1,"minecraft:prismarine_brick_slab":3,"minecraft:iron_sword":2,"minecraft:sculk_catalyst":40,"minecraft:prismarine_brick_stairs":60,"minecraft:yellow_concrete":5,"minecraft:red_wool":12,"minecraft:dandelion":4,"minecraft:spyglass":1,"minecraft:spruce_sapling":2,"minecraft:dragon_egg":1,"minecraft:leather_helmet":3,"minecraft:firework_rocket":63,"minecraft:slime_ball":2,"minecraft:painting":7,"minecraft:baked_potato":6,"minecraft:red_concrete":1,"minecraft:black_wool":72}},"DataVersion":3120}