{"stats":{"minecraft:dropped":{"minecraft:sculk":2,"minecraft:written_book":2},"minecraft:custom":{"minecraft:open_chest":3,"minecraft:time_since_rest":105180,"minecraft:crouch_one_cm":856,"minecraft:open_shulker_box":9,"minecraft:play_time":105180,"minecraft:sprint_one_cm":197765,"minecraft:open_enderchest":3,"minecraft:damage_taken":10,"minecraft:walk_one_cm":282080,"minecraft:sneak_time":893,"minecraft:walk_under_water_one_cm":14768,"minecraft:mob_kills":1,"minecraft:drop":4,"minecraft:jump":430,"minecraft:damage_dealt":26,"minecraft:leave_game":2,"minecraft:walk_on_water_one_cm":2054,"minecraft:time_since_death":105180,"minecraft:climb_one_cm":1601,"minecraft:total_world_time":105180,"minecraft:swim_one_cm":1583,"minecraft:fall_one_cm":2151,"minecraft:fly_one_cm":475052},"minecraft:used":{"minecraft:lever":3,"minecraft:light":1,"minecraft:firework_rocket":1,"minecraft:bow":5,"minecraft:villager_spawn_egg":1,"minecraft:written_book":19,"minecraft:crossbow":21,"minecraft:black_shulker_box":3,"minecraft:smooth_stone":1},"minecraft:mined":{"minecraft:black_shulker_box":1,"minecraft:lever":3},"minecraft:picked_up":{"minecraft:tipped_arrow":1,"minecraft:firework_rocket":64,"minecraft:sculk":2,"minecraft:bow":1,"minecraft:black_shulker_box":5,"minecraft:lever":3,"minecraft:written_book":2,"minecraft:light":1}},"DataVersion":3120}