{"stats":{"minecraft:used":{"minecraft:moss_block":11,"minecraft:water_bucket":7,"minecraft:leather_leggings":1,"minecraft:dirt_path":4,"minecraft:spruce_door":2,"minecraft:flint_and_steel":29,"minecraft:spruce_slab":38,"minecraft:red_concrete":5,"minecraft:armor_stand":60,"minecraft:polished_andesite":4,"minecraft:stone_shovel":11,"minecraft:redstone":17,"minecraft:ladder":36,"minecraft:oak_planks":1,"minecraft:black_carpet":16,"minecraft:oak_sign":1,"minecraft:spruce_planks":9,"minecraft:leather_chestplate":1,"minecraft:stone":116,"minecraft:quartz_stairs":19,"minecraft:wooden_shovel":3,"minecraft:cobblestone_slab":2,"minecraft:leather_boots":1,"minecraft:oak_door":2,"minecraft:oak_leaves":13,"minecraft:spruce_leaves":3,"minecraft:white_wool":110,"minecraft:soul_campfire":5,"minecraft:pink_concrete":257,"minecraft:dirt":9,"minecraft:skeleton_spawn_egg":1,"minecraft:light_blue_concrete":3,"minecraft:tnt":192,"minecraft:crafting_table":3,"minecraft:loom":1,"minecraft:spruce_stairs":17,"minecraft:brown_banner":8,"minecraft:cobblestone_wall":6,"minecraft:black_banner":22,"minecraft:campfire":6,"minecraft:blue_ice":3,"minecraft:bee_nest":2,"minecraft:lingering_potion":371,"minecraft:black_bed":3,"minecraft:infested_stone_bricks":6,"minecraft:music_disc_13":1,"minecraft:spruce_fence":22,"minecraft:smoker":9,"minecraft:blue_concrete":2,"minecraft:stripped_spruce_log":1,"minecraft:oak_log":64,"minecraft:stone_brick_slab":3,"minecraft:sea_lantern":17,"minecraft:honey_block":13,"minecraft:black_concrete":90,"minecraft:netherite_shovel":69,"minecraft:music_disc_pigstep":16,"minecraft:command_block":3,"minecraft:quartz_slab":1114,"minecraft:lantern":2,"minecraft:grass_block":189,"minecraft:barrier":29,"minecraft:slime_block":37,"minecraft:birch_sapling":202,"minecraft:stone_button":2,"minecraft:spruce_trapdoor":10,"minecraft:smooth_quartz":3262,"minecraft:spruce_sapling":203,"minecraft:barrel":11,"minecraft:stone_brick_stairs":38,"minecraft:bedrock":2,"minecraft:tripwire_hook":4,"minecraft:cobblestone":10,"minecraft:lime_concrete":7,"minecraft:hay_block":5,"minecraft:written_book":13,"minecraft:oak_sapling":220,"minecraft:white_stained_glass_pane":575,"minecraft:dark_oak_fence":27,"minecraft:podzol":1,"minecraft:gray_bed":3,"minecraft:white_stained_glass":111,"minecraft:chain":17,"minecraft:bucket":2,"minecraft:glass_pane":32,"minecraft:ice":11,"minecraft:repeating_command_block":1,"minecraft:stone_pressure_plate":10,"minecraft:stripped_oak_log":32,"minecraft:bone_meal":1766,"minecraft:jukebox":1,"minecraft:brown_bed":1},"minecraft:custom":{"minecraft:play_record":17,"minecraft:interact_with_crafting_table":3,"minecraft:interact_with_loom":1,"minecraft:leave_game":14,"minecraft:time_since_death":402039,"minecraft:climb_one_cm":30342,"minecraft:time_since_rest":402059,"minecraft:sprint_one_cm":421607,"minecraft:damage_taken":60,"minecraft:walk_one_cm":913148,"minecraft:drop":36,"minecraft:talked_to_villager":1,"minecraft:fly_one_cm":10366412,"minecraft:open_chest":5,"minecraft:crouch_one_cm":38646,"minecraft:play_time":940209,"minecraft:deaths":6,"minecraft:sneak_time":33914,"minecraft:walk_under_water_one_cm":3715,"minecraft:jump":5393,"minecraft:walk_on_water_one_cm":12044,"minecraft:total_world_time":940209,"minecraft:fall_one_cm":3027},"minecraft:dropped":{"minecraft:pink_concrete":2,"minecraft:repeating_command_block":3,"minecraft:birch_leaves":2,"minecraft:wheat_seeds":1,"minecraft:dark_oak_sapling":2,"minecraft:birch_sapling":66,"minecraft:barrier":1,"minecraft:music_disc_pigstep":1,"minecraft:brown_banner":1,"minecraft:glass_pane":1,"minecraft:spruce_leaves":2,"minecraft:cornflower":1,"minecraft:wooden_axe":1,"minecraft:smooth_quartz":1,"minecraft:oak_sapling":65,"minecraft:dead_bush":1,"minecraft:bone_meal":1,"minecraft:oak_leaves":3,"minecraft:spruce_sapling":66,"minecraft:beetroot_soup":3,"minecraft:armor_stand":1},"minecraft:picked_up":{"minecraft:wooden_axe":1,"minecraft:spruce_leaves":1,"minecraft:barrier":1,"minecraft:birch_leaves":1,"minecraft:bee_nest":15,"minecraft:azure_bluet":1,"minecraft:ladder":2,"minecraft:cornflower":1,"minecraft:dirt":7,"minecraft:armor_stand":1,"minecraft:beetroot_soup":3,"minecraft:bone":2,"minecraft:glass_pane":1,"minecraft:wheat_seeds":4,"minecraft:written_book":2,"minecraft:smooth_quartz":1,"minecraft:birch_sapling":2,"minecraft:dark_oak_sapling":21,"minecraft:pink_concrete":2,"minecraft:cooked_porkchop":2,"minecraft:music_disc_13":1,"minecraft:dandelion":4,"minecraft:spruce_sapling":2,"minecraft:music_disc_pigstep":11,"minecraft:lever":2,"minecraft:bone_meal":1,"minecraft:black_banner":1,"minecraft:oak_sapling":66,"minecraft:oak_leaves":2,"minecraft:cobblestone":315},"minecraft:crafted":{"minecraft:leather_leggings":2,"minecraft:leather_boots":2,"minecraft:leather_helmet":1,"minecraft:blue_dye":64,"minecraft:leather_chestplate":2}},"DataVersion":3120}