{
	"credit": "Made with Blockbench",
	"textures": {
		"0": "item/at4",
		"particle": "item/at4"
	},
	"elements": [
		{
			"from": [7.25, 4.375, 2.5],
			"to": [8.725, 5.85, 15],
			"faces": {
				"north": {"uv": [0, 0, 1.475, 1.475], "texture": "#0"},
				"east": {"uv": [0, 0, 13, 1.975], "texture": "#0"},
				"south": {"uv": [0, 0, 1.475, 1.475], "texture": "#0"},
				"west": {"uv": [0, 5.25, 13, 6.975], "rotation": 180, "texture": "#0"},
				"up": {"uv": [0, 3.5, 13, 5.225], "rotation": 270, "texture": "#0"},
				"down": {"uv": [0, 2, 13, 3.725], "rotation": 90, "texture": "#0"}
			}
		},
		{
			"from": [7.7, 5.85, 12.1],
			"to": [8.275, 6.175, 13.35],
			"faces": {
				"north": {"uv": [0, 8, 0.575, 8.325], "texture": "#0"},
				"east": {"uv": [0, 8, 1.25, 8.325], "texture": "#0"},
				"south": {"uv": [0, 8, 0.575, 8.325], "texture": "#0"},
				"west": {"uv": [0, 8, 1.25, 8.325], "texture": "#0"},
				"up": {"uv": [0, 8, 1.25, 8.575], "rotation": 90, "texture": "#0"},
				"down": {"uv": [0, 8, 1.25, 8.575], "rotation": 90, "texture": "#0"}
			}
		},
		{
			"from": [7.7, 5.85, 13.625],
			"to": [8.275, 6.125, 15],
			"faces": {
				"north": {"uv": [0, 7, 0.575, 7.275], "texture": "#0"},
				"east": {"uv": [0, 7, 1.375, 7.275], "texture": "#0"},
				"south": {"uv": [0, 7, 0.575, 7.275], "texture": "#0"},
				"west": {"uv": [0, 7, 1.375, 7.275], "texture": "#0"},
				"up": {"uv": [0, 8.05, 1.375, 8.625], "rotation": 90, "texture": "#0"},
				"down": {"uv": [4, 11, 4.575, 12.375], "texture": "#0"}
			}
		},
		{
			"from": [7, 4.1, 1.6],
			"to": [8.975, 6.075, 2.575],
			"rotation": {"angle": 0, "axis": "x", "origin": [8, 6.05593, 2.1128]},
			"faces": {
				"north": {"uv": [0, 8, 1.475, 8.725], "texture": "#0"},
				"east": {"uv": [0, 8, 0.72816, 8.725], "texture": "#0"},
				"south": {"uv": [0, 8, 1.475, 8.725], "texture": "#0"},
				"west": {"uv": [0, 8, 0.72816, 8.725], "texture": "#0"},
				"up": {"uv": [0, 8, 1.475, 8.35791], "texture": "#0"},
				"down": {"uv": [0, 8, 1.475, 8.35791], "texture": "#0"}
			}
		},
		{
			"from": [7.25, 4.375, 1.375],
			"to": [8.725, 5.85, 1.6],
			"rotation": {"angle": 0, "axis": "x", "origin": [8, 5.78093, 0.8128]},
			"faces": {
				"north": {"uv": [0, 9, 1.475, 10.475], "texture": "#0"},
				"east": {"uv": [0, 9, 0.225, 10.475], "texture": "#0"},
				"south": {"uv": [0, 9, 1.475, 10.475], "texture": "#0"},
				"west": {"uv": [0, 9, 0.225, 10.475], "texture": "#0"},
				"up": {"uv": [0, 9, 1.475, 9.225], "texture": "#0"},
				"down": {"uv": [0, 9, 1.475, 9.225], "texture": "#0"}
			}
		},
		{
			"from": [7.5, 4.625, 1.15],
			"to": [8.475, 5.6, 1.375],
			"rotation": {"angle": 0, "axis": "x", "origin": [8, 5.78093, 0.8378]},
			"faces": {
				"north": {"uv": [0, 11, 0.975, 11.975], "texture": "#0"},
				"east": {"uv": [0, 11, 0.225, 11.975], "texture": "#0"},
				"south": {"uv": [0, 11, 0.975, 11.975], "texture": "#0"},
				"west": {"uv": [0, 11, 0.225, 11.975], "texture": "#0"},
				"up": {"uv": [0, 11, 0.975, 11.225], "texture": "#0"},
				"down": {"uv": [0, 11, 0.975, 11.225], "texture": "#0"}
			}
		},
		{
			"from": [7, 3.75, 15],
			"to": [9, 6.225, 15.5],
			"faces": {
				"north": {"uv": [0, 8, 0.75, 8.975], "texture": "#0"},
				"east": {"uv": [0, 8, 0.1875, 8.975], "texture": "#0"},
				"south": {"uv": [0, 8, 0.75, 8.975], "texture": "#0"},
				"west": {"uv": [0, 8, 0.1875, 8.975], "texture": "#0"},
				"up": {"uv": [0, 8, 0.75, 8.19697], "texture": "#0"},
				"down": {"uv": [0, 8, 0.75, 8.19697], "texture": "#0"}
			}
		},
		{
			"from": [7.75, 2.75, 13.25],
			"to": [8.25, 4.45, 13.75],
			"rotation": {"angle": -22.5, "axis": "x", "origin": [8, 3.6125, 13.25]},
			"faces": {
				"north": {"uv": [0, 0, 0.5, 1.7], "texture": "#0"},
				"east": {"uv": [0, 0, 0.5, 1.7], "texture": "#0"},
				"south": {"uv": [0, 0, 0.5, 1.7], "texture": "#0"},
				"west": {"uv": [0, 0, 0.5, 1.7], "texture": "#0"},
				"up": {"uv": [0, 0, 0.5, 0.5], "texture": "#0"},
				"down": {"uv": [0, 0, 0.5, 0.5], "texture": "#0"}
			}
		},
		{
			"from": [7.75, 2.75, 5.75],
			"to": [8.25, 4.45, 6.25],
			"rotation": {"angle": -22.5, "axis": "x", "origin": [8, 3.6, 5.75]},
			"faces": {
				"north": {"uv": [0, 0, 0.5, 1.7], "texture": "#0"},
				"east": {"uv": [0, 0, 0.5, 1.7], "texture": "#0"},
				"south": {"uv": [0, 0, 0.5, 1.7], "texture": "#0"},
				"west": {"uv": [0, 0, 0.5, 1.7], "texture": "#0"},
				"up": {"uv": [0, 0, 0.5, 0.5], "texture": "#0"},
				"down": {"uv": [0, 0, 0.5, 0.5], "texture": "#0"}
			}
		}
	],
	"display": {
		"thirdperson_righthand": {
			"translation": [0.25, 8, 4],
			"scale": [2, 2, 2]
		},
		"thirdperson_lefthand": {
			"translation": [0.25, 8, 4],
			"scale": [2, 2, 2]
		},
		"firstperson_righthand": {
			"rotation": [0, -10.25, 0],
			"translation": [1.25, 9, 0],
			"scale": [2, 2, 2]
		},
		"firstperson_lefthand": {
			"rotation": [0, -10.25, 0],
			"translation": [1.25, 9, 0],
			"scale": [2, 2, 2]
		},
		"ground": {
			"translation": [0, 1, 0]
		},
		"gui": {
			"rotation": [0, 124, 0],
			"translation": [-0.25, 4, 0],
			"scale": [1.3, 1.3, 1.3]
		},
		"head": {
			"translation": [0, 14.25, 0],
			"scale": [2, 2, 2]
		},
		"fixed": {
			"rotation": [0, -90, 0],
			"translation": [0.5, 4, -1.25],
			"scale": [1.3, 1.3, 1.3]
		}
	}
}