{
	"credit": "Made by Playxs",
	"texture_size": [32, 32],
	"textures": {
		"0": "item/m1a",
		"particle": "item/m1a"
	},
	"elements": [
		{
			"from": [7.55, 1.075, 2],
			"to": [8.45, 1.325, 2.8],
			"rotation": {"angle": 0, "axis": "y", "origin": [8, 2.46377, 8.08161]},
			"faces": {
				"north": {"uv": [5, 0, 5.5, 0.5], "texture": "#0"},
				"east": {"uv": [0.175, 3, 4.0125, 3.5], "texture": "#0"},
				"south": {"uv": [5, 0.5, 5.5, 1], "texture": "#0"},
				"west": {"uv": [0.175, 3, 4, 3.5], "rotation": 180, "texture": "#0"},
				"up": {"uv": [2, 5.5, 1.5, 5], "texture": "#0"},
				"down": {"uv": [5.5, 2, 5, 2.5], "texture": "#0"}
			}
		},
		{
			"from": [7.55, 0.5, 0.5],
			"to": [8.45, 2.5, 2],
			"rotation": {"angle": 0, "axis": "y", "origin": [8, 2.46377, 8.08161]},
			"faces": {
				"north": {"uv": [0, 3, 0.5, 4], "texture": "#0"},
				"east": {"uv": [0, 4, 5, 11.5], "texture": "#0"},
				"south": {"uv": [0, 3, 0.5, 4], "texture": "#0"},
				"west": {"uv": [0, 11, 7.5, 16], "rotation": 270, "texture": "#0"},
				"up": {"uv": [0.5, 4, 0, 3], "texture": "#0"},
				"down": {"uv": [0.5, 3, 0, 4], "texture": "#0"}
			}
		},
		{
			"from": [7.55, 1.575, 2],
			"to": [8.45, 2.575, 4.475],
			"rotation": {"angle": 0, "axis": "y", "origin": [8, 2.46377, 8.08161]},
			"faces": {
				"north": {"uv": [0, 0.5, 0.5, 1], "texture": "#0"},
				"east": {"uv": [0, 0, 4, 1.5], "texture": "#0"},
				"south": {"uv": [0, 0, 0.5, 0.5], "texture": "#0"},
				"west": {"uv": [4, 0, 8, 1.5], "texture": "#0"},
				"up": {"uv": [0.5, 1, 0, 0], "texture": "#0"},
				"down": {"uv": [0.5, 0, 0, 1], "texture": "#0"}
			}
		},
		{
			"from": [7.5, 3.30301, 4.51461],
			"to": [8.5, 3.95301, 5.68961],
			"rotation": {"angle": -22.5, "axis": "x", "origin": [8, 2.46377, 8.08161]},
			"faces": {
				"north": {"uv": [2.5, 5, 3, 5.5], "texture": "#0"},
				"east": {"uv": [5, 2.5, 5.5, 3], "texture": "#0"},
				"south": {"uv": [3, 5, 3.5, 5.5], "texture": "#0"},
				"west": {"uv": [5, 3, 5.5, 3.5], "texture": "#0"},
				"up": {"uv": [4, 5.5, 3.5, 5], "texture": "#0"},
				"down": {"uv": [5.5, 3.5, 5, 4], "texture": "#0"}
			}
		},
		{
			"from": [7.5, 2.22753, 5.30072],
			"to": [8.5, 3.17753, 7.37572],
			"rotation": {"angle": 0, "axis": "y", "origin": [8, 2.46377, 8.08161]},
			"faces": {
				"north": {"uv": [4, 5, 4.5, 5.5], "texture": "#0"},
				"east": {"uv": [6, 11.5, 14.5, 15.5], "texture": "#0"},
				"south": {"uv": [5, 4, 5.5, 4.5], "texture": "#0"},
				"west": {"uv": [6, 11.5, 14.5, 15.5], "texture": "#0"},
				"up": {"uv": [1, 5, 0.5, 4], "texture": "#0"},
				"down": {"uv": [4.5, 1, 4, 2], "texture": "#0"}
			}
		},
		{
			"from": [7.5, 3.17753, 5.80072],
			"to": [8.5, 3.25253, 8.12572],
			"rotation": {"angle": 0, "axis": "y", "origin": [8, 2.46377, 8.08161]},
			"faces": {
				"north": {"uv": [6.5, 3.5, 7, 4], "texture": "#0"},
				"east": {"uv": [4.5, 1, 5.5, 1.5], "texture": "#0"},
				"south": {"uv": [4, 6.5, 4.5, 7], "texture": "#0"},
				"west": {"uv": [4.5, 1.5, 5.5, 2], "texture": "#0"},
				"up": {"uv": [2.5, 5.5, 2, 4.5], "texture": "#0"},
				"down": {"uv": [5, 2, 4.5, 3], "texture": "#0"}
			}
		},
		{
			"from": [7.5, 3.25253, 7.70072],
			"to": [8.5, 3.32753, 8.12572],
			"rotation": {"angle": 0, "axis": "y", "origin": [8, 2.46377, 8.08161]},
			"faces": {
				"north": {"uv": [6.5, 4, 7, 4.5], "texture": "#0"},
				"east": {"uv": [4.5, 6.5, 5, 7], "texture": "#0"},
				"south": {"uv": [6.5, 4.5, 7, 5], "texture": "#0"},
				"west": {"uv": [5, 6.5, 5.5, 7], "texture": "#0"},
				"up": {"uv": [7, 5.5, 6.5, 5], "texture": "#0"},
				"down": {"uv": [6, 6.5, 5.5, 7], "texture": "#0"}
			}
		},
		{
			"from": [7.775, 3.25253, 5.87572],
			"to": [8.225, 3.30253, 6.87572],
			"rotation": {"angle": 0, "axis": "y", "origin": [8, 2.46377, 8.08161]},
			"faces": {
				"north": {"uv": [6.5, 5.5, 7, 6], "texture": "#0"},
				"east": {"uv": [6, 6.5, 6.5, 7], "texture": "#0"},
				"south": {"uv": [6.5, 6, 7, 6.5], "texture": "#0"},
				"west": {"uv": [6.5, 6.5, 7, 7], "texture": "#0"},
				"up": {"uv": [0.5, 7.5, 0, 7], "texture": "#0"},
				"down": {"uv": [7.5, 0, 7, 0.5], "texture": "#0"}
			}
		},
		{
			"from": [7.775, 3.30253, 6.62572],
			"to": [8.225, 3.52753, 7.02572],
			"rotation": {"angle": 0, "axis": "y", "origin": [8, 2.46377, 8.08161]},
			"faces": {
				"north": {"uv": [0.5, 7, 1, 7.5], "texture": "#0"},
				"east": {"uv": [7, 0.5, 7.5, 1], "texture": "#0"},
				"south": {"uv": [1, 7, 1.5, 7.5], "texture": "#0"},
				"west": {"uv": [7, 1, 7.5, 1.5], "texture": "#0"},
				"up": {"uv": [2, 7.5, 1.5, 7], "texture": "#0"},
				"down": {"uv": [7.5, 1.5, 7, 2], "texture": "#0"}
			}
		},
		{
			"from": [7.775, 3.30253, 5.92572],
			"to": [8.225, 3.42753, 6.62572],
			"rotation": {"angle": 0, "axis": "y", "origin": [8, 2.46377, 8.08161]},
			"faces": {
				"north": {"uv": [2, 7, 2.5, 7.5], "texture": "#0"},
				"east": {"uv": [7, 2, 7.5, 2.5], "texture": "#0"},
				"south": {"uv": [2.5, 7, 3, 7.5], "texture": "#0"},
				"west": {"uv": [7, 2.5, 7.5, 3], "texture": "#0"},
				"up": {"uv": [3.5, 7.5, 3, 7], "texture": "#0"},
				"down": {"uv": [7.5, 3, 7, 3.5], "texture": "#0"}
			}
		},
		{
			"from": [7.775, 3.42753, 5.92572],
			"to": [8.225, 3.62753, 6.22572],
			"rotation": {"angle": 0, "axis": "y", "origin": [8, 2.46377, 8.08161]},
			"faces": {
				"north": {"uv": [3.5, 7, 4, 7.5], "texture": "#0"},
				"east": {"uv": [7, 3.5, 7.5, 4], "texture": "#0"},
				"south": {"uv": [4, 7, 4.5, 7.5], "texture": "#0"},
				"west": {"uv": [7, 4, 7.5, 4.5], "texture": "#0"},
				"up": {"uv": [5, 7.5, 4.5, 7], "texture": "#0"},
				"down": {"uv": [7.5, 4.5, 7, 5], "texture": "#0"}
			}
		},
		{
			"from": [7.925, 1.02149, 5.9846],
			"to": [8.075, 1.39649, 6.0846],
			"rotation": {"angle": 22.5, "axis": "x", "origin": [8, 2.46377, 8.08161]},
			"faces": {
				"north": {"uv": [5, 7, 5.5, 7.5], "texture": "#0"},
				"east": {"uv": [7, 5, 7.5, 5.5], "texture": "#0"},
				"south": {"uv": [5.5, 7, 6, 7.5], "texture": "#0"},
				"west": {"uv": [7, 5.5, 7.5, 6], "texture": "#0"},
				"up": {"uv": [6.5, 7.5, 6, 7], "texture": "#0"},
				"down": {"uv": [7.5, 6, 7, 6.5], "texture": "#0"}
			}
		},
		{
			"from": [7.85, 1.75253, 5.40072],
			"to": [8.15, 2.22753, 5.50072],
			"rotation": {"angle": 0, "axis": "y", "origin": [8, 2.46377, 8.08161]},
			"faces": {
				"north": {"uv": [8, 8, 8.5, 8.5], "texture": "#0"},
				"east": {"uv": [0, 8.5, 0.5, 9], "texture": "#0"},
				"south": {"uv": [8.5, 0, 9, 0.5], "texture": "#0"},
				"west": {"uv": [0.5, 8.5, 1, 9], "texture": "#0"},
				"up": {"uv": [9, 1, 8.5, 0.5], "texture": "#0"},
				"down": {"uv": [1.5, 8.5, 1, 9], "texture": "#0"}
			}
		},
		{
			"from": [7.85, 1.75253, 6.10072],
			"to": [8.15, 2.22753, 6.20072],
			"rotation": {"angle": 0, "axis": "y", "origin": [8, 2.46377, 8.08161]},
			"faces": {
				"north": {"uv": [8.5, 2.5, 9, 3], "texture": "#0"},
				"east": {"uv": [3, 8.5, 3.5, 9], "texture": "#0"},
				"south": {"uv": [8.5, 3, 9, 3.5], "texture": "#0"},
				"west": {"uv": [3.5, 8.5, 4, 9], "texture": "#0"},
				"up": {"uv": [9, 4, 8.5, 3.5], "texture": "#0"},
				"down": {"uv": [4.5, 8.5, 4, 9], "texture": "#0"}
			}
		},
		{
			"from": [7.85, 1.70253, 5.50072],
			"to": [8.15, 1.80253, 6.10072],
			"rotation": {"angle": 0, "axis": "y", "origin": [8, 2.46377, 8.08161]},
			"faces": {
				"north": {"uv": [8.5, 1, 9, 1.5], "texture": "#0"},
				"east": {"uv": [1.5, 8.5, 2, 9], "texture": "#0"},
				"south": {"uv": [8.5, 1.5, 9, 2], "texture": "#0"},
				"west": {"uv": [2, 8.5, 2.5, 9], "texture": "#0"},
				"up": {"uv": [9, 2.5, 8.5, 2], "texture": "#0"},
				"down": {"uv": [3, 8.5, 2.5, 9], "texture": "#0"}
			}
		},
		{
			"from": [7.65, 1.78381, 6.92718],
			"to": [8.35, 2.68381, 8.02718],
			"rotation": {"angle": -22.5, "axis": "x", "origin": [8, 2.46377, 8.08161]},
			"faces": {
				"north": {"uv": [15.5, 15.5, 16, 16], "texture": "#0"},
				"east": {"uv": [15.5, 15.5, 16, 16], "texture": "#0"},
				"south": {"uv": [15.5, 15.5, 16, 16], "texture": "#0"},
				"west": {"uv": [15.5, 15.5, 16, 16], "texture": "#0"},
				"up": {"uv": [16, 16, 15.5, 15.5], "texture": "#0"},
				"down": {"uv": [16, 15.5, 15.5, 16], "texture": "#0"}
			}
		},
		{
			"from": [7.5, 2.52753, 7.37572],
			"to": [8.5, 3.17753, 13.77572],
			"rotation": {"angle": 0, "axis": "y", "origin": [8, 2.46377, 8.08161]},
			"faces": {
				"north": {"uv": [4.5, 5, 5, 5.5], "texture": "#0"},
				"east": {"uv": [10, 0, 16, 2.5], "texture": "#0"},
				"south": {"uv": [5, 4.5, 5.5, 5], "texture": "#0"},
				"west": {"uv": [10, 5, 16, 7.5], "texture": "#0"},
				"up": {"uv": [0.5, 4, 0, 1], "texture": "#0"},
				"down": {"uv": [10, 5, 16, 2.5], "rotation": 90, "texture": "#0"}
			}
		},
		{
			"from": [7.5, 3.17753, 8.12572],
			"to": [8.5, 3.42753, 13.75072],
			"rotation": {"angle": 0, "axis": "y", "origin": [8, 2.46377, 8.08161]},
			"faces": {
				"north": {"uv": [0, 15.5, 0.5, 16], "texture": "#0"},
				"east": {"uv": [0, 15.5, 0.5, 16], "texture": "#0"},
				"south": {"uv": [0, 15.5, 0.5, 16], "texture": "#0"},
				"west": {"uv": [0, 15.5, 0.5, 16], "texture": "#0"},
				"up": {"uv": [0.5, 16, 0, 15.5], "texture": "#0"},
				"down": {"uv": [0.5, 15.5, 0, 16], "texture": "#0"}
			}
		},
		{
			"from": [7.85, 2.70253, 13.75072],
			"to": [8.15, 3.35253, 13.92572],
			"rotation": {"angle": 0, "axis": "y", "origin": [8, 2.46377, 8.08161]},
			"faces": {
				"north": {"uv": [5.5, 2, 6, 2.5], "texture": "#0"},
				"east": {"uv": [2.5, 5.5, 3, 6], "texture": "#0"},
				"south": {"uv": [5.5, 2.5, 6, 3], "texture": "#0"},
				"west": {"uv": [3, 5.5, 3.5, 6], "texture": "#0"},
				"up": {"uv": [6, 3.5, 5.5, 3], "texture": "#0"},
				"down": {"uv": [4, 5.5, 3.5, 6], "texture": "#0"}
			}
		},
		{
			"from": [7.875, 3.27753, 13.92572],
			"to": [8.125, 3.30253, 14.35072],
			"rotation": {"angle": 0, "axis": "y", "origin": [8, 2.46377, 8.08161]},
			"faces": {
				"north": {"uv": [5.5, 3.5, 6, 4], "texture": "#0"},
				"east": {"uv": [4, 5.5, 4.5, 6], "texture": "#0"},
				"south": {"uv": [5.5, 4, 6, 4.5], "texture": "#0"},
				"west": {"uv": [4.5, 5.5, 5, 6], "texture": "#0"},
				"up": {"uv": [6, 5, 5.5, 4.5], "texture": "#0"},
				"down": {"uv": [5.5, 5.5, 5, 6], "texture": "#0"}
			}
		},
		{
			"from": [7.875, 3.30253, 14.35072],
			"to": [8.125, 3.32753, 15.40072],
			"rotation": {"angle": 0, "axis": "y", "origin": [8, 2.46377, 8.08161]},
			"faces": {
				"north": {"uv": [1, 6, 1.5, 6.5], "texture": "#0"},
				"east": {"uv": [6, 1, 6.5, 1.5], "texture": "#0"},
				"south": {"uv": [1.5, 6, 2, 6.5], "texture": "#0"},
				"west": {"uv": [6, 1.5, 6.5, 2], "texture": "#0"},
				"up": {"uv": [2.5, 6.5, 2, 6], "texture": "#0"},
				"down": {"uv": [6.5, 2, 6, 2.5], "texture": "#0"}
			}
		},
		{
			"from": [7.85, 3.05, 14.35072],
			"to": [7.875, 3.3, 15.40072],
			"rotation": {"angle": 0, "axis": "y", "origin": [8, 2.46377, 8.08161]},
			"faces": {
				"north": {"uv": [7.5, 0.5, 8, 1], "texture": "#0"},
				"east": {"uv": [1, 7.5, 1.5, 8], "texture": "#0"},
				"south": {"uv": [7.5, 1, 8, 1.5], "texture": "#0"},
				"west": {"uv": [1.5, 7.5, 2, 8], "texture": "#0"},
				"up": {"uv": [8, 2, 7.5, 1.5], "texture": "#0"},
				"down": {"uv": [2.5, 7.5, 2, 8], "texture": "#0"}
			}
		},
		{
			"from": [8.125, 3.05, 14.35072],
			"to": [8.15, 3.3, 15.40072],
			"rotation": {"angle": 0, "axis": "y", "origin": [8, 2.46377, 8.08161]},
			"faces": {
				"north": {"uv": [7.5, 2, 8, 2.5], "texture": "#0"},
				"east": {"uv": [2.5, 7.5, 3, 8], "texture": "#0"},
				"south": {"uv": [7.5, 2.5, 8, 3], "texture": "#0"},
				"west": {"uv": [3, 7.5, 3.5, 8], "texture": "#0"},
				"up": {"uv": [8, 3.5, 7.5, 3], "texture": "#0"},
				"down": {"uv": [4, 7.5, 3.5, 8], "texture": "#0"}
			}
		},
		{
			"from": [7.85, 3.32753, 14.55072],
			"to": [8.15, 3.47753, 14.82572],
			"rotation": {"angle": 0, "axis": "y", "origin": [8, 2.46377, 8.08161]},
			"faces": {
				"north": {"uv": [6.5, 2, 7, 2.5], "texture": "#0"},
				"east": {"uv": [0, 8.5, 0.5, 9], "texture": "#0"},
				"south": {"uv": [6.5, 2.5, 7, 3], "texture": "#0"},
				"west": {"uv": [0.5, 8.5, 1, 9], "texture": "#0"},
				"up": {"uv": [7, 3.5, 6.5, 3], "texture": "#0"},
				"down": {"uv": [1.5, 8.5, 1, 9], "texture": "#0"}
			}
		},
		{
			"from": [7.85, 3.47753, 14.55072],
			"to": [7.875, 3.57753, 14.82572],
			"rotation": {"angle": 0, "axis": "y", "origin": [8, 2.46377, 8.08161]},
			"faces": {
				"north": {"uv": [0, 8, 0.5, 8.5], "texture": "#0"},
				"east": {"uv": [0, 8.5, 0.5, 9], "texture": "#0"},
				"south": {"uv": [0.5, 8, 1, 8.5], "texture": "#0"},
				"west": {"uv": [0.5, 8.5, 1, 9], "texture": "#0"},
				"up": {"uv": [0.5, 8.5, 0, 8], "texture": "#0"},
				"down": {"uv": [0.5, 8, 0, 8.5], "texture": "#0"}
			}
		},
		{
			"from": [7.825, 3.57753, 14.55072],
			"to": [7.85, 3.70253, 14.82572],
			"rotation": {"angle": 0, "axis": "y", "origin": [8, 2.46377, 8.08161]},
			"faces": {
				"north": {"uv": [0, 8, 0.5, 8.5], "texture": "#0"},
				"east": {"uv": [0, 7, 0.5, 7.5], "texture": "#0"},
				"south": {"uv": [0.5, 8, 1, 8.5], "texture": "#0"},
				"west": {"uv": [0, 7.5, 0.5, 8], "texture": "#0"},
				"up": {"uv": [1.5, 8.5, 1, 8], "texture": "#0"},
				"down": {"uv": [0.5, 8, 0, 8.5], "texture": "#0"}
			}
		},
		{
			"from": [8.15, 3.57753, 14.55072],
			"to": [8.175, 3.70253, 14.82572],
			"rotation": {"angle": 0, "axis": "y", "origin": [8, 2.46377, 8.08161]},
			"faces": {
				"north": {"uv": [0, 8, 0.5, 8.5], "texture": "#0"},
				"east": {"uv": [0, 7, 0.5, 7.5], "texture": "#0"},
				"south": {"uv": [0.5, 8, 1, 8.5], "texture": "#0"},
				"west": {"uv": [0, 7.5, 0.5, 8], "texture": "#0"},
				"up": {"uv": [1.5, 8.5, 1, 8], "texture": "#0"},
				"down": {"uv": [0.5, 8, 0, 8.5], "texture": "#0"}
			}
		},
		{
			"from": [8.125, 3.70253, 14.55072],
			"to": [8.15, 3.75253, 14.82572],
			"rotation": {"angle": 0, "axis": "y", "origin": [8, 2.46377, 8.08161]},
			"faces": {
				"north": {"uv": [0, 8.5, 0.5, 9], "texture": "#0"},
				"east": {"uv": [0, 7.5, 0.5, 8], "texture": "#0"},
				"south": {"uv": [0.5, 8.5, 1, 9], "texture": "#0"},
				"west": {"uv": [0, 8, 0.5, 8.5], "texture": "#0"},
				"up": {"uv": [1.5, 9, 1, 8.5], "texture": "#0"},
				"down": {"uv": [0.5, 8.5, 0, 9], "texture": "#0"}
			}
		},
		{
			"from": [7.85, 3.70253, 14.55072],
			"to": [7.875, 3.75253, 14.82572],
			"rotation": {"angle": 0, "axis": "y", "origin": [8, 2.46377, 8.08161]},
			"faces": {
				"north": {"uv": [0, 8.5, 0.5, 9], "texture": "#0"},
				"east": {"uv": [0, 7.5, 0.5, 8], "texture": "#0"},
				"south": {"uv": [0.5, 8.5, 1, 9], "texture": "#0"},
				"west": {"uv": [0, 8, 0.5, 8.5], "texture": "#0"},
				"up": {"uv": [1.5, 9, 1, 8.5], "texture": "#0"},
				"down": {"uv": [0.5, 8.5, 0, 9], "texture": "#0"}
			}
		},
		{
			"from": [8.125, 3.47753, 14.55072],
			"to": [8.15, 3.57753, 14.82572],
			"rotation": {"angle": 0, "axis": "y", "origin": [8, 2.46377, 8.08161]},
			"faces": {
				"north": {"uv": [0, 8, 0.5, 8.5], "texture": "#0"},
				"east": {"uv": [0, 7, 0.5, 7.5], "texture": "#0"},
				"south": {"uv": [0.5, 8, 1, 8.5], "texture": "#0"},
				"west": {"uv": [0, 7.5, 0.5, 8], "texture": "#0"},
				"up": {"uv": [1.5, 8.5, 1, 8], "texture": "#0"},
				"down": {"uv": [0.5, 8, 0, 8.5], "texture": "#0"}
			}
		},
		{
			"from": [7.875, 3.02753, 14.35072],
			"to": [8.125, 3.05253, 15.40072],
			"rotation": {"angle": 0, "axis": "y", "origin": [8, 2.46377, 8.08161]},
			"faces": {
				"north": {"uv": [2.5, 6, 3, 6.5], "texture": "#0"},
				"east": {"uv": [6, 2.5, 6.5, 3], "texture": "#0"},
				"south": {"uv": [3, 6, 3.5, 6.5], "texture": "#0"},
				"west": {"uv": [6, 3, 6.5, 3.5], "texture": "#0"},
				"up": {"uv": [4, 6.5, 3.5, 6], "texture": "#0"},
				"down": {"uv": [6.5, 3.5, 6, 4], "texture": "#0"}
			}
		},
		{
			"from": [7.875, 3.05253, 13.92572],
			"to": [8.125, 3.07753, 14.35072],
			"rotation": {"angle": 0, "axis": "y", "origin": [8, 2.46377, 8.08161]},
			"faces": {
				"north": {"uv": [5.5, 5, 6, 5.5], "texture": "#0"},
				"east": {"uv": [5.5, 5.5, 6, 6], "texture": "#0"},
				"south": {"uv": [0, 0, 0.5, 0.5], "texture": "#0"},
				"west": {"uv": [6, 0, 6.5, 0.5], "texture": "#0"},
				"up": {"uv": [1, 0.5, 0.5, 0], "texture": "#0"},
				"down": {"uv": [6.5, 0.5, 6, 1], "texture": "#0"}
			}
		},
		{
			"from": [7.85, 3.075, 13.92572],
			"to": [7.875, 3.275, 14.35072],
			"rotation": {"angle": 0, "axis": "y", "origin": [8, 2.46377, 8.08161]},
			"faces": {
				"north": {"uv": [7.5, 3.5, 8, 4], "texture": "#0"},
				"east": {"uv": [4, 7.5, 4.5, 8], "texture": "#0"},
				"south": {"uv": [7.5, 4, 8, 4.5], "texture": "#0"},
				"west": {"uv": [4.5, 7.5, 5, 8], "texture": "#0"},
				"up": {"uv": [8, 5, 7.5, 4.5], "texture": "#0"},
				"down": {"uv": [5.5, 7.5, 5, 8], "texture": "#0"}
			}
		},
		{
			"from": [8.125, 3.075, 13.92572],
			"to": [8.15, 3.275, 14.35072],
			"rotation": {"angle": 0, "axis": "y", "origin": [8, 2.46377, 8.08161]},
			"faces": {
				"north": {"uv": [7.5, 5, 8, 5.5], "texture": "#0"},
				"east": {"uv": [5.5, 7.5, 6, 8], "texture": "#0"},
				"south": {"uv": [7.5, 5.5, 8, 6], "texture": "#0"},
				"west": {"uv": [6, 7.5, 6.5, 8], "texture": "#0"},
				"up": {"uv": [8, 6.5, 7.5, 6], "texture": "#0"},
				"down": {"uv": [7, 7.5, 6.5, 8], "texture": "#0"}
			}
		},
		{
			"from": [7.875, 2.72753, 13.92572],
			"to": [8.1, 2.97753, 14.32572],
			"rotation": {"angle": 0, "axis": "y", "origin": [8, 2.46377, 8.08161]},
			"faces": {
				"north": {"uv": [4, 6, 4.5, 6.5], "texture": "#0"},
				"east": {"uv": [6, 4, 6.5, 4.5], "texture": "#0"},
				"south": {"uv": [4.5, 6, 5, 6.5], "texture": "#0"},
				"west": {"uv": [6, 4.5, 6.5, 5], "texture": "#0"},
				"up": {"uv": [5.5, 6.5, 5, 6], "texture": "#0"},
				"down": {"uv": [6.5, 5, 6, 5.5], "texture": "#0"}
			}
		},
		{
			"from": [7.85, 2.70253, 14.32572],
			"to": [8.125, 3.02753, 14.72572],
			"rotation": {"angle": 0, "axis": "y", "origin": [8, 2.46377, 8.08161]},
			"faces": {
				"north": {"uv": [0, 0, 0.5, 0.5], "texture": "#0"},
				"east": {"uv": [0, 0, 0.5, 0.5], "texture": "#0"},
				"south": {"uv": [0, 0, 0.5, 0.5], "texture": "#0"},
				"west": {"uv": [0, 0, 0.5, 0.5], "texture": "#0"},
				"up": {"uv": [0.5, 0.5, 0, 0], "texture": "#0"},
				"down": {"uv": [0.5, 0, 0, 0.5], "texture": "#0"}
			}
		},
		{
			"from": [7.9, 2.75253, 14.72572],
			"to": [8.075, 2.92753, 15.10072],
			"rotation": {"angle": 0, "axis": "y", "origin": [8, 2.46377, 8.08161]},
			"faces": {
				"north": {"uv": [6.5, 0.5, 7, 1], "texture": "#0"},
				"east": {"uv": [1, 6.5, 1.5, 7], "texture": "#0"},
				"south": {"uv": [6.5, 1, 7, 1.5], "texture": "#0"},
				"west": {"uv": [1.5, 6.5, 2, 7], "texture": "#0"},
				"up": {"uv": [7, 2, 6.5, 1.5], "texture": "#0"},
				"down": {"uv": [2.5, 6.5, 2, 7], "texture": "#0"}
			}
		},
		{
			"from": [7.5, 3.42753, 9.35072],
			"to": [8.5, 3.52753, 10.97572],
			"rotation": {"angle": 0, "axis": "y", "origin": [8, 2.46377, 8.08161]},
			"faces": {
				"north": {"uv": [0, 15.5, 0.5, 16], "texture": "#0"},
				"east": {"uv": [0, 15.5, 0.5, 16], "texture": "#0"},
				"south": {"uv": [0, 15.5, 0.5, 16], "texture": "#0"},
				"west": {"uv": [0, 15.5, 0.5, 16], "texture": "#0"},
				"up": {"uv": [0.5, 16, 0, 15.5], "texture": "#0"},
				"down": {"uv": [0.5, 15.5, 0, 16], "texture": "#0"}
			}
		},
		{
			"from": [7.5, 2.37753, 7.37572],
			"to": [8.5, 2.52753, 8.27572],
			"rotation": {"angle": 0, "axis": "y", "origin": [8, 2.46377, 8.08161]},
			"faces": {
				"north": {"uv": [5, 5, 5.5, 5.5], "texture": "#0"},
				"east": {"uv": [0, 5.5, 0.5, 6], "texture": "#0"},
				"south": {"uv": [5.5, 0, 6, 0.5], "texture": "#0"},
				"west": {"uv": [0.5, 5.5, 1, 6], "texture": "#0"},
				"up": {"uv": [6, 1, 5.5, 0.5], "texture": "#0"},
				"down": {"uv": [1.5, 5.5, 1, 6], "texture": "#0"}
			}
		},
		{
			"from": [7.55, 1.325, 2],
			"to": [8.45, 1.575, 3.3],
			"rotation": {"angle": 0, "axis": "y", "origin": [8, 2.46377, 8.08161]},
			"faces": {
				"north": {"uv": [4.5, 3, 5, 3.5], "texture": "#0"},
				"east": {"uv": [2.75, 5.5, 9, 6], "texture": "#0"},
				"south": {"uv": [4.5, 3.5, 5, 4], "texture": "#0"},
				"west": {"uv": [2.75, 5.5, 9, 6], "rotation": 180, "texture": "#0"},
				"up": {"uv": [5, 5, 4.5, 4.5], "texture": "#0"},
				"down": {"uv": [0.5, 5, 0, 5.5], "texture": "#0"}
			}
		}
	],
	"display": {
		"thirdperson_righthand": {
			"rotation": [-8, 180, 0],
			"translation": [0, 8.5, -3.5],
			"scale": [1.5, 1.5, 1.5]
		},
		"thirdperson_lefthand": {
			"rotation": [-12, 180, 0],
			"translation": [-0.25, 8.25, -4],
			"scale": [1.5, 1.5, 1.5]
		},
		"firstperson_righthand": {
			"rotation": [-180, 4.25, 179.97],
			"translation": [-3, 12.5, 2.25],
			"scale": [1.5, 1.5, 1.5]
		},
		"firstperson_lefthand": {
			"rotation": [-1, 171, 0],
			"translation": [-2.5, 12.75, 2.5],
			"scale": [1.5, 1.5, 1.5]
		},
		"ground": {
			"translation": [0, 3.25, 0]
		},
		"gui": {
			"rotation": [0, -58, 0],
			"translation": [-0.5, 6.25, 0],
			"scale": [1.1, 1.1, 1.1]
		},
		"head": {
			"rotation": [0, 180, 0],
			"translation": [0, 16.75, 0],
			"scale": [1.5, 1.5, 1.5]
		},
		"fixed": {
			"rotation": [0, 90, 0],
			"translation": [0, 6.75, -0.5],
			"scale": [1.2, 1.2, 1.2]
		}
	},
	"groups": [
		{
			"name": "m1a",
			"origin": [8, 8, 8],
			"color": 0,
			"children": [0, 1, 2, 3, 4, 5, 6, 7, 8, 9, 10, 11, 12, 13, 14, 15, 16, 17, 18, 19, 20, 21, 22, 23, 24, 25, 26, 27, 28, 29, 30, 31, 32, 33, 34, 35, 36, 37, 38, 39]
		}
	]
}
