{
	"credit": "Made by Playxs",
	"parent": "minecraft:bow",
	"texture_size": [32, 32],
	"textures": {
		"0": "item/m4a1",
		"particle": "item/m4a1"
	},
	"elements": [
		{
			"from": [7, 3.05, 8.25],
			"to": [9, 4.2, 12],
			"rotation": {"angle": 0, "axis": "y", "origin": [8, 3.175, 7.98125]},
			"faces": {
				"north": {"uv": [1, 3, 2, 3.575], "texture": "#0"},
				"east": {"uv": [3, 10.5, 16, 14.4875], "texture": "#0"},
				"south": {"uv": [5, 5.5, 6, 6.075], "texture": "#0"},
				"west": {"uv": [3, 10.5, 16, 14.4875], "texture": "#0"},
				"up": {"uv": [1, 1.875, 0, 0], "texture": "#0"},
				"down": {"uv": [2, 0, 1, 1.875], "texture": "#0"}
			}
		},
		{
			"from": [7.65, 3.275, 8.075],
			"to": [8.35, 4.025, 8.25],
			"rotation": {"angle": 0, "axis": "y", "origin": [8, 3.175, 7.98125]},
			"faces": {
				"north": {"uv": [2.5, 8, 2.85, 8.375], "texture": "#0"},
				"east": {"uv": [8, 2.5, 8.0875, 2.875], "texture": "#0"},
				"south": {"uv": [3, 8, 3.35, 8.375], "texture": "#0"},
				"west": {"uv": [8, 3, 8.0875, 3.375], "texture": "#0"},
				"up": {"uv": [3.85, 8.0875, 3.5, 8], "texture": "#0"},
				"down": {"uv": [8.35, 3.5, 8, 3.5875], "texture": "#0"}
			}
		},
		{
			"from": [7.5, 3.125, 7.7],
			"to": [8.5, 4.175, 8.075],
			"rotation": {"angle": 0, "axis": "y", "origin": [8, 3.175, 7.98125]},
			"faces": {
				"north": {"uv": [4, 8, 4.5, 8.525], "texture": "#0"},
				"east": {"uv": [8, 4, 8.1875, 4.525], "texture": "#0"},
				"south": {"uv": [4.5, 8, 5, 8.525], "texture": "#0"},
				"west": {"uv": [8, 4.5, 8.1875, 5.025], "texture": "#0"},
				"up": {"uv": [5.5, 8.1875, 5, 8], "texture": "#0"},
				"down": {"uv": [8.5, 5, 8, 5.1875], "texture": "#0"}
			}
		},
		{
			"from": [7.25, 2.9, 4.45],
			"to": [8.75, 4.4, 7.7],
			"rotation": {"angle": 0, "axis": "y", "origin": [8, 3.175, 7.98125]},
			"faces": {
				"north": {"uv": [0, 14.75, 0.5, 15.5], "texture": "#0"},
				"east": {"uv": [0, 14.5, 3.5, 15.5], "texture": "#0"},
				"south": {"uv": [0, 14.75, 0.5, 15.5], "texture": "#0"},
				"west": {"uv": [0, 14.5, 3.5, 15.5], "texture": "#0"},
				"up": {"uv": [3.5, 15.5, 0, 14.5], "rotation": 90, "texture": "#0"},
				"down": {"uv": [0, 15.5, 3.5, 14.5], "rotation": 90, "texture": "#0"}
			}
		},
		{
			"from": [7.5, 3.25, 4.325],
			"to": [8.5, 4.075, 4.45],
			"rotation": {"angle": 0, "axis": "y", "origin": [8, 3.175, 7.98125]},
			"faces": {
				"north": {"uv": [5.5, 8, 6, 8.4125], "texture": "#0"},
				"east": {"uv": [8, 5.5, 8.0625, 5.9125], "texture": "#0"},
				"south": {"uv": [6, 8, 6.5, 8.4125], "texture": "#0"},
				"west": {"uv": [8, 6, 8.0625, 6.4125], "texture": "#0"},
				"up": {"uv": [7, 8.0625, 6.5, 8], "texture": "#0"},
				"down": {"uv": [8.5, 6.5, 8, 6.5625], "texture": "#0"}
			}
		},
		{
			"from": [7.875, 3.8, 1.175],
			"to": [8.125, 3.85, 4.325],
			"rotation": {"angle": 0, "axis": "y", "origin": [8, 3.175, 7.98125]},
			"faces": {
				"north": {"uv": [7, 8, 7.125, 8.025], "texture": "#0"},
				"east": {"uv": [4.5, 3, 6.075, 3.025], "texture": "#0"},
				"south": {"uv": [8, 7, 8.125, 7.025], "texture": "#0"},
				"west": {"uv": [4.5, 3.5, 6.075, 3.525], "texture": "#0"},
				"up": {"uv": [4.125, 6.075, 4, 4.5], "texture": "#0"},
				"down": {"uv": [4.625, 4.5, 4.5, 6.075], "texture": "#0"}
			}
		},
		{
			"from": [7.875, 3.475, 1.175],
			"to": [8.125, 3.525, 4.325],
			"rotation": {"angle": 0, "axis": "y", "origin": [8, 3.175, 7.98125]},
			"faces": {
				"north": {"uv": [7.5, 8, 7.625, 8.025], "texture": "#0"},
				"east": {"uv": [5, 4, 6.575, 4.025], "texture": "#0"},
				"south": {"uv": [8, 7.5, 8.125, 7.525], "texture": "#0"},
				"west": {"uv": [5, 4.5, 6.575, 4.525], "texture": "#0"},
				"up": {"uv": [0.125, 6.575, 0, 5], "texture": "#0"},
				"down": {"uv": [0.625, 5, 0.5, 6.575], "texture": "#0"}
			}
		},
		{
			"from": [7.825, 3.525, 1.175],
			"to": [7.875, 3.8, 4.325],
			"rotation": {"angle": 0, "axis": "z", "origin": [8, 3.175, 7.98125]},
			"faces": {
				"north": {"uv": [8.5, 2.5, 8.525, 2.6375], "texture": "#0"},
				"east": {"uv": [5, 5, 6.575, 5.1375], "texture": "#0"},
				"south": {"uv": [3, 8.5, 3.025, 8.6375], "texture": "#0"},
				"west": {"uv": [5.5, 1.5, 7.075, 1.6375], "texture": "#0"},
				"up": {"uv": [1.025, 7.075, 1, 5.5], "texture": "#0"},
				"down": {"uv": [1.525, 5.5, 1.5, 7.075], "texture": "#0"}
			}
		},
		{
			"from": [7.775, 3.475, 0.225],
			"to": [7.825, 3.85, 1.175],
			"rotation": {"angle": 0, "axis": "z", "origin": [8, 3.175, 7.98125]},
			"faces": {
				"north": {"uv": [8.5, 3.5, 8.525, 3.6875], "texture": "#0"},
				"east": {"uv": [4, 8.5, 4.475, 8.6875], "texture": "#0"},
				"south": {"uv": [8.5, 4, 8.525, 4.1875], "texture": "#0"},
				"west": {"uv": [4.5, 8.5, 4.975, 8.6875], "texture": "#0"},
				"up": {"uv": [8.525, 4.975, 8.5, 4.5], "texture": "#0"},
				"down": {"uv": [5.025, 8.5, 5, 8.975], "texture": "#0"}
			}
		},
		{
			"from": [8.175, 3.475, 0.225],
			"to": [8.225, 3.85, 1.175],
			"rotation": {"angle": 0, "axis": "z", "origin": [8, 3.175, 7.98125]},
			"faces": {
				"north": {"uv": [8.5, 5, 8.525, 5.1875], "texture": "#0"},
				"east": {"uv": [5.5, 8.5, 5.975, 8.6875], "texture": "#0"},
				"south": {"uv": [8.5, 5.5, 8.525, 5.6875], "texture": "#0"},
				"west": {"uv": [6, 8.5, 6.475, 8.6875], "texture": "#0"},
				"up": {"uv": [8.525, 6.475, 8.5, 6], "texture": "#0"},
				"down": {"uv": [6.525, 8.5, 6.5, 8.975], "texture": "#0"}
			}
		},
		{
			"from": [7.8125, 3.85, 0.225],
			"to": [8.1875, 3.9, 1.175],
			"rotation": {"angle": 0, "axis": "z", "origin": [8, 3.175, 7.98125]},
			"faces": {
				"north": {"uv": [8.5, 6.5, 8.6875, 6.525], "texture": "#0"},
				"east": {"uv": [7, 8.5, 7.475, 8.525], "texture": "#0"},
				"south": {"uv": [8.5, 7, 8.6875, 7.025], "texture": "#0"},
				"west": {"uv": [7.5, 8.5, 7.975, 8.525], "texture": "#0"},
				"up": {"uv": [8.6875, 7.975, 8.5, 7.5], "texture": "#0"},
				"down": {"uv": [8.1875, 8.5, 8, 8.975], "texture": "#0"}
			}
		},
		{
			"from": [7.8125, 3.425, 0.225],
			"to": [8.1875, 3.475, 1.175],
			"rotation": {"angle": 0, "axis": "z", "origin": [8, 3.175, 7.98125]},
			"faces": {
				"north": {"uv": [8.5, 8, 8.6875, 8.025], "texture": "#0"},
				"east": {"uv": [8.5, 8.5, 8.975, 8.525], "texture": "#0"},
				"south": {"uv": [0, 9, 0.1875, 9.025], "texture": "#0"},
				"west": {"uv": [9, 0, 9.475, 0.025], "texture": "#0"},
				"up": {"uv": [0.6875, 9.475, 0.5, 9], "texture": "#0"},
				"down": {"uv": [9.1875, 0.5, 9, 0.975], "texture": "#0"}
			}
		},
		{
			"from": [8.125, 3.525, 1.175],
			"to": [8.175, 3.8, 4.325],
			"rotation": {"angle": 0, "axis": "z", "origin": [8, 3.175, 7.98125]},
			"faces": {
				"north": {"uv": [8.5, 3, 8.525, 3.1375], "texture": "#0"},
				"east": {"uv": [5.5, 2, 7.075, 2.1375], "texture": "#0"},
				"south": {"uv": [3.5, 8.5, 3.525, 8.6375], "texture": "#0"},
				"west": {"uv": [5.5, 2.5, 7.075, 2.6375], "texture": "#0"},
				"up": {"uv": [2.525, 7.075, 2.5, 5.5], "texture": "#0"},
				"down": {"uv": [3.025, 5.5, 3, 7.075], "texture": "#0"}
			}
		},
		{
			"from": [7.5, 4.2, 10.625],
			"to": [8.5, 4.7, 11.575],
			"rotation": {"angle": 0, "axis": "y", "origin": [8, 3.175, 7.98125]},
			"faces": {
				"north": {"uv": [7, 7, 7.5, 7.25], "texture": "#0"},
				"east": {"uv": [3.5, 2.25, 3.975, 2.625], "texture": "#0"},
				"south": {"uv": [3.5, 2.25, 4, 2.625], "texture": "#0"},
				"west": {"uv": [3.5, 2.25, 3.975, 2.625], "texture": "#0"},
				"up": {"uv": [8, 0.975, 7.5, 0.5], "texture": "#0"},
				"down": {"uv": [1.5, 7.5, 1, 7.975], "texture": "#0"}
			}
		},
		{
			"from": [7.5, 4.7, 10.625],
			"to": [8.5, 4.975, 11.475],
			"rotation": {"angle": 0, "axis": "y", "origin": [8, 3.175, 7.98125]},
			"faces": {
				"north": {"uv": [7.5, 1, 8, 1.1375], "texture": "#0"},
				"east": {"uv": [1.5, 7.5, 1.925, 7.6375], "texture": "#0"},
				"south": {"uv": [7.5, 1.5, 8, 1.6375], "texture": "#0"},
				"west": {"uv": [2, 7.5, 2.425, 7.6375], "texture": "#0"},
				"up": {"uv": [8, 2.425, 7.5, 2], "texture": "#0"},
				"down": {"uv": [3, 7.5, 2.5, 7.925], "texture": "#0"}
			}
		},
		{
			"from": [7.5, 4.975, 10.625],
			"to": [8.5, 5.05, 11.4],
			"rotation": {"angle": 0, "axis": "y", "origin": [8, 3.175, 7.98125]},
			"faces": {
				"north": {"uv": [7.5, 3, 8, 3.0375], "texture": "#0"},
				"east": {"uv": [3.5, 7.5, 3.8875, 7.5375], "texture": "#0"},
				"south": {"uv": [7.5, 3.5, 8, 3.5375], "texture": "#0"},
				"west": {"uv": [4, 7.5, 4.3875, 7.5375], "texture": "#0"},
				"up": {"uv": [8, 4.3875, 7.5, 4], "texture": "#0"},
				"down": {"uv": [5, 7.5, 4.5, 7.8875], "texture": "#0"}
			}
		},
		{
			"from": [7.5, 4.725, 8.4],
			"to": [8.5, 4.875, 10.625],
			"rotation": {"angle": 0, "axis": "y", "origin": [8, 3.175, 7.98125]},
			"faces": {
				"north": {"uv": [7.5, 4.5, 8, 4.575], "texture": "#0"},
				"east": {"uv": [0, 6.5, 1.1125, 6.575], "texture": "#0"},
				"south": {"uv": [5, 7.5, 5.5, 7.575], "texture": "#0"},
				"west": {"uv": [6.5, 3, 7.6125, 3.075], "texture": "#0"},
				"up": {"uv": [7, 4.6125, 6.5, 3.5], "texture": "#0"},
				"down": {"uv": [5, 6.5, 4.5, 7.6125], "texture": "#0"}
			}
		},
		{
			"from": [7.5, 4.875, 8.95],
			"to": [8.5, 4.925, 10.625],
			"rotation": {"angle": 0, "axis": "y", "origin": [8, 3.175, 7.98125]},
			"faces": {
				"north": {"uv": [7.5, 5, 8, 5.025], "texture": "#0"},
				"east": {"uv": [6.5, 4.5, 7.3375, 4.525], "texture": "#0"},
				"south": {"uv": [5.5, 7.5, 6, 7.525], "texture": "#0"},
				"west": {"uv": [6.5, 5, 7.3375, 5.025], "texture": "#0"},
				"up": {"uv": [5.5, 7.3375, 5, 6.5], "texture": "#0"},
				"down": {"uv": [7, 5.5, 6.5, 6.3375], "texture": "#0"}
			}
		},
		{
			"from": [7.5, 4.925, 9.625],
			"to": [8.5, 4.975, 10.625],
			"rotation": {"angle": 0, "axis": "y", "origin": [8, 3.175, 7.98125]},
			"faces": {
				"north": {"uv": [7.5, 5.5, 8, 5.525], "texture": "#0"},
				"east": {"uv": [6, 7.5, 6.5, 7.525], "texture": "#0"},
				"south": {"uv": [7.5, 6, 8, 6.025], "texture": "#0"},
				"west": {"uv": [6.5, 7.5, 7, 7.525], "texture": "#0"},
				"up": {"uv": [8, 7, 7.5, 6.5], "texture": "#0"},
				"down": {"uv": [7.5, 7.5, 7, 8], "texture": "#0"}
			}
		},
		{
			"from": [7.5, 4.975, 10.275],
			"to": [8.5, 5.025, 10.625],
			"rotation": {"angle": 0, "axis": "y", "origin": [8, 3.175, 7.98125]},
			"faces": {
				"north": {"uv": [7.5, 7, 8, 7.025], "texture": "#0"},
				"east": {"uv": [7.5, 7.5, 7.675, 7.525], "texture": "#0"},
				"south": {"uv": [0, 8, 0.5, 8.025], "texture": "#0"},
				"west": {"uv": [8, 0, 8.175, 0.025], "texture": "#0"},
				"up": {"uv": [1, 8.175, 0.5, 8], "texture": "#0"},
				"down": {"uv": [8.5, 0.5, 8, 0.675], "texture": "#0"}
			}
		},
		{
			"from": [7.5, 4.2, 8.2],
			"to": [8.5, 4.4, 10.625],
			"rotation": {"angle": 0, "axis": "y", "origin": [8, 3.175, 7.98125]},
			"faces": {
				"north": {"uv": [4.5, 3, 5, 3.1], "texture": "#0"},
				"east": {"uv": [4, 3, 5.2125, 3.1], "texture": "#0"},
				"south": {"uv": [4.5, 3, 5, 3.1], "texture": "#0"},
				"west": {"uv": [4, 3, 5.2125, 3.1], "texture": "#0"},
				"up": {"uv": [6, 6.7125, 5.5, 5.5], "texture": "#0"},
				"down": {"uv": [6.5, 5, 6, 6.2125], "texture": "#0"}
			}
		},
		{
			"from": [7.5, 4.4, 8.225],
			"to": [8.5, 4.875, 8.4],
			"rotation": {"angle": 0, "axis": "y", "origin": [8, 3.175, 7.98125]},
			"faces": {
				"north": {"uv": [1, 8, 1.5, 8.2375], "texture": "#0"},
				"east": {"uv": [8, 1, 8.0875, 1.2375], "texture": "#0"},
				"south": {"uv": [1.5, 8, 2, 8.2375], "texture": "#0"},
				"west": {"uv": [8, 1.5, 8.0875, 1.7375], "texture": "#0"},
				"up": {"uv": [2.5, 8.0875, 2, 8], "texture": "#0"},
				"down": {"uv": [8.5, 2, 8, 2.0875], "texture": "#0"}
			}
		},
		{
			"from": [7.75, 3.3, 12],
			"to": [8.25, 3.95, 12.425],
			"rotation": {"angle": 0, "axis": "y", "origin": [8, 3.175, 7.98125]},
			"faces": {
				"north": {"uv": [6.5, 6.5, 6.75, 6.825], "texture": "#0"},
				"east": {"uv": [0, 7, 0.2125, 7.325], "texture": "#0"},
				"south": {"uv": [7, 0, 7.25, 0.325], "texture": "#0"},
				"west": {"uv": [0.5, 7, 0.7125, 7.325], "texture": "#0"},
				"up": {"uv": [7.25, 0.7125, 7, 0.5], "texture": "#0"},
				"down": {"uv": [1.25, 7, 1, 7.2125], "texture": "#0"}
			}
		},
		{
			"from": [7.4, 3.1, 12.425],
			"to": [8.6, 3.95, 15.6],
			"rotation": {"angle": 0, "axis": "y", "origin": [8, 3.175, 7.98125]},
			"faces": {
				"north": {"uv": [7, 1, 7.6, 1.425], "texture": "#0"},
				"east": {"uv": [4, 1.5, 5.5875, 1.925], "texture": "#0"},
				"south": {"uv": [1.5, 7, 2.1, 7.425], "texture": "#0"},
				"west": {"uv": [4, 2, 5.5875, 2.425], "texture": "#0"},
				"up": {"uv": [3.1, 5.5875, 2.5, 4], "texture": "#0"},
				"down": {"uv": [3.6, 4, 3, 5.5875], "texture": "#0"}
			}
		},
		{
			"from": [7.4, 2.65, 13],
			"to": [8.6, 3.1, 15.6],
			"rotation": {"angle": 0, "axis": "y", "origin": [8, 3.175, 7.98125]},
			"faces": {
				"north": {"uv": [7, 1.5, 7.6, 1.725], "texture": "#0"},
				"east": {"uv": [3.5, 4, 4.8, 4.225], "texture": "#0"},
				"south": {"uv": [2, 7, 2.6, 7.225], "texture": "#0"},
				"west": {"uv": [4.5, 0, 5.8, 0.225], "texture": "#0"},
				"up": {"uv": [2.6, 5.8, 2, 4.5], "texture": "#0"},
				"down": {"uv": [4.1, 4.5, 3.5, 5.8], "texture": "#0"}
			}
		},
		{
			"from": [7.4, 1.65, 14.925],
			"to": [8.6, 2.65, 15.6],
			"rotation": {"angle": 0, "axis": "x", "origin": [8, 3.175, 7.98125]},
			"faces": {
				"north": {"uv": [7, 2, 7.6, 2.5], "texture": "#0"},
				"east": {"uv": [2.5, 7, 2.8375, 7.5], "texture": "#0"},
				"south": {"uv": [7, 2.5, 7.6, 3], "texture": "#0"},
				"west": {"uv": [3, 7, 3.3375, 7.5], "texture": "#0"},
				"up": {"uv": [4.1, 7.3375, 3.5, 7], "texture": "#0"},
				"down": {"uv": [7.6, 3.5, 7, 3.8375], "texture": "#0"}
			}
		},
		{
			"from": [7.4, 2.1, 13.925],
			"to": [8.6, 2.65, 14.925],
			"rotation": {"angle": 0, "axis": "x", "origin": [8, 3.175, 7.98125]},
			"faces": {
				"north": {"uv": [4, 7, 4.6, 7.275], "texture": "#0"},
				"east": {"uv": [7, 4, 7.5, 4.275], "texture": "#0"},
				"south": {"uv": [5.5, 7, 6.1, 7.275], "texture": "#0"},
				"west": {"uv": [7, 5.5, 7.5, 5.775], "texture": "#0"},
				"up": {"uv": [6.6, 7.5, 6, 7], "texture": "#0"},
				"down": {"uv": [7.6, 6, 7, 6.5], "texture": "#0"}
			}
		},
		{
			"from": [7.275, 0, 8.325],
			"to": [8.575, 2.675, 9.575],
			"rotation": {"angle": 0, "axis": "x", "origin": [8, 3.175, 7.98125]},
			"faces": {
				"north": {"uv": [2, 3, 2.65, 4.3375], "texture": "#0"},
				"east": {"uv": [4, 0, 4.625, 1.3375], "texture": "#0"},
				"south": {"uv": [1, 4, 1.65, 5.3375], "texture": "#0"},
				"west": {"uv": [1.5, 4, 2.125, 5.3375], "texture": "#0"},
				"up": {"uv": [2.65, 2.125, 2, 1.5], "texture": "#0"},
				"down": {"uv": [6.65, 6.5, 6, 7.125], "texture": "#0"}
			}
		},
		{
			"from": [7.5, -0.68592, 10.39748],
			"to": [8.5, 1.63908, 11.29748],
			"rotation": {"angle": -22.5, "axis": "x", "origin": [8, 3.175, 7.98125]},
			"faces": {
				"north": {"uv": [2, 6, 2.5, 7.1625], "texture": "#0"},
				"east": {"uv": [6, 3, 6.45, 4.1625], "texture": "#0"},
				"south": {"uv": [3.5, 6, 4, 7.1625], "texture": "#0"},
				"west": {"uv": [4, 6, 4.45, 7.1625], "texture": "#0"},
				"up": {"uv": [7, 7.45, 6.5, 7], "texture": "#0"},
				"down": {"uv": [7.5, 6.5, 7, 6.95], "texture": "#0"}
			}
		},
		{
			"from": [7.325, 2.025, 9.575],
			"to": [8.525, 2.675, 9.825],
			"rotation": {"angle": 0, "axis": "x", "origin": [8, 3.175, 7.98125]},
			"faces": {
				"north": {"uv": [8, 8, 8.6, 8.325], "texture": "#0"},
				"east": {"uv": [0, 8.5, 0.125, 8.825], "texture": "#0"},
				"south": {"uv": [8.5, 0, 9.1, 0.325], "texture": "#0"},
				"west": {"uv": [0.5, 8.5, 0.625, 8.825], "texture": "#0"},
				"up": {"uv": [9.1, 0.625, 8.5, 0.5], "texture": "#0"},
				"down": {"uv": [1.6, 8.5, 1, 8.625], "texture": "#0"}
			}
		},
		{
			"from": [7.85, 1.28908, 10.09748],
			"to": [8.15, 1.76408, 10.22248],
			"rotation": {"angle": -22.5, "axis": "x", "origin": [8, 3.175, 7.98125]},
			"faces": {
				"north": {"uv": [8.5, 1, 8.65, 1.2375], "texture": "#0"},
				"east": {"uv": [1.5, 8.5, 1.5625, 8.7375], "texture": "#0"},
				"south": {"uv": [8.5, 1.5, 8.65, 1.7375], "texture": "#0"},
				"west": {"uv": [2, 8.5, 2.0625, 8.7375], "texture": "#0"},
				"up": {"uv": [8.65, 2.0625, 8.5, 2], "texture": "#0"},
				"down": {"uv": [2.65, 8.5, 2.5, 8.5625], "texture": "#0"}
			}
		},
		{
			"from": [7.05, 2.675, 8.325],
			"to": [8.95, 3.05, 11.725],
			"rotation": {"angle": 0, "axis": "x", "origin": [8, 3.175, 7.98125]},
			"faces": {
				"north": {"uv": [6, 0, 6.95, 0.1875], "texture": "#0"},
				"east": {"uv": [4.5, 0.5, 6.2, 0.6875], "texture": "#0"},
				"south": {"uv": [6, 0.5, 6.95, 0.6875], "texture": "#0"},
				"west": {"uv": [4.5, 1, 6.2, 1.1875], "texture": "#0"},
				"up": {"uv": [0.95, 3.7, 0, 2], "texture": "#0"},
				"down": {"uv": [2.95, 0, 2, 1.7], "texture": "#0"}
			}
		}
	],
	"display": {
		"thirdperson_righthand": {
			"translation": [-0.25, 8.5, -2.75],
			"scale": [1.5, 1.5, 1.5]
		},
		"thirdperson_lefthand": {
			"translation": [-0.25, 8.5, -2.75],
			"scale": [1.5, 1.5, 1.5]
		},
		"firstperson_righthand": {
			"rotation": [-4.48, 1.3, 2.7],
			"translation": [-3.75, 10.25, 0],
			"scale": [1.5, 1.5, 1.5]
		},
		"firstperson_lefthand": {
			"rotation": [0.52, 1.3, 2.7],
			"translation": [-2.25, 11, 0],
			"scale": [1.5, 1.5, 1.5]
		},
		"ground": {
			"translation": [0, 4, 0]
		},
		"gui": {
			"rotation": [-180, 64.25, -180],
			"translation": [0, 4.25, 0]
		},
		"head": {
			"translation": [0, 14.25, 0]
		},
		"fixed": {
			"rotation": [0, -90, 0],
			"translation": [0, 4.75, 0]
		}
	}
}