{
	"credit": "Made with Blockbench",
	"textures": {
		"0": "block/shelmet/ghelmet",
		"particle": "block/shelmet/ghelmet"
	},
	"elements": [
		{
			"name": "helmet",
			"from": [0.25, 0, 0.25],
			"to": [15.75, 15.5, 15.75],
			"rotation": {"angle": 0, "axis": "y", "origin": [8, 7.75, 8]},
			"faces": {
				"north": {"uv": [0, 3.75, 6, 9.75], "texture": "#0"},
				"east": {"uv": [12, 2, 14, 4], "rotation": 180, "texture": "#0"},
				"south": {"uv": [14, 2, 16, 4], "texture": "#0"},
				"west": {"uv": [8, 2, 10, 4], "rotation": 180, "texture": "#0"},
				"up": {"uv": [10, 0, 12, 2], "rotation": 180, "texture": "#0"},
				"down": {"uv": [12, 0, 14, 2], "rotation": 180, "texture": "#0"}
			}
		}
	],
	"display": {
		"thirdperson_righthand": {
			"translation": [0, -1, 0],
			"scale": [0.5, 0.5, 0.5]
		},
		"thirdperson_lefthand": {
			"translation": [0, -1, 0],
			"scale": [0.5, 0.5, 0.5]
		},
		"firstperson_righthand": {
			"rotation": [-180, 20.25, -180],
			"translation": [-0.25, 4.25, 0.5],
			"scale": [0.3, 0.3, 0.3]
		},
		"firstperson_lefthand": {
			"rotation": [-180, 20.25, -180],
			"translation": [-0.25, 4.25, 0.5],
			"scale": [0.3, 0.3, 0.3]
		},
		"ground": {
			"scale": [0.5, 0.5, 0.5]
		},
		"gui": {
			"rotation": [0, 146, 0],
			"scale": [0.7, 0.7, 0.7]
		},
		"head": {
			"translation": [0, 0.5, 0]
		}
	}
}