{"stats":{"minecraft:killed_by":{"minecraft:warden":1},"minecraft:custom":{"minecraft:open_barrel":2,"minecraft:time_since_rest":21,"minecraft:open_chest":2,"minecraft:crouch_one_cm":36085,"minecraft:play_time":134850,"minecraft:sprint_one_cm":311876,"minecraft:deaths":1,"minecraft:damage_taken":388,"minecraft:walk_one_cm":396922,"minecraft:sneak_time":12449,"minecraft:drop":2,"minecraft:jump":2134,"minecraft:damage_dealt":0,"minecraft:leave_game":1,"minecraft:time_since_death":0,"minecraft:walk_on_water_one_cm":105,"minecraft:total_world_time":134850,"minecraft:climb_one_cm":1886,"minecraft:swim_one_cm":27111,"minecraft:fly_one_cm":406449,"minecraft:fall_one_cm":19698},"minecraft:dropped":{"minecraft:item_frame":4},"minecraft:picked_up":{"minecraft:item_frame":4,"minecraft:player_head":2}},"DataVersion":3120}