{"stats":{"minecraft:used":{"minecraft:lever":6,"minecraft:black_concrete":1,"minecraft:barrier":3,"minecraft:oak_sign":1,"minecraft:wooden_pickaxe":4,"minecraft:black_shulker_box":3,"minecraft:smooth_quartz":3,"minecraft:polished_deepslate_slab":1,"minecraft:wooden_sword":7,"minecraft:potion":2,"minecraft:written_book":5,"minecraft:light_blue_concrete":2,"minecraft:crossbow":5,"minecraft:snowball":59,"minecraft:enchanted_golden_apple":1},"minecraft:custom":{"minecraft:time_since_rest":229638,"minecraft:sprint_one_cm":525742,"minecraft:open_enderchest":2,"minecraft:damage_taken":413,"minecraft:walk_one_cm":923226,"minecraft:drop":6,"minecraft:damage_dealt":234,"minecraft:swim_one_cm":1651,"minecraft:fly_one_cm":1560494,"minecraft:open_chest":3,"minecraft:crouch_one_cm":93741,"minecraft:play_time":394133,"minecraft:open_shulker_box":4,"minecraft:deaths":1,"minecraft:sneak_time":26589,"minecraft:jump":4269,"minecraft:leave_game":4,"minecraft:time_since_death":229618,"minecraft:damage_resisted":202,"minecraft:total_world_time":394133,"minecraft:climb_one_cm":2327,"minecraft:fall_one_cm":19171},"minecraft:dropped":{"minecraft:crossbow":1,"minecraft:item_frame":1,"minecraft:light":4},"minecraft:picked_up":{"minecraft:barrier":1,"minecraft:wheat":3,"minecraft:potato":13,"minecraft:light":67,"minecraft:item_frame":1,"minecraft:wheat_seeds":29,"minecraft:black_shulker_box":4,"minecraft:crossbow":3,"minecraft:enchanted_golden_apple":1}},"DataVersion":3120}