{"stats":{"minecraft:used":{"minecraft:wooden_hoe":2},"minecraft:custom":{"minecraft:open_barrel":18,"minecraft:time_since_rest":126636,"minecraft:open_chest":3,"minecraft:crouch_one_cm":63840,"minecraft:play_time":339581,"minecraft:interact_with_furnace":3,"minecraft:sprint_one_cm":487369,"minecraft:damage_taken":85,"minecraft:walk_one_cm":1155443,"minecraft:sneak_time":31232,"minecraft:drop":3,"minecraft:jump":3340,"minecraft:inspect_hopper":1,"minecraft:damage_dealt":7,"minecraft:leave_game":3,"minecraft:time_since_death":339581,"minecraft:climb_one_cm":4949,"minecraft:total_world_time":339581,"minecraft:interact_with_smoker":4,"minecraft:swim_one_cm":129,"minecraft:interact_with_crafting_table":1,"minecraft:fall_one_cm":19545,"minecraft:fly_one_cm":659165},"minecraft:dropped":{"minecraft:wheat_seeds":8,"minecraft:red_tulip":1},"minecraft:picked_up":{"minecraft:wheat_seeds":8}},"DataVersion":3120}