{"stats":{"minecraft:used":{"minecraft:wooden_hoe":186},"minecraft:custom":{"minecraft:open_barrel":2,"minecraft:time_since_rest":1523,"minecraft:crouch_one_cm":71142,"minecraft:sprint_one_cm":478085,"minecraft:play_time":254344,"minecraft:damage_taken":773,"minecraft:walk_one_cm":1146064,"minecraft:sneak_time":15177,"minecraft:walk_under_water_one_cm":195,"minecraft:drop":12,"minecraft:jump":4753,"minecraft:damage_dealt":382,"minecraft:leave_game":3,"minecraft:time_since_death":254344,"minecraft:walk_on_water_one_cm":763,"minecraft:total_world_time":254344,"minecraft:climb_one_cm":1644,"minecraft:swim_one_cm":3514,"minecraft:interact_with_crafting_table":1,"minecraft:fall_one_cm":27299,"minecraft:fly_one_cm":670213},"minecraft:dropped":{"minecraft:potato":7,"minecraft:wheat":5},"minecraft:picked_up":{"minecraft:wheat":10,"minecraft:wheat_seeds":24,"minecraft:potato":29}},"DataVersion":3120}