{"stats":{"minecraft:used":{"minecraft:golden_axe":7},"minecraft:killed_by":{"minecraft:player":1},"minecraft:custom":{"minecraft:open_barrel":2,"minecraft:time_since_rest":11005,"minecraft:deaths":1,"minecraft:damage_taken":320,"minecraft:damage_dealt":379,"minecraft:crouch_one_cm":252712,"minecraft:leave_game":10,"minecraft:sprint_one_cm":104732,"minecraft:play_time":312529,"minecraft:time_since_death":10984,"minecraft:walk_one_cm":1624194,"minecraft:sneak_time":58210,"minecraft:total_world_time":312529,"minecraft:climb_one_cm":4144,"minecraft:drop":1,"minecraft:fall_one_cm":4166,"minecraft:fly_one_cm":101229,"minecraft:player_kills":1,"minecraft:jump":732},"minecraft:dropped":{"minecraft:player_head":1},"minecraft:picked_up":{"minecraft:player_head":4,"minecraft:light":1}},"DataVersion":3120}