{"stats":{"minecraft:used":{"minecraft:wooden_hoe":44,"minecraft:porkchop":1,"minecraft:poisonous_potato":1},"minecraft:killed_by":{"minecraft:player":2},"minecraft:custom":{"minecraft:time_since_rest":4941,"minecraft:inspect_dropper":2,"minecraft:interact_with_furnace":3,"minecraft:sprint_one_cm":741095,"minecraft:damage_taken":1031,"minecraft:walk_one_cm":674134,"minecraft:mob_kills":1,"minecraft:drop":10,"minecraft:damage_dealt":285,"minecraft:swim_one_cm":71984,"minecraft:fly_one_cm":1000058,"minecraft:open_barrel":27,"minecraft:open_chest":15,"minecraft:crouch_one_cm":67342,"minecraft:play_time":272009,"minecraft:open_shulker_box":8,"minecraft:deaths":2,"minecraft:sneak_time":19170,"minecraft:walk_under_water_one_cm":504,"minecraft:jump":10591,"minecraft:leave_game":27,"minecraft:time_since_death":4920,"minecraft:walk_on_water_one_cm":1813,"minecraft:interact_with_smoker":4,"minecraft:total_world_time":272009,"minecraft:climb_one_cm":12390,"minecraft:fall_one_cm":60710},"minecraft:dropped":{"minecraft:potato":100,"minecraft:porkchop":1,"minecraft:wheat_seeds":60,"minecraft:wooden_hoe":1,"minecraft:wheat":22,"minecraft:light":1},"minecraft:killed":{"minecraft:pig":1},"minecraft:picked_up":{"minecraft:wheat":22,"minecraft:leather_chestplate":1,"minecraft:powder_snow_bucket":1,"minecraft:poisonous_potato":1,"minecraft:potato":100,"minecraft:porkchop":2,"minecraft:wooden_hoe":2,"minecraft:item_frame":3,"minecraft:wheat_seeds":105,"minecraft:painting":1,"minecraft:player_head":2}},"DataVersion":3120}