{"stats":{"minecraft:used":{"minecraft:wooden_hoe":6,"minecraft:written_book":5,"minecraft:potato":1},"minecraft:killed_by":{"minecraft:player":1},"minecraft:custom":{"minecraft:open_barrel":3,"minecraft:time_since_rest":18882,"minecraft:open_chest":6,"minecraft:deaths":1,"minecraft:crouch_one_cm":32974,"minecraft:inspect_dropper":1,"minecraft:play_time":320864,"minecraft:sprint_one_cm":905748,"minecraft:damage_taken":607,"minecraft:walk_one_cm":849169,"minecraft:sneak_time":35570,"minecraft:bell_ring":10,"minecraft:drop":3,"minecraft:jump":3139,"minecraft:inspect_hopper":1,"minecraft:damage_dealt":16,"minecraft:leave_game":5,"minecraft:time_since_death":18861,"minecraft:walk_on_water_one_cm":75,"minecraft:interact_with_smoker":2,"minecraft:climb_one_cm":7327,"minecraft:total_world_time":320864,"minecraft:swim_one_cm":26627,"minecraft:tune_noteblock":76,"minecraft:fall_one_cm":31884,"minecraft:fly_one_cm":663216},"minecraft:dropped":{"minecraft:wheat_seeds":1,"minecraft:written_book":2},"minecraft:picked_up":{"minecraft:wheat":6,"minecraft:wheat_seeds":18,"minecraft:potato":78,"minecraft:written_book":2,"minecraft:black_wool":1}},"DataVersion":3120}