{"stats":{"minecraft:killed_by":{"minecraft:player":3},"minecraft:custom":{"minecraft:time_since_rest":3347,"minecraft:sprint_one_cm":443873,"minecraft:play_time":146774,"minecraft:crouch_one_cm":42693,"minecraft:deaths":3,"minecraft:damage_taken":806,"minecraft:walk_one_cm":286309,"minecraft:sneak_time":10563,"minecraft:drop":2,"minecraft:jump":1368,"minecraft:damage_dealt":0,"minecraft:leave_game":2,"minecraft:time_since_death":3327,"minecraft:walk_on_water_one_cm":9,"minecraft:total_world_time":146774,"minecraft:climb_one_cm":3271,"minecraft:swim_one_cm":1555,"minecraft:fly_one_cm":349108,"minecraft:fall_one_cm":15745},"minecraft:dropped":{"minecraft:leather_chestplate":1,"minecraft:item_frame":1},"minecraft:picked_up":{"minecraft:leather_chestplate":1,"minecraft:item_frame":7,"minecraft:apple":1,"minecraft:player_head":3}},"DataVersion":3120}