{"stats":{"minecraft:killed_by":{"minecraft:player":2},"minecraft:custom":{"minecraft:jump":1093,"minecraft:time_since_rest":58,"minecraft:deaths":2,"minecraft:crouch_one_cm":47451,"minecraft:play_time":98382,"minecraft:leave_game":3,"minecraft:sprint_one_cm":142809,"minecraft:damage_taken":1217,"minecraft:time_since_death":37,"minecraft:walk_one_cm":267085,"minecraft:sneak_time":13036,"minecraft:climb_one_cm":6821,"minecraft:total_world_time":98382,"minecraft:fall_one_cm":3698,"minecraft:fly_one_cm":293837}},"DataVersion":3120}