{"stats":{"minecraft:used":{"minecraft:milk_bucket":1},"minecraft:custom":{"minecraft:open_barrel":60,"minecraft:open_chest":4,"minecraft:time_since_rest":284567,"minecraft:crouch_one_cm":111039,"minecraft:play_time":308246,"minecraft:sprint_one_cm":854540,"minecraft:damage_taken":83,"minecraft:walk_one_cm":691516,"minecraft:sneak_time":37114,"minecraft:drop":23,"minecraft:jump":5620,"minecraft:damage_dealt":0,"minecraft:leave_game":2,"minecraft:time_since_death":308246,"minecraft:total_world_time":308246,"minecraft:climb_one_cm":8446,"minecraft:swim_one_cm":4570,"minecraft:fall_one_cm":83243,"minecraft:fly_one_cm":1135941},"minecraft:crafted":{"minecraft:blaze_powder":2},"minecraft:dropped":{"minecraft:rotten_flesh":2,"minecraft:player_head":19,"minecraft:item_frame":8,"minecraft:netherite_boots":1},"minecraft:picked_up":{"minecraft:milk_bucket":1,"minecraft:item_frame":8,"minecraft:barrier":1,"minecraft:rotten_flesh":2,"minecraft:rabbit_stew":1,"minecraft:light_gray_candle":2,"minecraft:echo_shard":1,"minecraft:popped_chorus_fruit":1,"minecraft:player_head":69,"minecraft:blue_concrete":1,"minecraft:light":1,"minecraft:blaze_rod":1,"minecraft:dragon_egg":1,"minecraft:paper":1}},"DataVersion":3120}