{"stats":{"minecraft:used":{"minecraft:dark_oak_planks":1,"minecraft:water_bucket":1,"minecraft:lever":14,"minecraft:light":1,"minecraft:black_wool":35,"minecraft:black_concrete":4,"minecraft:firework_rocket":2,"minecraft:villager_spawn_egg":1,"minecraft:orange_concrete":1,"minecraft:red_wool":1,"minecraft:grass_block":2,"minecraft:spruce_slab":1,"minecraft:polished_andesite":2,"minecraft:barrier":11,"minecraft:oak_sign":2,"minecraft:black_shulker_box":6,"minecraft:iron_door":4,"minecraft:quartz_stairs":2,"minecraft:player_head":1,"minecraft:deepslate_bricks":2,"minecraft:purple_concrete":13,"minecraft:fishing_rod":18,"minecraft:wooden_sword":10,"minecraft:dirt":1,"minecraft:golden_carrot":6,"minecraft:bow":29,"minecraft:written_book":37,"minecraft:crossbow":35,"minecraft:snowball":36,"minecraft:smooth_stone":1},"minecraft:custom":{"minecraft:time_since_rest":714033,"minecraft:interact_with_furnace":1,"minecraft:sprint_one_cm":613436,"minecraft:open_enderchest":5,"minecraft:damage_taken":10,"minecraft:walk_one_cm":1891670,"minecraft:mob_kills":1,"minecraft:drop":21,"minecraft:damage_dealt":308,"minecraft:swim_one_cm":1583,"minecraft:fly_one_cm":3356147,"minecraft:open_barrel":4,"minecraft:open_chest":5,"minecraft:crouch_one_cm":5599,"minecraft:open_shulker_box":13,"minecraft:play_time":714033,"minecraft:sneak_time":6055,"minecraft:walk_under_water_one_cm":15636,"minecraft:jump":2226,"minecraft:walk_on_water_one_cm":3134,"minecraft:leave_game":8,"minecraft:time_since_death":714033,"minecraft:climb_one_cm":3533,"minecraft:total_world_time":714033,"minecraft:damage_resisted":31275,"minecraft:fall_one_cm":4492},"minecraft:dropped":{"minecraft:leather_chestplate":1,"minecraft:sculk":2,"minecraft:player_head":4,"minecraft:leather_boots":1,"minecraft:crossbow":1,"minecraft:leather_leggings":1,"minecraft:dark_oak_planks":1,"minecraft:written_book":3,"minecraft:black_wool":4,"minecraft:deepslate_bricks":3},"minecraft:mined":{"minecraft:black_shulker_box":1,"minecraft:lever":4,"minecraft:tall_grass":2},"minecraft:picked_up":{"minecraft:book":1,"minecraft:tipped_arrow":1,"minecraft:chain_command_block":2,"minecraft:sculk":2,"minecraft:light":1,"minecraft:dark_oak_planks":1,"minecraft:item_frame":4,"minecraft:firework_rocket":64,"minecraft:command_block":1,"minecraft:bow":1,"minecraft:wheat_seeds":14,"minecraft:black_shulker_box":7,"minecraft:lever":3,"minecraft:deepslate_bricks":3,"minecraft:crossbow":1,"minecraft:iron_ingot":1,"minecraft:written_book":4,"minecraft:player_head":4,"minecraft:deepslate_tile_wall":64,"minecraft:enchanted_golden_apple":1,"minecraft:black_wool":6,"minecraft:wheat":5}},"DataVersion":3120}