{"stats":{"minecraft:used":{"minecraft:wooden_hoe":105,"minecraft:golden_axe":14},"minecraft:custom":{"minecraft:open_barrel":15,"minecraft:open_chest":2,"minecraft:time_since_rest":232329,"minecraft:interact_with_furnace":7,"minecraft:play_time":371017,"minecraft:crouch_one_cm":26394,"minecraft:sprint_one_cm":1040377,"minecraft:deaths":2,"minecraft:damage_taken":791,"minecraft:walk_one_cm":862587,"minecraft:sneak_time":21156,"minecraft:walk_under_water_one_cm":273,"minecraft:drop":16,"minecraft:jump":4478,"minecraft:damage_dealt":1705,"minecraft:leave_game":3,"minecraft:walk_on_water_one_cm":391,"minecraft:time_since_death":232309,"minecraft:climb_one_cm":13420,"minecraft:total_world_time":371017,"minecraft:interact_with_crafting_table":1,"minecraft:player_kills":6,"minecraft:swim_one_cm":7186,"minecraft:fall_one_cm":82265,"minecraft:fly_one_cm":1140835},"minecraft:dropped":{"minecraft:leather_chestplate":1,"minecraft:wheat_seeds":9,"minecraft:wooden_hoe":1,"minecraft:paper":1,"minecraft:wheat":15,"minecraft:light":3,"minecraft:potato":3},"minecraft:picked_up":{"minecraft:wheat":27,"minecraft:leather_chestplate":1,"minecraft:wheat_seeds":9,"minecraft:potato":5,"minecraft:light":3,"minecraft:paper":1}},"DataVersion":3120}