{"stats":{"minecraft:used":{"minecraft:wooden_hoe":26},"minecraft:custom":{"minecraft:open_barrel":4,"minecraft:time_since_rest":243008,"minecraft:open_chest":1,"minecraft:crouch_one_cm":99430,"minecraft:sprint_one_cm":632577,"minecraft:play_time":243008,"minecraft:damage_taken":362,"minecraft:walk_one_cm":550428,"minecraft:sneak_time":24964,"minecraft:walk_under_water_one_cm":247,"minecraft:drop":1,"minecraft:jump":3391,"minecraft:damage_dealt":213,"minecraft:leave_game":2,"minecraft:time_since_death":243008,"minecraft:walk_on_water_one_cm":1095,"minecraft:total_world_time":243008,"minecraft:climb_one_cm":7594,"minecraft:swim_one_cm":16843,"minecraft:interact_with_crafting_table":1,"minecraft:fall_one_cm":35773,"minecraft:fly_one_cm":641198},"minecraft:dropped":{"minecraft:wheat_seeds":28},"minecraft:picked_up":{"minecraft:wheat":9,"minecraft:wheat_seeds":28,"minecraft:potato":48}},"DataVersion":3120}