{"stats":{"minecraft:used":{"minecraft:wooden_hoe":104,"minecraft:snowball":6},"minecraft:custom":{"minecraft:time_since_rest":39025,"minecraft:interact_with_furnace":1,"minecraft:sprint_one_cm":833309,"minecraft:damage_taken":597,"minecraft:walk_one_cm":1177228,"minecraft:interact_with_anvil":1,"minecraft:drop":66,"minecraft:damage_dealt":686,"minecraft:swim_one_cm":16739,"minecraft:interact_with_crafting_table":2,"minecraft:fly_one_cm":985357,"minecraft:open_barrel":45,"minecraft:open_chest":9,"minecraft:crouch_one_cm":160414,"minecraft:play_time":428595,"minecraft:sneak_time":45481,"minecraft:walk_under_water_one_cm":10,"minecraft:jump":6145,"minecraft:leave_game":6,"minecraft:time_since_death":428595,"minecraft:walk_on_water_one_cm":313,"minecraft:total_world_time":428595,"minecraft:climb_one_cm":7036,"minecraft:fall_one_cm":43665},"minecraft:dropped":{"minecraft:potato":7,"minecraft:wheat_seeds":47,"minecraft:player_head":5,"minecraft:dispenser":1,"minecraft:tnt_minecart":1,"minecraft:wheat":4,"minecraft:rotten_flesh":3,"minecraft:observer":1,"minecraft:light_gray_candle":1,"minecraft:lightning_rod":1,"minecraft:item_frame":9,"minecraft:light":2},"minecraft:picked_up":{"minecraft:wheat":9,"minecraft:potato":11,"minecraft:lightning_rod":1,"minecraft:light":1,"minecraft:item_frame":9,"minecraft:dispenser":1,"minecraft:rotten_flesh":3,"minecraft:apple":1,"minecraft:light_gray_candle":1,"minecraft:wheat_seeds":47,"minecraft:tnt_minecart":1,"minecraft:player_head":5,"minecraft:observer":1}},"DataVersion":3120}