{"stats":{"minecraft:used":{"minecraft:leather_leggings":1,"minecraft:leather_chestplate":1,"minecraft:leather_boots":1},"minecraft:custom":{"minecraft:open_barrel":5,"minecraft:time_since_rest":666,"minecraft:open_chest":3,"minecraft:play_time":256256,"minecraft:crouch_one_cm":28016,"minecraft:sprint_one_cm":465470,"minecraft:damage_taken":44,"minecraft:walk_one_cm":734943,"minecraft:sneak_time":28047,"minecraft:drop":26,"minecraft:jump":3010,"minecraft:leave_game":5,"minecraft:time_since_death":256256,"minecraft:climb_one_cm":5221,"minecraft:total_world_time":256256,"minecraft:swim_one_cm":55749,"minecraft:tune_noteblock":14,"minecraft:fall_one_cm":44490,"minecraft:fly_one_cm":613313},"minecraft:dropped":{"minecraft:leather_leggings":1,"minecraft:leather_chestplate":1,"minecraft:wheat_seeds":38,"minecraft:wooden_hoe":1,"minecraft:wheat":14,"minecraft:leather_boots":1},"minecraft:picked_up":{"minecraft:wheat":15,"minecraft:wheat_seeds":38,"minecraft:wooden_hoe":1}},"DataVersion":3120}