{"stats":{"minecraft:used":{"minecraft:golden_axe":5},"minecraft:killed_by":{"minecraft:player":1},"minecraft:custom":{"minecraft:open_barrel":33,"minecraft:open_chest":1,"minecraft:time_since_rest":129194,"minecraft:crouch_one_cm":127922,"minecraft:sprint_one_cm":763346,"minecraft:play_time":375578,"minecraft:damage_taken":1096,"minecraft:walk_one_cm":1024727,"minecraft:deaths":1,"minecraft:sneak_time":47896,"minecraft:drop":16,"minecraft:jump":3096,"minecraft:damage_dealt":201,"minecraft:leave_game":3,"minecraft:time_since_death":194426,"minecraft:total_world_time":375578,"minecraft:climb_one_cm":3521,"minecraft:swim_one_cm":60218,"minecraft:fall_one_cm":47383,"minecraft:fly_one_cm":712348,"minecraft:player_kills":1},"minecraft:dropped":{"minecraft:player_head":14,"minecraft:repeater":1,"minecraft:hopper":1},"minecraft:picked_up":{"minecraft:sticky_piston":1,"minecraft:repeater":1,"minecraft:rotten_flesh":3,"minecraft:tripwire_hook":1,"minecraft:apple":1,"minecraft:chest_minecart":1,"minecraft:note_block":1,"minecraft:dropper":1,"minecraft:painting":2,"minecraft:target":1,"minecraft:player_head":44,"minecraft:bread":2,"minecraft:minecart":1,"minecraft:hopper":1}},"DataVersion":3120}