{"stats":{"minecraft:used":{"minecraft:wooden_hoe":17},"minecraft:killed_by":{"minecraft:player":1},"minecraft:custom":{"minecraft:open_barrel":19,"minecraft:time_since_rest":13474,"minecraft:open_chest":1,"minecraft:deaths":1,"minecraft:crouch_one_cm":268914,"minecraft:play_time":463534,"minecraft:sprint_one_cm":649244,"minecraft:damage_taken":421,"minecraft:walk_one_cm":1759861,"minecraft:bell_ring":3,"minecraft:sneak_time":93205,"minecraft:drop":8,"minecraft:jump":3722,"minecraft:inspect_hopper":1,"minecraft:damage_dealt":53,"minecraft:leave_game":5,"minecraft:time_since_death":13452,"minecraft:walk_on_water_one_cm":250,"minecraft:climb_one_cm":5559,"minecraft:total_world_time":463534,"minecraft:swim_one_cm":3849,"minecraft:interact_with_crafting_table":2,"minecraft:fall_one_cm":21084,"minecraft:fly_one_cm":641206},"minecraft:dropped":{"minecraft:rotten_flesh":3,"minecraft:wheat_seeds":2,"minecraft:player_head":2,"minecraft:wooden_hoe":1,"minecraft:wheat":1},"minecraft:picked_up":{"minecraft:wheat":1,"minecraft:rotten_flesh":3,"minecraft:wheat_seeds":8,"minecraft:player_head":13,"minecraft:wooden_hoe":2}},"DataVersion":3120}