{"stats":{"minecraft:used":{"minecraft:wooden_hoe":33},"minecraft:custom":{"minecraft:open_barrel":1,"minecraft:time_since_rest":36066,"minecraft:crouch_one_cm":220169,"minecraft:play_time":466078,"minecraft:sprint_one_cm":519793,"minecraft:damage_taken":474,"minecraft:walk_one_cm":1062624,"minecraft:sneak_time":47092,"minecraft:walk_under_water_one_cm":1193,"minecraft:drop":78,"minecraft:jump":4226,"minecraft:damage_dealt":306,"minecraft:leave_game":2,"minecraft:walk_on_water_one_cm":1967,"minecraft:time_since_death":466078,"minecraft:climb_one_cm":4067,"minecraft:total_world_time":466078,"minecraft:swim_one_cm":42079,"minecraft:fall_one_cm":42596,"minecraft:fly_one_cm":776031},"minecraft:dropped":{"minecraft:rotten_flesh":55,"minecraft:black_dye":2,"minecraft:wheat_seeds":5,"minecraft:player_head":12,"minecraft:red_tulip":1,"minecraft:wheat":2,"minecraft:light":1},"minecraft:picked_up":{"minecraft:black_dye":2,"minecraft:wheat":3,"minecraft:rotten_flesh":66,"minecraft:wheat_seeds":10,"minecraft:red_tulip":1,"minecraft:player_head":97,"minecraft:bread":1}},"DataVersion":3120}