{"stats":{"minecraft:used":{"minecraft:wooden_sword":6,"minecraft:written_book":5,"minecraft:barrier":5,"minecraft:crossbow":10,"minecraft:black_shulker_box":2,"minecraft:snowball":50,"minecraft:golden_pickaxe":2},"minecraft:custom":{"minecraft:open_chest":1,"minecraft:time_since_rest":195887,"minecraft:crouch_one_cm":4460,"minecraft:play_time":195887,"minecraft:open_shulker_box":2,"minecraft:sprint_one_cm":237252,"minecraft:walk_one_cm":728635,"minecraft:sneak_time":4259,"minecraft:drop":1,"minecraft:jump":936,"minecraft:damage_dealt":137,"minecraft:leave_game":1,"minecraft:walk_on_water_one_cm":736,"minecraft:time_since_death":195887,"minecraft:total_world_time":195887,"minecraft:fly_one_cm":1548873},"minecraft:dropped":{"minecraft:crossbow":1},"minecraft:mined":{"minecraft:black_shulker_box":2},"minecraft:picked_up":{"minecraft:barrier":1,"minecraft:golden_pickaxe":1,"minecraft:black_shulker_box":3,"minecraft:crossbow":2,"minecraft:written_book":1}},"DataVersion":3120}