{"stats":{"minecraft:custom":{"minecraft:time_since_rest":780,"minecraft:crouch_one_cm":8325,"minecraft:play_time":156808,"minecraft:sprint_one_cm":320793,"minecraft:walk_one_cm":420350,"minecraft:damage_taken":219,"minecraft:deaths":1,"minecraft:sneak_time":11214,"minecraft:drop":7,"minecraft:jump":1251,"minecraft:leave_game":1,"minecraft:time_since_death":760,"minecraft:total_world_time":156808,"minecraft:climb_one_cm":12078,"minecraft:fly_one_cm":372205,"minecraft:fall_one_cm":10694},"minecraft:dropped":{"minecraft:carved_pumpkin":2,"minecraft:piston":1,"minecraft:tripwire_hook":1,"minecraft:item_frame":2,"minecraft:light":1},"minecraft:picked_up":{"minecraft:item_frame":15,"minecraft:tripwire_hook":1,"minecraft:carved_pumpkin":2,"minecraft:light":1,"minecraft:piston":1}},"DataVersion":3120}