{"stats":{"minecraft:used":{"minecraft:wooden_hoe":65,"minecraft:written_book":3},"minecraft:custom":{"minecraft:open_barrel":31,"minecraft:open_chest":1,"minecraft:time_since_rest":274,"minecraft:crouch_one_cm":216919,"minecraft:play_time":443825,"minecraft:interact_with_furnace":1,"minecraft:sprint_one_cm":1074233,"minecraft:damage_taken":1054,"minecraft:walk_one_cm":2105102,"minecraft:sneak_time":51927,"minecraft:drop":1,"minecraft:jump":3614,"minecraft:damage_dealt":394,"minecraft:walk_on_water_one_cm":619,"minecraft:leave_game":7,"minecraft:time_since_death":443825,"minecraft:climb_one_cm":2593,"minecraft:total_world_time":443825,"minecraft:fall_one_cm":39431,"minecraft:fly_one_cm":904024},"minecraft:dropped":{"minecraft:light":1},"minecraft:picked_up":{"minecraft:wheat":6,"minecraft:item_frame":4,"minecraft:wheat_seeds":26,"minecraft:potato":10,"minecraft:written_book":1,"minecraft:player_head":1,"minecraft:light":1}},"DataVersion":3120}