{"stats":{"minecraft:custom":{"minecraft:jump":1088,"minecraft:time_since_rest":114292,"minecraft:damage_dealt":0,"minecraft:crouch_one_cm":1318,"minecraft:play_time":114292,"minecraft:leave_game":2,"minecraft:sprint_one_cm":372780,"minecraft:damage_taken":20,"minecraft:time_since_death":114292,"minecraft:walk_one_cm":376728,"minecraft:sneak_time":1323,"minecraft:climb_one_cm":2585,"minecraft:total_world_time":114292,"minecraft:fall_one_cm":7940,"minecraft:fly_one_cm":161610}},"DataVersion":3120}