{"stats":{"minecraft:custom":{"minecraft:jump":1145,"minecraft:time_since_rest":5562,"minecraft:leave_game":1,"minecraft:damage_dealt":0,"minecraft:crouch_one_cm":84274,"minecraft:deaths":1,"minecraft:sprint_one_cm":271306,"minecraft:play_time":174086,"minecraft:damage_taken":228,"minecraft:time_since_death":5542,"minecraft:walk_one_cm":468931,"minecraft:sneak_time":23499,"minecraft:climb_one_cm":2482,"minecraft:total_world_time":174086,"minecraft:swim_one_cm":2521,"minecraft:drop":1,"minecraft:fall_one_cm":10527,"minecraft:fly_one_cm":152861},"minecraft:dropped":{"minecraft:light":1},"minecraft:picked_up":{"minecraft:iron_ingot":1,"minecraft:carved_pumpkin":1,"minecraft:music_disc_pigstep":1,"minecraft:light":1,"minecraft:leather":1}},"DataVersion":3120}