{"stats":{"minecraft:used":{"minecraft:wooden_hoe":60},"minecraft:custom":{"minecraft:open_barrel":6,"minecraft:time_since_rest":2227,"minecraft:open_chest":3,"minecraft:crouch_one_cm":101013,"minecraft:play_time":324195,"minecraft:interact_with_furnace":3,"minecraft:sprint_one_cm":854060,"minecraft:damage_taken":708,"minecraft:walk_one_cm":1166786,"minecraft:sneak_time":27758,"minecraft:drop":10,"minecraft:jump":5876,"minecraft:damage_dealt":379,"minecraft:leave_game":7,"minecraft:time_since_death":324195,"minecraft:climb_one_cm":1695,"minecraft:total_world_time":324195,"minecraft:swim_one_cm":75607,"minecraft:interact_with_crafting_table":1,"minecraft:fall_one_cm":28571,"minecraft:fly_one_cm":963996},"minecraft:dropped":{"minecraft:wheat_seeds":8,"minecraft:red_tulip":1,"minecraft:light":1},"minecraft:picked_up":{"minecraft:wheat":17,"minecraft:wheat_seeds":26,"minecraft:potato":19,"minecraft:red_tulip":1}},"DataVersion":3120}