{"stats":{"minecraft:used":{"minecraft:wooden_hoe":8,"minecraft:written_book":4},"minecraft:killed_by":{"minecraft:player":2},"minecraft:custom":{"minecraft:open_barrel":30,"minecraft:time_since_rest":496,"minecraft:open_chest":2,"minecraft:deaths":2,"minecraft:inspect_dropper":1,"minecraft:interact_with_furnace":1,"minecraft:crouch_one_cm":152472,"minecraft:play_time":461158,"minecraft:sprint_one_cm":687663,"minecraft:damage_taken":624,"minecraft:walk_one_cm":1390296,"minecraft:sneak_time":39782,"minecraft:walk_under_water_one_cm":17,"minecraft:drop":10,"minecraft:jump":2717,"minecraft:damage_dealt":54,"minecraft:walk_on_water_one_cm":210,"minecraft:leave_game":6,"minecraft:time_since_death":476,"minecraft:climb_one_cm":13379,"minecraft:total_world_time":461158,"minecraft:swim_one_cm":56129,"minecraft:tune_noteblock":76,"minecraft:fall_one_cm":52227,"minecraft:fly_one_cm":470195},"minecraft:dropped":{"minecraft:painting":1,"minecraft:wheat_seeds":34,"minecraft:wooden_hoe":2,"minecraft:written_book":3,"minecraft:light":1},"minecraft:picked_up":{"minecraft:wheat":23,"minecraft:leather_boots":1,"minecraft:wheat_seeds":34,"minecraft:painting":1,"minecraft:written_book":3,"minecraft:player_head":2,"minecraft:light":1,"minecraft:wooden_hoe":2}},"DataVersion":3120}