{"stats":{"minecraft:used":{"minecraft:wooden_hoe":116,"minecraft:writable_book":3,"minecraft:written_book":1},"minecraft:custom":{"minecraft:time_since_rest":157,"minecraft:interact_with_furnace":1,"minecraft:sprint_one_cm":757546,"minecraft:damage_taken":821,"minecraft:walk_one_cm":975922,"minecraft:mob_kills":5,"minecraft:drop":62,"minecraft:damage_dealt":1263,"minecraft:swim_one_cm":42349,"minecraft:fly_one_cm":1072989,"minecraft:open_barrel":36,"minecraft:open_chest":8,"minecraft:crouch_one_cm":159104,"minecraft:play_time":428784,"minecraft:sneak_time":43245,"minecraft:walk_under_water_one_cm":236,"minecraft:jump":6005,"minecraft:leave_game":3,"minecraft:time_since_death":428784,"minecraft:walk_on_water_one_cm":626,"minecraft:climb_one_cm":14125,"minecraft:total_world_time":428784,"minecraft:fall_one_cm":73692},"minecraft:dropped":{"minecraft:potato":11,"minecraft:leather_chestplate":2,"minecraft:player_head":45,"minecraft:wheat":12,"minecraft:leather_boots":1,"minecraft:carved_pumpkin":1,"minecraft:leather_leggings":1,"minecraft:observer":6,"minecraft:beef":4,"minecraft:paper":2,"minecraft:written_book":1,"minecraft:item_frame":1,"minecraft:light":1},"minecraft:killed":{"minecraft:cow":1},"minecraft:picked_up":{"minecraft:wheat":24,"minecraft:repeater":1,"minecraft:potato":36,"minecraft:lightning_rod":1,"minecraft:light":2,"minecraft:paper":2,"minecraft:item_frame":2,"minecraft:command_block":1,"minecraft:wheat_seeds":50,"minecraft:tnt_minecart":1,"minecraft:writable_book":1,"minecraft:iron_ingot":1,"minecraft:beef":5,"minecraft:carved_pumpkin":62,"minecraft:observer":6,"minecraft:player_head":48}},"DataVersion":3120}