{"stats":{"minecraft:used":{"minecraft:wooden_hoe":86,"minecraft:wooden_sword":59,"minecraft:written_book":9},"minecraft:killed_by":{"minecraft:player":1},"minecraft:custom":{"minecraft:time_since_rest":66140,"minecraft:sprint_one_cm":1176253,"minecraft:damage_taken":598,"minecraft:walk_one_cm":912107,"minecraft:drop":85,"minecraft:damage_dealt":2801,"minecraft:swim_one_cm":23083,"minecraft:fly_one_cm":676434,"minecraft:player_kills":4,"minecraft:open_barrel":36,"minecraft:crouch_one_cm":229945,"minecraft:play_time":424828,"minecraft:deaths":1,"minecraft:sneak_time":72992,"minecraft:walk_under_water_one_cm":230,"minecraft:jump":3016,"minecraft:time_since_death":257369,"minecraft:leave_game":2,"minecraft:walk_on_water_one_cm":24,"minecraft:climb_one_cm":12933,"minecraft:total_world_time":424828,"minecraft:fall_one_cm":48074},"minecraft:dropped":{"minecraft:iron_ingot":1,"minecraft:potato":6,"minecraft:wheat_seeds":5,"minecraft:player_head":24,"minecraft:wheat":16,"minecraft:carved_pumpkin":1,"minecraft:rotten_flesh":15,"minecraft:book":1,"minecraft:painting":1,"minecraft:observer":3,"minecraft:deepslate_tile_wall":64,"minecraft:command_block":2,"minecraft:chain_command_block":2,"minecraft:written_book":6,"minecraft:light":1},"minecraft:broken":{"minecraft:wooden_sword":1},"minecraft:picked_up":{"minecraft:book":1,"minecraft:wheat":42,"minecraft:leather_chestplate":1,"minecraft:chain_command_block":2,"minecraft:potato":43,"minecraft:music_disc_pigstep":1,"minecraft:light":1,"minecraft:wooden_sword":1,"minecraft:command_block":2,"minecraft:rotten_flesh":15,"minecraft:wheat_seeds":53,"minecraft:iron_ingot":1,"minecraft:carved_pumpkin":1,"minecraft:painting":1,"minecraft:observer":4,"minecraft:written_book":6,"minecraft:player_head":26,"minecraft:deepslate_tile_wall":64}},"DataVersion":3120}