{"stats":{"minecraft:used":{"minecraft:wooden_hoe":7,"minecraft:writable_book":2,"minecraft:barrier":17,"minecraft:oak_sign":1,"minecraft:smooth_quartz":1,"minecraft:iron_door":1,"minecraft:pink_concrete":1,"minecraft:wooden_sword":49,"minecraft:bow":33,"minecraft:written_book":10,"minecraft:snowball":12,"minecraft:enchanted_golden_apple":6},"minecraft:killed_by":{"minecraft:player":1},"minecraft:custom":{"minecraft:time_since_rest":149978,"minecraft:sprint_one_cm":500852,"minecraft:damage_taken":523,"minecraft:walk_one_cm":1610146,"minecraft:drop":10,"minecraft:damage_dealt":132,"minecraft:swim_one_cm":12964,"minecraft:fly_one_cm":1001450,"minecraft:open_barrel":6,"minecraft:open_chest":2,"minecraft:crouch_one_cm":196857,"minecraft:open_shulker_box":3,"minecraft:play_time":475061,"minecraft:deaths":2,"minecraft:sneak_time":44855,"minecraft:jump":5140,"minecraft:time_since_death":149958,"minecraft:leave_game":6,"minecraft:walk_on_water_one_cm":183,"minecraft:total_world_time":475061,"minecraft:climb_one_cm":9938,"minecraft:damage_resisted":1787,"minecraft:fall_one_cm":63998},"minecraft:dropped":{"minecraft:snowball":2,"minecraft:enchanted_golden_apple":2,"minecraft:written_book":6},"minecraft:mined":{"minecraft:grass":14,"minecraft:tall_grass":31,"minecraft:moss_block":1},"minecraft:picked_up":{"minecraft:leather_chestplate":1,"minecraft:light":1,"minecraft:item_frame":1,"minecraft:bow":1,"minecraft:wheat_seeds":41,"minecraft:carved_pumpkin":64,"minecraft:written_book":17,"minecraft:player_head":2,"minecraft:snowball":1}},"DataVersion":3120}