{"stats":{"minecraft:killed_by":{"minecraft:warden":1},"minecraft:custom":{"minecraft:jump":2203,"minecraft:open_chest":1,"minecraft:time_since_rest":704,"minecraft:leave_game":1,"minecraft:deaths":1,"minecraft:damage_dealt":111,"minecraft:crouch_one_cm":6520,"minecraft:sprint_one_cm":346764,"minecraft:play_time":164676,"minecraft:damage_taken":389,"minecraft:time_since_death":684,"minecraft:walk_one_cm":690741,"minecraft:sneak_time":2186,"minecraft:climb_one_cm":5155,"minecraft:total_world_time":164676,"minecraft:swim_one_cm":1782,"minecraft:fall_one_cm":27514,"minecraft:fly_one_cm":556754},"minecraft:picked_up":{"minecraft:player_head":3}},"DataVersion":3120}