{"stats":{"minecraft:dropped":{"minecraft:deepslate_bricks":3,"minecraft:leather_chestplate":1,"minecraft:sculk":2,"minecraft:leather_boots":1,"minecraft:crossbow":1,"minecraft:leather_leggings":1,"minecraft:dark_oak_planks":1,"minecraft:written_book":2,"minecraft:black_wool":3},"minecraft:custom":{"minecraft:time_since_rest":220557,"minecraft:interact_with_furnace":1,"minecraft:open_enderchest":5,"minecraft:sprint_one_cm":294329,"minecraft:damage_taken":10,"minecraft:walk_one_cm":418192,"minecraft:mob_kills":1,"minecraft:drop":15,"minecraft:damage_dealt":49,"minecraft:swim_one_cm":1583,"minecraft:fly_one_cm":1087668,"minecraft:open_barrel":2,"minecraft:open_chest":4,"minecraft:crouch_one_cm":1304,"minecraft:play_time":220557,"minecraft:open_shulker_box":10,"minecraft:sneak_time":2368,"minecraft:walk_under_water_one_cm":14768,"minecraft:jump":1047,"minecraft:leave_game":3,"minecraft:time_since_death":220557,"minecraft:walk_on_water_one_cm":2054,"minecraft:climb_one_cm":2293,"minecraft:total_world_time":220557,"minecraft:damage_resisted":12531,"minecraft:fall_one_cm":2151},"minecraft:used":{"minecraft:dark_oak_planks":1,"minecraft:lever":4,"minecraft:light":1,"minecraft:black_wool":35,"minecraft:firework_rocket":2,"minecraft:villager_spawn_egg":1,"minecraft:red_wool":1,"minecraft:grass_block":2,"minecraft:black_shulker_box":3,"minecraft:deepslate_bricks":2,"minecraft:dirt":1,"minecraft:golden_carrot":3,"minecraft:bow":16,"minecraft:written_book":20,"minecraft:crossbow":24,"minecraft:smooth_stone":1},"minecraft:mined":{"minecraft:black_shulker_box":1,"minecraft:lever":3},"minecraft:picked_up":{"minecraft:tipped_arrow":1,"minecraft:sculk":2,"minecraft:light":1,"minecraft:dark_oak_planks":1,"minecraft:firework_rocket":64,"minecraft:bow":1,"minecraft:black_shulker_box":5,"minecraft:lever":3,"minecraft:deepslate_bricks":3,"minecraft:crossbow":1,"minecraft:written_book":2,"minecraft:black_wool":6}},"DataVersion":3120}