{"stats":{"minecraft:dropped":{"minecraft:acacia_boat":21,"minecraft:iron_sword":2,"minecraft:birch_planks":2,"minecraft:glow_ink_sac":2,"minecraft:baked_potato":60,"minecraft:crossbow":5,"minecraft:leather":2,"minecraft:elytra":3,"minecraft:gold_block":65,"minecraft:dirt":49,"minecraft:stone_button":5,"minecraft:black_shulker_box":6,"minecraft:wooden_sword":4,"minecraft:black_concrete":4,"minecraft:light_blue_banner":41,"minecraft:spyglass":4,"minecraft:polished_andesite_slab":1,"minecraft:cobbled_deepslate":5,"minecraft:music_disc_5":1,"minecraft:enchanted_golden_apple":64,"minecraft:acacia_button":18,"minecraft:tipped_arrow":947,"minecraft:leather_leggings":2,"minecraft:arrow":64,"minecraft:glass":1,"minecraft:written_book":5,"minecraft:splash_potion":2,"minecraft:firework_rocket":264,"minecraft:lectern":579,"minecraft:egg":1,"minecraft:iron_ingot":1,"minecraft:wheat_seeds":361,"minecraft:polished_blackstone":1,"minecraft:smooth_quartz_stairs":1,"minecraft:witch_spawn_egg":1662,"minecraft:netherite_axe":2,"minecraft:feather":4,"minecraft:golden_axe":1,"minecraft:barrier":2,"minecraft:command_block":1,"minecraft:music_disc_pigstep":1,"minecraft:grass_block":2,"minecraft:golden_apple":2,"minecraft:polished_andesite":2,"minecraft:stick":1,"minecraft:torch":712,"minecraft:repeater":1,"minecraft:wooden_axe":3,"minecraft:smooth_quartz":808,"minecraft:potion":3,"minecraft:music_disc_strad":1,"minecraft:red_dye":2,"minecraft:paper":1,"minecraft:tripwire_hook":2,"minecraft:snow_block":1,"minecraft:soul_torch":3,"minecraft:player_head":2,"minecraft:green_bed":3,"minecraft:chicken":3,"minecraft:oak_sign":1,"minecraft:shulker_box":2,"minecraft:flint_and_steel":2,"minecraft:light":34,"minecraft:deepslate_bricks":1,"minecraft:oak_button":2,"minecraft:fire_coral":1,"minecraft:carved_pumpkin":395,"minecraft:stone_pressure_plate":28,"minecraft:cow_spawn_egg":314,"minecraft:bow":5},"minecraft:killed":{"minecraft:chicken":439,"minecraft:pig":10,"minecraft:creeper":2,"minecraft:cow":17,"minecraft:allay":39,"minecraft:warden":24},"minecraft:crafted":{"minecraft:firework_star":64,"minecraft:firework_rocket":192},"minecraft:custom":{"minecraft:animals_bred":6,"minecraft:interact_with_crafting_table":4,"minecraft:open_barrel":262,"minecraft:open_shulker_box":101,"minecraft:bell_ring":2,"minecraft:leave_game":81,"minecraft:time_since_death":10983,"minecraft:damage_resisted":8710766,"minecraft:sprint_one_cm":2829562,"minecraft:drop":538,"minecraft:play_time":4301783,"minecraft:deaths":137,"minecraft:jump":17723,"minecraft:walk_on_water_one_cm":110662,"minecraft:play_record":55,"minecraft:interact_with_loom":5,"minecraft:sleep_in_bed":7,"minecraft:open_enderchest":22,"minecraft:damage_dealt":133259,"minecraft:player_kills":72,"minecraft:crouch_one_cm":322459,"minecraft:inspect_dispenser":287,"minecraft:inspect_dropper":3,"minecraft:mob_kills":672,"minecraft:interact_with_anvil":52,"minecraft:inspect_hopper":7,"minecraft:climb_one_cm":13905,"minecraft:walk_one_cm":8477699,"minecraft:target_hit":12,"minecraft:sneak_time":168129,"minecraft:walk_under_water_one_cm":430439,"minecraft:interact_with_blast_furnace":1,"minecraft:total_world_time":4301783,"minecraft:tune_noteblock":227,"minecraft:pot_flower":2,"minecraft:interact_with_grindstone":1,"minecraft:time_since_rest":11003,"minecraft:damage_taken":41552,"minecraft:trigger_trapped_chest":17,"minecraft:swim_one_cm":22115,"minecraft:fly_one_cm":19442827,"minecraft:open_chest":109,"minecraft:aviate_one_cm":34865893,"minecraft:fall_one_cm":285606},"minecraft:killed_by":{"minecraft:player":10},"minecraft:mined":{"minecraft:red_bed":1,"minecraft:tnt":1},"minecraft:used":{"minecraft:peony":7,"minecraft:moss_block":17,"minecraft:light_blue_banner":14,"minecraft:waxed_exposed_cut_copper":48,"minecraft:polished_deepslate":497,"minecraft:chiseled_deepslate":87,"minecraft:dispenser":149,"minecraft:cut_red_sandstone_slab":5,"minecraft:smooth_quartz_slab":120,"minecraft:tadpole_spawn_egg":54,"minecraft:ladder":44,"minecraft:spruce_slab":163,"minecraft:polished_blackstone":145,"minecraft:diamond_hoe":1,"minecraft:elytra":3,"minecraft:mangrove_fence_gate":1,"minecraft:oak_sign":72,"minecraft:mangrove_button":9,"minecraft:black_carpet":24,"minecraft:white_concrete_powder":244,"minecraft:chest":16,"minecraft:stone":178,"minecraft:iron_sword":19,"minecraft:zombie_spawn_egg":24,"minecraft:creeper_head":6,"minecraft:quartz_stairs":82,"minecraft:bubble_coral":18,"minecraft:player_head":32,"minecraft:farmland":30,"minecraft:waxed_weathered_cut_copper_stairs":54,"minecraft:green_terracotta":49,"minecraft:sculk_sensor":244,"minecraft:debug_stick":305,"minecraft:spruce_leaves":2,"minecraft:soul_sand":43,"minecraft:birch_pressure_plate":5,"minecraft:skeleton_spawn_egg":3,"minecraft:brick_slab":36,"minecraft:carrot":1,"minecraft:deepslate_brick_slab":29,"minecraft:acacia_sapling":1,"minecraft:acacia_button":11,"minecraft:music_disc_13":1,"minecraft:axolotl_bucket":2,"minecraft:milk_bucket":23,"minecraft:obsidian":136,"minecraft:warden_spawn_egg":19,"minecraft:glass":307,"minecraft:crimson_button":1,"minecraft:packed_ice":3,"minecraft:honey_block":7,"minecraft:lava_bucket":113,"minecraft:honeycomb":71,"minecraft:music_disc_pigstep":39,"minecraft:bricks":536,"minecraft:red_wool":146,"minecraft:villager_spawn_egg":2,"minecraft:quartz_pillar":226,"minecraft:mangrove_stairs":8,"minecraft:quartz_slab":3,"minecraft:black_stained_glass_pane":9,"minecraft:lantern":11,"minecraft:grass_block":383,"minecraft:birch_sapling":61,"minecraft:green_wool":9,"minecraft:quartz_block":12,"minecraft:warped_nylium":6,"minecraft:dark_oak_slab":42,"minecraft:gray_concrete_powder":4,"minecraft:dark_oak_button":9,"minecraft:stone_bricks":41,"minecraft:item_frame":49,"minecraft:bedrock":103,"minecraft:reinforced_deepslate":20,"minecraft:repeater":122,"minecraft:red_carpet":22,"minecraft:redstone_lamp":15,"minecraft:magma_block":6,"minecraft:bow":670,"minecraft:horn_coral":43,"minecraft:hay_block":14,"minecraft:written_book":252,"minecraft:oak_sapling":135,"minecraft:furnace":6,"minecraft:mangrove_slab":25,"minecraft:gold_block":52,"minecraft:skeleton_skull":2,"minecraft:egg":20,"minecraft:potato":143,"minecraft:seagrass":16,"minecraft:polished_blackstone_stairs":11,"minecraft:deepslate_brick_wall":646,"minecraft:chiseled_polished_blackstone":17,"minecraft:waxed_oxidized_cut_copper_slab":2,"minecraft:dark_oak_stairs":273,"minecraft:mossy_stone_bricks":13,"minecraft:leather_leggings":1,"minecraft:cow_spawn_egg":46,"minecraft:spruce_door":7,"minecraft:dropper":2,"minecraft:wither_skeleton_skull":86,"minecraft:red_stained_glass":1,"minecraft:cut_copper_slab":5,"minecraft:witch_spawn_egg":15,"minecraft:birch_leaves":266,"minecraft:oak_planks":705,"minecraft:ender_pearl":5,"minecraft:lime_concrete_powder":8,"minecraft:leather_chestplate":1,"minecraft:sandstone":121,"minecraft:redstone_block":4,"minecraft:composter":1,"minecraft:clay":2,"minecraft:smooth_quartz_stairs":364,"minecraft:oak_leaves":143,"minecraft:white_wool":201,"minecraft:brain_coral":15,"minecraft:dark_oak_trapdoor":9,"minecraft:blue_dye":1,"minecraft:sand":653,"minecraft:light_blue_concrete":42,"minecraft:loom":2,"minecraft:waxed_weathered_cut_copper_slab":5,"minecraft:blast_furnace":7,"minecraft:yellow_concrete":654,"minecraft:crossbow":326,"minecraft:oxidized_cut_copper_slab":9,"minecraft:chiseled_quartz_block":382,"minecraft:note_block":8,"minecraft:lingering_potion":118,"minecraft:gray_concrete":121,"minecraft:black_bed":11,"minecraft:black_concrete_powder":226,"minecraft:cobbled_deepslate_stairs":10,"minecraft:deepslate_brick_stairs":464,"minecraft:lightning_rod":1,"minecraft:creeper_spawn_egg":173,"minecraft:redstone_torch":120,"minecraft:sticky_piston":73,"minecraft:lever":75,"minecraft:green_concrete":1,"minecraft:black_concrete":8371,"minecraft:firework_rocket":11035,"minecraft:mangrove_door":9,"minecraft:light_gray_concrete":13,"minecraft:barrier":2606,"minecraft:brown_stained_glass":2,"minecraft:stone_button":25,"minecraft:lectern":1,"minecraft:polished_granite":72,"minecraft:oak_pressure_plate":1,"minecraft:iron_door":106,"minecraft:deepslate":3,"minecraft:gravel":2,"minecraft:flowering_azalea_leaves":44,"minecraft:polished_andesite_slab":2,"minecraft:wooden_sword":110,"minecraft:dark_oak_fence":357,"minecraft:grindstone":1,"minecraft:waxed_oxidized_cut_copper_stairs":2,"minecraft:birch_log":14,"minecraft:bubble_coral_block":72,"minecraft:white_stained_glass":125,"minecraft:andesite":149,"minecraft:chain":186,"minecraft:ice":11,"minecraft:white_concrete":2286,"minecraft:bone_meal":1032,"minecraft:cobweb":146,"minecraft:experience_bottle":6,"minecraft:gray_stained_glass":1,"minecraft:azalea":9,"minecraft:oak_trapdoor":7,"minecraft:oak_fence":28,"minecraft:trident":4,"minecraft:jungle_leaves":195,"minecraft:petrified_oak_slab":129,"minecraft:netherite_sword":101,"minecraft:polished_blackstone_brick_slab":2,"minecraft:rose_bush":3,"minecraft:iron_bars":129,"minecraft:stone_sword":3,"minecraft:orange_concrete":1,"minecraft:dead_bush":148,"minecraft:flint_and_steel":79,"minecraft:carved_pumpkin":29,"minecraft:red_concrete":296,"minecraft:armor_stand":29,"minecraft:redstone":711,"minecraft:spruce_planks":800,"minecraft:tinted_glass":133,"minecraft:ender_chest":4,"minecraft:music_disc_5":14,"minecraft:sculk":2916,"minecraft:wooden_shovel":4,"minecraft:polished_blackstone_wall":427,"minecraft:netherrack":58,"minecraft:orange_bed":2,"minecraft:light_gray_shulker_box":5,"minecraft:oak_door":4,"minecraft:orange_stained_glass":32,"minecraft:bee_spawn_egg":23,"minecraft:torch":1,"minecraft:anvil":16,"minecraft:dirt":591,"minecraft:spyglass":425,"minecraft:red_nether_brick_slab":6,"minecraft:hopper":18,"minecraft:nether_quartz_ore":2,"minecraft:prismarine_bricks":70,"minecraft:spruce_stairs":627,"minecraft:cobblestone_wall":1,"minecraft:stone_stairs":12,"minecraft:nether_brick_slab":1,"minecraft:mud_brick_stairs":32,"minecraft:spruce_fence":89,"minecraft:allay_spawn_egg":27,"minecraft:blue_concrete":97,"minecraft:nether_brick_stairs":4,"minecraft:polished_diorite":93,"minecraft:stone_brick_slab":6,"minecraft:wooden_axe":1,"minecraft:dark_oak_planks":749,"minecraft:sea_lantern":36,"minecraft:red_tulip":1,"minecraft:yellow_stained_glass":101,"minecraft:iron_block":1,"minecraft:iron_axe":1,"minecraft:oak_stairs":74,"minecraft:spruce_button":10,"minecraft:slime_block":1,"minecraft:warped_fence":94,"minecraft:polished_deepslate_wall":238,"minecraft:jungle_log":51,"minecraft:chicken_spawn_egg":156,"minecraft:polished_blackstone_brick_stairs":18,"minecraft:smooth_quartz":7421,"minecraft:barrel":86,"minecraft:bamboo":3,"minecraft:tripwire_hook":49,"minecraft:purple_concrete":8,"minecraft:glowstone":212,"minecraft:lime_concrete":656,"minecraft:black_stained_glass":381,"minecraft:tall_grass":6,"minecraft:iron_trapdoor":6,"minecraft:dark_oak_pressure_plate":1,"minecraft:wolf_spawn_egg":2,"minecraft:oxidized_copper":15,"minecraft:podzol":143,"minecraft:trapped_chest":1,"minecraft:horn_coral_block":54,"minecraft:stone_pressure_plate":1,"minecraft:observer":130,"minecraft:red_dye":7,"minecraft:cobbled_deepslate":372,"minecraft:turtle_egg":1,"minecraft:powder_snow_bucket":1,"minecraft:enchanted_golden_apple":4,"minecraft:golden_axe":97,"minecraft:brain_coral_block":126,"minecraft:calcite":127,"minecraft:wheat_seeds":47,"minecraft:quartz_bricks":139,"minecraft:water_bucket":81,"minecraft:cobblestone_stairs":18,"minecraft:tube_coral_block":79,"minecraft:dirt_path":176,"minecraft:sandstone_stairs":1,"minecraft:snow_block":307,"minecraft:birch_planks":85,"minecraft:yellow_shulker_box":1,"minecraft:polished_andesite":1056,"minecraft:lime_wool":52,"minecraft:copper_block":2,"minecraft:black_shulker_box":87,"minecraft:spruce_sign":17,"minecraft:glow_ink_sac":19,"minecraft:green_bed":136,"minecraft:vindicator_spawn_egg":32,"minecraft:cracked_stone_bricks":5,"minecraft:deepslate_bricks":7668,"minecraft:conduit":2,"minecraft:waxed_copper_block":15,"minecraft:polished_blackstone_bricks":64,"minecraft:pink_concrete":633,"minecraft:polished_blackstone_pressure_plate":14,"minecraft:polished_deepslate_slab":9,"minecraft:diamond_block":19,"minecraft:vine":251,"minecraft:tnt":281,"minecraft:oak_slab":9,"minecraft:crafting_table":3,"minecraft:red_bed":17,"minecraft:crimson_trapdoor":3,"minecraft:brown_banner":2,"minecraft:sculk_shrieker":237,"minecraft:campfire":1,"minecraft:fire_coral":33,"minecraft:painting":55,"minecraft:infested_deepslate":9,"minecraft:infested_stone_bricks":38,"minecraft:spruce_log":1,"minecraft:warped_planks":11,"minecraft:music_disc_strad":1,"minecraft:dark_oak_door":180,"minecraft:nether_gold_ore":15,"minecraft:oak_log":33,"minecraft:deepslate_tile_wall":18,"minecraft:purple_stained_glass":309,"minecraft:piston":8,"minecraft:netherite_block":19,"minecraft:flower_pot":2,"minecraft:light":273,"minecraft:black_wool":60,"minecraft:command_block":90,"minecraft:cracked_polished_blackstone_bricks":33,"minecraft:oak_button":18,"minecraft:pig_spawn_egg":36,"minecraft:netherite_axe":23,"minecraft:cyan_concrete":253,"minecraft:spruce_trapdoor":3,"minecraft:spruce_sapling":271,"minecraft:crimson_nylium":3,"minecraft:fire_coral_block":153,"minecraft:brown_stained_glass_pane":4,"minecraft:cobblestone":50,"minecraft:potion":70,"minecraft:red_concrete_powder":1,"minecraft:sandstone_slab":2,"minecraft:bucket":8,"minecraft:polished_blackstone_button":2,"minecraft:wither_rose":1,"minecraft:sea_pickle":65,"minecraft:kelp":48,"minecraft:splash_potion":584,"minecraft:jukebox":16,"minecraft:birch_stairs":167,"minecraft:sculk_catalyst":9,"minecraft:smooth_stone":91,"minecraft:pillager_spawn_egg":1,"minecraft:soul_torch":1},"minecraft:picked_up":{"minecraft:wooden_axe":5,"minecraft:music_disc_strad":1,"minecraft:wheat":12,"minecraft:creeper_head":1,"minecraft:wither_rose":7,"minecraft:potion":2,"minecraft:light":39,"minecraft:blue_concrete":1,"minecraft:globe_banner_pattern":1,"minecraft:sticky_piston":1,"minecraft:oak_sign":6,"minecraft:sculk_shrieker":1,"minecraft:black_shulker_box":88,"minecraft:cobbled_deepslate":12,"minecraft:bucket":1,"minecraft:red_dye":1,"minecraft:written_book":27,"minecraft:smooth_quartz":333,"minecraft:smooth_quartz_stairs":1,"minecraft:dark_oak_door":2,"minecraft:tipped_arrow":4,"minecraft:stick":141,"minecraft:deepslate_brick_wall":1,"minecraft:oak_fence":5,"minecraft:torch":712,"minecraft:green_bed":34,"minecraft:porkchop":7,"minecraft:golden_axe":1,"minecraft:music_disc_pigstep":42,"minecraft:warped_planks":16,"minecraft:end_crystal":5,"minecraft:goat_horn":1,"minecraft:rotten_flesh":3106,"minecraft:music_disc_ward":2,"minecraft:cow_spawn_egg":313,"minecraft:carved_pumpkin":68,"minecraft:end_rod":1,"minecraft:cobblestone":1,"minecraft:barrier":1,"minecraft:leather_chestplate":7,"minecraft:feather":366,"minecraft:cooked_beef":499,"minecraft:repeater":3,"minecraft:iron_door":9,"minecraft:jungle_log":1,"minecraft:andesite":3,"minecraft:potato":8,"minecraft:dirt":170,"minecraft:leather_boots":7,"minecraft:glass":1,"minecraft:bone":4,"minecraft:bow":2,"minecraft:wheat_seeds":439,"minecraft:bamboo":13,"minecraft:honeycomb":1,"minecraft:oak_planks":1,"minecraft:debug_stick":1,"minecraft:sheep_spawn_egg":1,"minecraft:music_disc_13":2,"minecraft:sand":44,"minecraft:barrel":1,"minecraft:shulker_box":5,"minecraft:polished_andesite":3,"minecraft:black_concrete":18,"minecraft:lever":9,"minecraft:crossbow":13,"minecraft:bone_meal":1,"minecraft:golden_apple":1,"minecraft:spruce_button":1,"minecraft:oak_sapling":1,"minecraft:bricks":6,"minecraft:nether_star":1,"minecraft:lingering_potion":19,"minecraft:music_disc_5":23,"minecraft:spruce_leaves":1,"minecraft:chicken":396,"minecraft:splash_potion":1,"minecraft:ladder":1,"minecraft:leather_leggings":9,"minecraft:gold_block":1,"minecraft:acacia_button":18,"minecraft:fire_coral":1,"minecraft:cornflower":2,"minecraft:red_bed":6,"minecraft:elytra":3,"minecraft:wooden_sword":3,"minecraft:item_frame":13,"minecraft:beef":31,"minecraft:player_head":12,"minecraft:poppy":2,"minecraft:lectern":257,"minecraft:birch_sapling":2,"minecraft:egg":15,"minecraft:oak_door":1,"minecraft:white_dye":1,"minecraft:frog_spawn_egg":29,"minecraft:stone_button":14,"minecraft:cookie":1,"minecraft:carrot":5,"minecraft:redstone":18,"minecraft:stone_pressure_plate":54,"minecraft:dark_oak_planks":1,"minecraft:tnt":3,"minecraft:arrow":4,"minecraft:allay_spawn_egg":5,"minecraft:deepslate_bricks":1,"minecraft:black_banner":1,"minecraft:polished_blackstone":11,"minecraft:mutton":2,"minecraft:rail":2,"minecraft:lime_concrete_powder":5,"minecraft:white_wool":2,"minecraft:dark_oak_button":2,"minecraft:tripwire_hook":4,"minecraft:glow_ink_sac":1,"minecraft:leather":233,"minecraft:filled_map":67,"minecraft:birch_planks":1,"minecraft:gunpowder":52,"minecraft:paper":1,"minecraft:cut_copper_slab":1,"minecraft:birch_pressure_plate":1,"minecraft:cooked_mutton":1,"minecraft:witch_spawn_egg":1822,"minecraft:light_blue_banner":7,"minecraft:apple":1,"minecraft:iron_ingot":11,"minecraft:polished_andesite_slab":1,"minecraft:iron_sword":2,"minecraft:purple_concrete":1,"minecraft:sculk_catalyst":15,"minecraft:emerald_block":320,"minecraft:yellow_concrete":1,"minecraft:red_wool":5,"minecraft:dandelion":5,"minecraft:spyglass":4,"minecraft:lava_bucket":3,"minecraft:spruce_sapling":17,"minecraft:soul_torch":3,"minecraft:dragon_egg":2,"minecraft:firework_rocket":583,"minecraft:sculk_sensor":1,"minecraft:painting":2,"minecraft:oak_button":3,"minecraft:baked_potato":6,"minecraft:black_wool":30}},"DataVersion":3120}