{"stats":{"minecraft:custom":{"minecraft:time_since_rest":25362,"minecraft:open_chest":4,"minecraft:crouch_one_cm":849,"minecraft:play_time":25362,"minecraft:sprint_one_cm":59508,"minecraft:open_shulker_box":9,"minecraft:walk_one_cm":48244,"minecraft:sneak_time":547,"minecraft:walk_under_water_one_cm":8834,"minecraft:interact_with_anvil":1,"minecraft:drop":2,"minecraft:jump":126,"minecraft:leave_game":1,"minecraft:walk_on_water_one_cm":2178,"minecraft:time_since_death":25362,"minecraft:total_world_time":25637,"minecraft:swim_one_cm":1225,"minecraft:fly_one_cm":100016,"minecraft:open_barrel":28},"minecraft:picked_up":{"minecraft:black_shulker_box":1,"minecraft:gold_block":4},"minecraft:dropped":{"minecraft:gold_block":2},"minecraft:used":{"minecraft:sand":1,"minecraft:dirt":23,"minecraft:comparator":4,"minecraft:written_book":8,"minecraft:command_block":15,"minecraft:polished_andesite":5,"minecraft:oak_sign":8,"minecraft:crossbow":1,"minecraft:repeating_command_block":1,"minecraft:polished_blackstone_button":2,"minecraft:sandstone":2,"minecraft:glow_ink_sac":1,"minecraft:leather_boots":1,"minecraft:barrel":26}},"DataVersion":3120}