{"stats":{"minecraft:killed":{"minecraft:pig":1},"minecraft:mined":{"minecraft:black_wool":11},"minecraft:picked_up":{"minecraft:wheat":4,"minecraft:potato":5,"minecraft:item_frame":2,"minecraft:command_block":1,"minecraft:rotten_flesh":72,"minecraft:apple":1,"minecraft:bow":1,"minecraft:wheat_seeds":32,"minecraft:shears":1,"minecraft:red_tulip":2,"minecraft:painting":1,"minecraft:player_head":134,"minecraft:black_wool":18},"minecraft:used":{"minecraft:wooden_hoe":12,"minecraft:black_wool":6,"minecraft:bow":109,"minecraft:shears":11},"minecraft:dropped":{"minecraft:potato":2,"minecraft:wheat_seeds":3,"minecraft:player_head":64,"minecraft:wheat":2,"minecraft:rotten_flesh":28,"minecraft:bow":1,"minecraft:arrow":28,"minecraft:red_tulip":1,"minecraft:shears":1,"minecraft:black_wool":4,"minecraft:item_frame":1},"minecraft:custom":{"minecraft:time_since_rest":96,"minecraft:walk_one_cm":2370490,"minecraft:interact_with_furnace":5,"minecraft:sprint_one_cm":1607337,"minecraft:damage_taken":1380,"minecraft:drop":106,"minecraft:damage_dealt":363,"minecraft:swim_one_cm":56805,"minecraft:interact_with_crafting_table":3,"minecraft:fly_one_cm":1675644,"minecraft:open_barrel":47,"minecraft:open_chest":10,"minecraft:crouch_one_cm":324208,"minecraft:play_time":750701,"minecraft:bell_ring":31,"minecraft:sneak_time":106476,"minecraft:walk_under_water_one_cm":581,"minecraft:jump":20840,"minecraft:interact_with_blast_furnace":1,"minecraft:leave_game":3,"minecraft:time_since_death":750701,"minecraft:walk_on_water_one_cm":1387,"minecraft:climb_one_cm":7003,"minecraft:interact_with_smoker":2,"minecraft:total_world_time":750701,"minecraft:damage_resisted":56771,"minecraft:fall_one_cm":85845}},"DataVersion":3120}