{"stats":{"minecraft:picked_up":{"minecraft:red_tulip":1,"minecraft:written_book":2,"minecraft:player_head":7,"minecraft:dragon_egg":1,"minecraft:wooden_hoe":1},"minecraft:used":{"minecraft:wooden_hoe":20,"minecraft:written_book":2},"minecraft:dropped":{"minecraft:tipped_arrow":4,"minecraft:player_head":5,"minecraft:red_tulip":1,"minecraft:wooden_hoe":1,"minecraft:dragon_egg":1,"minecraft:written_book":2},"minecraft:custom":{"minecraft:open_barrel":50,"minecraft:time_since_rest":48,"minecraft:open_chest":4,"minecraft:deaths":3,"minecraft:crouch_one_cm":71671,"minecraft:interact_with_furnace":2,"minecraft:play_time":434906,"minecraft:sprint_one_cm":1067659,"minecraft:damage_taken":1594,"minecraft:walk_one_cm":1897690,"minecraft:sneak_time":17364,"minecraft:walk_under_water_one_cm":352,"minecraft:interact_with_anvil":1,"minecraft:drop":14,"minecraft:jump":2921,"minecraft:damage_dealt":147,"minecraft:walk_on_water_one_cm":1932,"minecraft:leave_game":12,"minecraft:time_since_death":26,"minecraft:climb_one_cm":9066,"minecraft:total_world_time":434906,"minecraft:swim_one_cm":51989,"minecraft:fall_one_cm":47474,"minecraft:fly_one_cm":617878,"minecraft:inspect_dispenser":2}},"DataVersion":3120}