{"stats":{"minecraft:picked_up":{"minecraft:item_frame":5,"minecraft:wheat":15,"minecraft:rotten_flesh":8,"minecraft:red_wool":1,"minecraft:wheat_seeds":40,"minecraft:potato":10,"minecraft:painting":1,"minecraft:player_head":12,"minecraft:black_wool":1},"minecraft:used":{"minecraft:wooden_hoe":38,"minecraft:bow":42},"minecraft:dropped":{"minecraft:potato":5,"minecraft:red_wool":2,"minecraft:wheat_seeds":28,"minecraft:player_head":5,"minecraft:black_wool":2},"minecraft:custom":{"minecraft:open_barrel":25,"minecraft:open_chest":2,"minecraft:time_since_rest":232818,"minecraft:interact_with_furnace":3,"minecraft:crouch_one_cm":321896,"minecraft:play_time":666397,"minecraft:sprint_one_cm":1790119,"minecraft:damage_taken":1556,"minecraft:walk_one_cm":1958945,"minecraft:sneak_time":78271,"minecraft:walk_under_water_one_cm":465,"minecraft:drop":42,"minecraft:jump":8837,"minecraft:damage_dealt":576,"minecraft:leave_game":18,"minecraft:walk_on_water_one_cm":1601,"minecraft:time_since_death":666397,"minecraft:total_world_time":666397,"minecraft:climb_one_cm":14678,"minecraft:damage_resisted":21689,"minecraft:swim_one_cm":29048,"minecraft:interact_with_crafting_table":2,"minecraft:fall_one_cm":117250,"minecraft:fly_one_cm":2097983}},"DataVersion":3120}