{"stats":{"minecraft:picked_up":{"minecraft:leather_chestplate":1,"minecraft:wheat":10,"minecraft:arrow":32,"minecraft:red_wool":3,"minecraft:wheat_seeds":3,"minecraft:shears":1,"minecraft:light":1,"minecraft:black_wool":14},"minecraft:used":{"minecraft:wooden_hoe":6,"minecraft:bow":70},"minecraft:dropped":{"minecraft:leather_chestplate":1,"minecraft:arrow":1,"minecraft:shears":1,"minecraft:light":1},"minecraft:custom":{"minecraft:open_barrel":29,"minecraft:time_since_rest":269054,"minecraft:open_chest":4,"minecraft:crouch_one_cm":189515,"minecraft:play_time":599559,"minecraft:sprint_one_cm":1505463,"minecraft:damage_taken":654,"minecraft:walk_one_cm":1860697,"minecraft:sneak_time":54212,"minecraft:walk_under_water_one_cm":646,"minecraft:drop":4,"minecraft:jump":12253,"minecraft:damage_dealt":269,"minecraft:leave_game":5,"minecraft:walk_on_water_one_cm":658,"minecraft:time_since_death":599559,"minecraft:climb_one_cm":9098,"minecraft:total_world_time":599559,"minecraft:damage_resisted":37608,"minecraft:swim_one_cm":62594,"minecraft:fall_one_cm":213717,"minecraft:fly_one_cm":3047639}},"DataVersion":3120}