{"stats":{"minecraft:picked_up":{"minecraft:leather_chestplate":1,"minecraft:wheat":27,"minecraft:wheat_seeds":9,"minecraft:potato":5,"minecraft:light":3,"minecraft:paper":1},"minecraft:used":{"minecraft:wooden_hoe":105,"minecraft:golden_axe":14},"minecraft:dropped":{"minecraft:potato":3,"minecraft:wheat_seeds":9,"minecraft:wooden_hoe":1,"minecraft:paper":1,"minecraft:wheat":15,"minecraft:light":3,"minecraft:leather_chestplate":1},"minecraft:custom":{"minecraft:open_barrel":23,"minecraft:time_since_rest":303496,"minecraft:open_chest":3,"minecraft:interact_with_furnace":7,"minecraft:play_time":442184,"minecraft:crouch_one_cm":32827,"minecraft:sprint_one_cm":1079022,"minecraft:damage_taken":809,"minecraft:walk_one_cm":894743,"minecraft:deaths":2,"minecraft:sneak_time":25148,"minecraft:walk_under_water_one_cm":2478,"minecraft:drop":16,"minecraft:jump":4908,"minecraft:damage_dealt":1705,"minecraft:leave_game":36,"minecraft:walk_on_water_one_cm":615,"minecraft:time_since_death":303476,"minecraft:total_world_time":442184,"minecraft:climb_one_cm":13420,"minecraft:swim_one_cm":11031,"minecraft:interact_with_crafting_table":1,"minecraft:fall_one_cm":86242,"minecraft:fly_one_cm":1201644,"minecraft:player_kills":6}},"DataVersion":3120}