{"stats":{"minecraft:picked_up":{"minecraft:wheat":15,"minecraft:arrow":71,"minecraft:wheat_seeds":38,"minecraft:wooden_hoe":1},"minecraft:used":{"minecraft:leather_leggings":1,"minecraft:bow":35,"minecraft:leather_chestplate":1,"minecraft:leather_boots":1},"minecraft:dropped":{"minecraft:leather_leggings":1,"minecraft:leather_chestplate":1,"minecraft:wheat_seeds":38,"minecraft:wooden_hoe":1,"minecraft:wheat":14,"minecraft:leather_boots":1},"minecraft:custom":{"minecraft:open_barrel":16,"minecraft:time_since_rest":10,"minecraft:open_chest":4,"minecraft:play_time":524008,"minecraft:crouch_one_cm":55486,"minecraft:interact_with_furnace":1,"minecraft:sprint_one_cm":925006,"minecraft:damage_taken":301,"minecraft:walk_one_cm":1439516,"minecraft:sneak_time":37903,"minecraft:interact_with_anvil":1,"minecraft:drop":26,"minecraft:jump":6173,"minecraft:damage_dealt":120,"minecraft:leave_game":7,"minecraft:time_since_death":524008,"minecraft:climb_one_cm":11991,"minecraft:total_world_time":524008,"minecraft:damage_resisted":11553,"minecraft:fall_one_cm":89836,"minecraft:swim_one_cm":90256,"minecraft:interact_with_crafting_table":1,"minecraft:tune_noteblock":14,"minecraft:fly_one_cm":1315029}},"DataVersion":3120}