{"stats":{"minecraft:killed_by":{"minecraft:player":3},"minecraft:picked_up":{"minecraft:black_dye":2,"minecraft:wheat":3,"minecraft:iron_trapdoor":1,"minecraft:rotten_flesh":66,"minecraft:leather":3,"minecraft:wheat_seeds":10,"minecraft:beef":5,"minecraft:red_tulip":1,"minecraft:player_head":97,"minecraft:bread":1},"minecraft:used":{"minecraft:wooden_hoe":33,"minecraft:bow":15},"minecraft:dropped":{"minecraft:rotten_flesh":55,"minecraft:leather":1,"minecraft:black_dye":2,"minecraft:wheat_seeds":5,"minecraft:beef":5,"minecraft:player_head":12,"minecraft:red_tulip":1,"minecraft:iron_trapdoor":2,"minecraft:wheat":2,"minecraft:light":1,"minecraft:gold_block":1},"minecraft:custom":{"minecraft:open_barrel":10,"minecraft:time_since_rest":4802,"minecraft:sprint_one_cm":663385,"minecraft:crouch_one_cm":243375,"minecraft:open_shulker_box":7,"minecraft:play_time":713245,"minecraft:damage_taken":3140,"minecraft:walk_one_cm":1534837,"minecraft:deaths":3,"minecraft:sneak_time":56068,"minecraft:walk_under_water_one_cm":1871,"minecraft:mob_kills":1,"minecraft:drop":87,"minecraft:jump":5510,"minecraft:damage_dealt":381,"minecraft:leave_game":5,"minecraft:walk_on_water_one_cm":2733,"minecraft:time_since_death":22815,"minecraft:total_world_time":713245,"minecraft:climb_one_cm":6046,"minecraft:swim_one_cm":66850,"minecraft:fall_one_cm":75774,"minecraft:fly_one_cm":1066421,"minecraft:open_chest":1}},"DataVersion":3120}