{"stats":{"minecraft:killed":{"minecraft:cow":1},"minecraft:picked_up":{"minecraft:wheat":17,"minecraft:wheat_seeds":26,"minecraft:potato":19,"minecraft:red_tulip":1},"minecraft:used":{"minecraft:wooden_hoe":60,"minecraft:bow":36},"minecraft:dropped":{"minecraft:wheat_seeds":8,"minecraft:red_tulip":1,"minecraft:light":1},"minecraft:custom":{"minecraft:open_barrel":15,"minecraft:time_since_rest":4816,"minecraft:open_chest":3,"minecraft:interact_with_furnace":3,"minecraft:crouch_one_cm":122433,"minecraft:play_time":578989,"minecraft:sprint_one_cm":1401650,"minecraft:damage_taken":1723,"minecraft:walk_one_cm":1954970,"minecraft:sneak_time":35395,"minecraft:walk_under_water_one_cm":586,"minecraft:mob_kills":1,"minecraft:drop":10,"minecraft:jump":10018,"minecraft:damage_dealt":469,"minecraft:leave_game":11,"minecraft:walk_on_water_one_cm":132,"minecraft:time_since_death":578989,"minecraft:climb_one_cm":6652,"minecraft:total_world_time":578989,"minecraft:damage_resisted":52359,"minecraft:swim_one_cm":79879,"minecraft:interact_with_crafting_table":1,"minecraft:fall_one_cm":58644,"minecraft:fly_one_cm":1717006}},"DataVersion":3120}