{"stats":{"minecraft:broken":{"minecraft:golden_pickaxe":1},"minecraft:mined":{"minecraft:black_shulker_box":2,"minecraft:tall_grass":1,"minecraft:orange_concrete":10,"minecraft:grass":3,"minecraft:white_shulker_box":4},"minecraft:killed_by":{"minecraft:player":2},"minecraft:picked_up":{"minecraft:wheat":23,"minecraft:feather":4,"minecraft:golden_pickaxe":1,"minecraft:leather":2,"minecraft:lead":3,"minecraft:carrot_on_a_stick":1,"minecraft:light":1,"minecraft:wooden_hoe":2,"minecraft:orange_concrete":18,"minecraft:leather_boots":1,"minecraft:wheat_seeds":34,"minecraft:black_shulker_box":3,"minecraft:written_book":4,"minecraft:oak_boat":1,"minecraft:player_head":2,"minecraft:milk_bucket":1,"minecraft:porkchop":1,"minecraft:arrow":52,"minecraft:crossbow":1,"minecraft:painting":1,"minecraft:golden_apple":1,"minecraft:saddle":1,"minecraft:polished_blackstone":1,"minecraft:white_shulker_box":4,"minecraft:snowball":1},"minecraft:used":{"minecraft:orange_concrete":20,"minecraft:black_shulker_box":2,"minecraft:white_shulker_box":3,"minecraft:deepslate_bricks":2,"minecraft:polished_blackstone_pressure_plate":1,"minecraft:crossbow":44,"minecraft:snowball":2001,"minecraft:milk_bucket":31,"minecraft:wooden_axe":2,"minecraft:glass":2,"minecraft:wooden_hoe":8,"minecraft:light":1,"minecraft:firework_rocket":1,"minecraft:bricks":3,"minecraft:iron_door":2,"minecraft:written_book":39,"minecraft:oak_boat":1,"minecraft:egg":30,"minecraft:enchanted_golden_apple":31,"minecraft:splash_potion":13,"minecraft:golden_pickaxe":24},"minecraft:killed":{"minecraft:parrot":2,"minecraft:llama":1},"minecraft:dropped":{"minecraft:wheat_seeds":34,"minecraft:orange_concrete":9,"minecraft:crossbow":1,"minecraft:enchanted_golden_apple":3,"minecraft:leather":2,"minecraft:chicken_spawn_egg":1,"minecraft:light":1,"minecraft:milk_bucket":1,"minecraft:wooden_hoe":2,"minecraft:snowball":16,"minecraft:painting":1,"minecraft:written_book":3},"minecraft:custom":{"minecraft:interact_with_furnace":1,"minecraft:inspect_dropper":1,"minecraft:interact_with_anvil":1,"minecraft:mob_kills":3,"minecraft:tune_noteblock":76,"minecraft:open_barrel":38,"minecraft:open_shulker_box":12,"minecraft:leave_game":10,"minecraft:time_since_death":345683,"minecraft:climb_one_cm":15329,"minecraft:damage_resisted":11295,"minecraft:time_since_rest":345703,"minecraft:damage_taken":624,"minecraft:open_enderchest":1,"minecraft:sprint_one_cm":830982,"minecraft:walk_one_cm":1908995,"minecraft:drop":28,"minecraft:damage_dealt":589,"minecraft:swim_one_cm":56129,"minecraft:fly_one_cm":914397,"minecraft:player_kills":1,"minecraft:open_chest":9,"minecraft:pig_one_cm":30011,"minecraft:crouch_one_cm":157744,"minecraft:play_time":806365,"minecraft:deaths":2,"minecraft:sneak_time":43884,"minecraft:walk_under_water_one_cm":1878,"minecraft:boat_one_cm":30116,"minecraft:jump":3698,"minecraft:walk_on_water_one_cm":2514,"minecraft:total_world_time":806365,"minecraft:fall_one_cm":55067}},"DataVersion":3120}