{"stats":{"minecraft:picked_up":{"minecraft:item_frame":5,"minecraft:wheat":34,"minecraft:apple":1,"minecraft:wheat_seeds":100,"minecraft:potato":1,"minecraft:crossbow":1,"minecraft:written_book":1,"minecraft:player_head":66,"minecraft:glass_bottle":1},"minecraft:used":{"minecraft:wooden_hoe":2,"minecraft:bow":23,"minecraft:written_book":2},"minecraft:dropped":{"minecraft:wheat_seeds":15,"minecraft:wooden_hoe":1,"minecraft:glass_bottle":1,"minecraft:written_book":1,"minecraft:wheat":1,"minecraft:item_frame":5,"minecraft:light":1},"minecraft:custom":{"minecraft:open_barrel":8,"minecraft:time_since_rest":3688,"minecraft:crouch_one_cm":96956,"minecraft:play_time":581547,"minecraft:sprint_one_cm":643184,"minecraft:damage_taken":1425,"minecraft:walk_one_cm":1592833,"minecraft:sneak_time":16309,"minecraft:walk_under_water_one_cm":493,"minecraft:drop":25,"minecraft:jump":3317,"minecraft:damage_dealt":159,"minecraft:leave_game":5,"minecraft:walk_on_water_one_cm":1146,"minecraft:time_since_death":581547,"minecraft:total_world_time":581547,"minecraft:climb_one_cm":8756,"minecraft:damage_resisted":32482,"minecraft:swim_one_cm":16301,"minecraft:fall_one_cm":47744,"minecraft:fly_one_cm":850300}},"DataVersion":3120}