{"stats":{"minecraft:used":{"minecraft:diamond_pickaxe":1,"minecraft:written_book":32,"minecraft:carved_pumpkin":1,"minecraft:black_shulker_box":1},"minecraft:killed_by":{"minecraft:player":1},"minecraft:custom":{"minecraft:open_barrel":1,"minecraft:time_since_rest":45581,"minecraft:crouch_one_cm":8702,"minecraft:open_shulker_box":3,"minecraft:play_time":138852,"minecraft:sprint_one_cm":147311,"minecraft:damage_taken":3404,"minecraft:walk_one_cm":307417,"minecraft:deaths":14,"minecraft:sneak_time":4267,"minecraft:drop":3,"minecraft:jump":554,"minecraft:damage_dealt":675,"minecraft:leave_game":12,"minecraft:walk_on_water_one_cm":253,"minecraft:time_since_death":45561,"minecraft:total_world_time":138852,"minecraft:climb_one_cm":956,"minecraft:damage_resisted":39022,"minecraft:fall_one_cm":5263,"minecraft:fly_one_cm":1007032,"minecraft:player_kills":2,"minecraft:open_chest":5},"minecraft:dropped":{"minecraft:wheat_seeds":2,"minecraft:written_book":1},"minecraft:mined":{"minecraft:black_shulker_box":1,"minecraft:grass":2},"minecraft:picked_up":{"minecraft:wheat":1,"minecraft:wheat_seeds":5,"minecraft:black_shulker_box":3,"minecraft:written_book":1,"minecraft:emerald":18,"minecraft:diamond_pickaxe":1}},"DataVersion":3120}