{"stats":{"minecraft:custom":{"minecraft:jump":665,"minecraft:time_since_rest":91152,"minecraft:leave_game":1,"minecraft:crouch_one_cm":983,"minecraft:sprint_one_cm":34578,"minecraft:play_time":91152,"minecraft:damage_taken":10,"minecraft:time_since_death":91152,"minecraft:walk_one_cm":354884,"minecraft:sneak_time":419,"minecraft:climb_one_cm":2802,"minecraft:total_world_time":91152,"minecraft:fall_one_cm":1418,"minecraft:fly_one_cm":51530},"minecraft:picked_up":{"minecraft:leather_boots":1}},"DataVersion":3120}