{"stats":{"minecraft:picked_up":{"minecraft:player_head":1},"minecraft:dropped":{"minecraft:light":1},"minecraft:custom":{"minecraft:open_barrel":4,"minecraft:open_chest":1,"minecraft:time_since_rest":15331,"minecraft:damage_taken":118,"minecraft:leave_game":3,"minecraft:damage_dealt":0,"minecraft:crouch_one_cm":57974,"minecraft:sprint_one_cm":203893,"minecraft:time_since_death":130119,"minecraft:play_time":130119,"minecraft:walk_on_water_one_cm":18,"minecraft:walk_one_cm":400527,"minecraft:sneak_time":14946,"minecraft:total_world_time":130119,"minecraft:climb_one_cm":3028,"minecraft:swim_one_cm":4961,"minecraft:drop":1,"minecraft:fall_one_cm":7800,"minecraft:fly_one_cm":156804,"minecraft:jump":768}},"DataVersion":3120}