{"stats":{"minecraft:mined":{"minecraft:tall_grass":31,"minecraft:moss_block":1,"minecraft:grass":14,"minecraft:white_shulker_box":1},"minecraft:killed_by":{"minecraft:player":1},"minecraft:picked_up":{"minecraft:leather_chestplate":1,"minecraft:carrot_on_a_stick":1,"minecraft:light":1,"minecraft:orange_concrete":19,"minecraft:item_frame":1,"minecraft:bow":2,"minecraft:wheat_seeds":41,"minecraft:iron_ingot":8,"minecraft:written_book":17,"minecraft:player_head":2,"minecraft:poppy":2,"minecraft:enchanted_golden_apple":3,"minecraft:orange_shulker_box":1,"minecraft:pink_concrete":1,"minecraft:milk_bucket":1,"minecraft:netherite_block":28,"minecraft:chicken_spawn_egg":1,"minecraft:crossbow":3,"minecraft:carved_pumpkin":64,"minecraft:emerald":96,"minecraft:white_shulker_box":10,"minecraft:deepslate_brick_stairs":1,"minecraft:snowball":1},"minecraft:killed":{"minecraft:chicken":1},"minecraft:used":{"minecraft:water_bucket":2,"minecraft:cow_spawn_egg":1,"minecraft:writable_book":3,"minecraft:red_sand":1,"minecraft:polished_blackstone":7,"minecraft:oak_sign":1,"minecraft:white_shulker_box":15,"minecraft:llama_spawn_egg":1,"minecraft:stonecutter":1,"minecraft:pink_concrete":1,"minecraft:polished_blackstone_pressure_plate":7,"minecraft:golden_hoe":14,"minecraft:anvil":10,"minecraft:yellow_concrete":26,"minecraft:crossbow":27,"minecraft:snowball":896,"minecraft:deepslate_brick_stairs":1,"minecraft:milk_bucket":1,"minecraft:glass":27,"minecraft:lever":5,"minecraft:wooden_hoe":7,"minecraft:black_concrete":3,"minecraft:barrier":18,"minecraft:orange_shulker_box":1,"minecraft:netherite_axe":3,"minecraft:cyan_concrete":2,"minecraft:smooth_quartz":2,"minecraft:iron_door":3,"minecraft:wooden_sword":49,"minecraft:bow":45,"minecraft:tall_grass":2,"minecraft:written_book":13,"minecraft:grindstone":1,"minecraft:white_concrete":1,"minecraft:enchanted_golden_apple":8,"minecraft:splash_potion":46},"minecraft:custom":{"minecraft:interact_with_anvil":8,"minecraft:mob_kills":1,"minecraft:open_barrel":10,"minecraft:open_shulker_box":28,"minecraft:interact_with_grindstone":2,"minecraft:interact_with_stonecutter":1,"minecraft:leave_game":14,"minecraft:time_since_death":479337,"minecraft:damage_resisted":62751,"minecraft:climb_one_cm":10417,"minecraft:time_since_rest":479357,"minecraft:damage_taken":523,"minecraft:sprint_one_cm":637768,"minecraft:walk_one_cm":2695934,"minecraft:drop":757,"minecraft:damage_dealt":443,"minecraft:swim_one_cm":16170,"minecraft:fly_one_cm":1938348,"minecraft:open_chest":6,"minecraft:crouch_one_cm":199766,"minecraft:play_time":804440,"minecraft:deaths":2,"minecraft:sneak_time":48826,"minecraft:walk_under_water_one_cm":403,"minecraft:boat_one_cm":3394,"minecraft:jump":7888,"minecraft:walk_on_water_one_cm":2488,"minecraft:total_world_time":804440,"minecraft:fall_one_cm":70468},"minecraft:dropped":{"minecraft:pink_concrete":1,"minecraft:iron_ingot":4,"minecraft:polished_blackstone":1,"minecraft:orange_concrete":85,"minecraft:crossbow":4,"minecraft:enchanted_golden_apple":2,"minecraft:name_tag":1,"minecraft:parrot_spawn_egg":1,"minecraft:carrot_on_a_stick":2,"minecraft:golden_apple":1,"minecraft:emerald":416,"minecraft:leather_chestplate":1,"minecraft:deepslate_brick_stairs":1,"minecraft:milk_bucket":1,"minecraft:netherite_block":275,"minecraft:snowball":3,"minecraft:writable_book":1,"minecraft:golden_hoe":1,"minecraft:arrow":7,"minecraft:bow":1,"minecraft:written_book":7}},"DataVersion":3120}