{"stats":{"minecraft:picked_up":{"minecraft:barrier":1,"minecraft:wheat":3,"minecraft:red_wool":1,"minecraft:potato":13,"minecraft:light":68,"minecraft:orange_concrete":12,"minecraft:item_frame":1,"minecraft:firework_rocket":170,"minecraft:honey_bottle":1,"minecraft:wheat_seeds":29,"minecraft:black_shulker_box":4,"minecraft:crossbow":4,"minecraft:carved_pumpkin":65,"minecraft:glass_bottle":1,"minecraft:enchanted_golden_apple":1,"minecraft:white_shulker_box":2,"minecraft:black_wool":6},"minecraft:dropped":{"minecraft:orange_concrete":12,"minecraft:crossbow":2,"minecraft:carved_pumpkin":3,"minecraft:honey_bottle":1,"minecraft:item_frame":1,"minecraft:light":5},"minecraft:used":{"minecraft:lever":11,"minecraft:light":1,"minecraft:black_concrete":1,"minecraft:firework_rocket":726,"minecraft:orange_concrete":2,"minecraft:grass_block":1,"minecraft:polished_blackstone":99,"minecraft:barrier":6,"minecraft:oak_sign":1,"minecraft:wooden_pickaxe":4,"minecraft:black_shulker_box":3,"minecraft:white_shulker_box":1,"minecraft:smooth_quartz":6,"minecraft:iron_door":1,"minecraft:polished_deepslate_slab":1,"minecraft:fishing_rod":99,"minecraft:wooden_sword":7,"minecraft:potion":6,"minecraft:written_book":29,"minecraft:light_blue_concrete":2,"minecraft:crossbow":257,"minecraft:snowball":2070,"minecraft:enchanted_golden_apple":1,"minecraft:splash_potion":143,"minecraft:milk_bucket":1},"minecraft:custom":{"minecraft:time_since_rest":472645,"minecraft:sprint_one_cm":628880,"minecraft:open_enderchest":2,"minecraft:damage_taken":413,"minecraft:walk_one_cm":1217859,"minecraft:interact_with_anvil":1,"minecraft:drop":24,"minecraft:damage_dealt":418,"minecraft:swim_one_cm":1651,"minecraft:fly_one_cm":2561240,"minecraft:target_hit":1,"minecraft:player_kills":3,"minecraft:open_barrel":1,"minecraft:open_chest":4,"minecraft:crouch_one_cm":99124,"minecraft:open_shulker_box":6,"minecraft:play_time":637140,"minecraft:deaths":1,"minecraft:sneak_time":32187,"minecraft:aviate_one_cm":124651,"minecraft:jump":5158,"minecraft:leave_game":7,"minecraft:time_since_death":472625,"minecraft:damage_resisted":202,"minecraft:climb_one_cm":3470,"minecraft:total_world_time":637140,"minecraft:inspect_dispenser":1,"minecraft:fall_one_cm":19171}},"DataVersion":3120}