{"stats":{"minecraft:killed_by":{"minecraft:player":2},"minecraft:picked_up":{"minecraft:tipped_arrow":8,"minecraft:wheat_seeds":8},"minecraft:used":{"minecraft:wooden_hoe":2,"minecraft:totem_of_undying":2},"minecraft:dropped":{"minecraft:tipped_arrow":8,"minecraft:wheat_seeds":8,"minecraft:red_tulip":1},"minecraft:custom":{"minecraft:open_barrel":34,"minecraft:time_since_rest":825,"minecraft:open_chest":3,"minecraft:damage_absorbed":80,"minecraft:deaths":2,"minecraft:crouch_one_cm":66333,"minecraft:play_time":437066,"minecraft:interact_with_furnace":3,"minecraft:sprint_one_cm":635745,"minecraft:damage_taken":2121,"minecraft:walk_one_cm":1299737,"minecraft:sneak_time":31736,"minecraft:walk_under_water_one_cm":2096,"minecraft:drop":11,"minecraft:jump":4506,"minecraft:inspect_hopper":1,"minecraft:damage_dealt":7,"minecraft:leave_game":4,"minecraft:walk_on_water_one_cm":1389,"minecraft:time_since_death":805,"minecraft:interact_with_smoker":4,"minecraft:climb_one_cm":6724,"minecraft:total_world_time":437066,"minecraft:swim_one_cm":32344,"minecraft:interact_with_crafting_table":1,"minecraft:fall_one_cm":32162,"minecraft:fly_one_cm":943428,"minecraft:inspect_dispenser":4}},"DataVersion":3120}