{"stats":{"minecraft:broken":{"minecraft:leather_boots":1,"minecraft:leather_chestplate":1,"minecraft:leather_leggings":1},"minecraft:killed_by":{"minecraft:player":74,"minecraft:creeper":1},"minecraft:picked_up":{"minecraft:tipped_arrow":200,"minecraft:wheat":10,"minecraft:leather":1,"minecraft:potato":29,"minecraft:gold_block":1,"minecraft:gunpowder":1,"minecraft:honey_bottle":1,"minecraft:wheat_seeds":24,"minecraft:black_shulker_box":1,"minecraft:crossbow":1,"minecraft:carved_pumpkin":2,"minecraft:glass_bottle":2,"minecraft:black_wool":1},"minecraft:dropped":{"minecraft:potato":7,"minecraft:wheat":5},"minecraft:used":{"minecraft:wooden_hoe":186,"minecraft:shield":12,"minecraft:bow":60,"minecraft:crossbow":226,"minecraft:honey_bottle":2},"minecraft:custom":{"minecraft:time_since_rest":22,"minecraft:walk_one_cm":2767989,"minecraft:sprint_one_cm":1005542,"minecraft:damage_taken":64844,"minecraft:damage_blocked_by_shield":920,"minecraft:drop":12,"minecraft:damage_dealt":502,"minecraft:swim_one_cm":12442,"minecraft:interact_with_crafting_table":1,"minecraft:fly_one_cm":2473550,"minecraft:player_kills":50,"minecraft:open_barrel":5,"minecraft:open_chest":2,"minecraft:crouch_one_cm":93776,"minecraft:play_time":687439,"minecraft:open_shulker_box":2,"minecraft:deaths":75,"minecraft:sneak_time":26610,"minecraft:walk_under_water_one_cm":195,"minecraft:jump":10027,"minecraft:leave_game":6,"minecraft:time_since_death":0,"minecraft:walk_on_water_one_cm":2212,"minecraft:climb_one_cm":4724,"minecraft:total_world_time":687439,"minecraft:damage_resisted":23303,"minecraft:fall_one_cm":102425}},"DataVersion":3120}