{"stats":{"minecraft:killed":{"minecraft:enderman":1,"minecraft:cow":1},"minecraft:broken":{"minecraft:golden_axe":1},"minecraft:picked_up":{"minecraft:music_disc_5":17,"minecraft:ladder":16,"minecraft:ender_chest":2,"minecraft:light_blue_concrete":29,"minecraft:chicken":24,"minecraft:creeper_head":1,"minecraft:leather_leggings":3,"minecraft:wither_rose":6,"minecraft:gold_block":1,"minecraft:acacia_button":193,"minecraft:chain":1,"minecraft:light":3,"minecraft:polished_deepslate_wall":5,"minecraft:polished_deepslate":1,"minecraft:elytra":1,"minecraft:item_frame":129,"minecraft:oak_sign":4,"minecraft:black_shulker_box":47,"minecraft:bucket":1,"minecraft:spruce_planks":16,"minecraft:beef":14,"minecraft:written_book":23,"minecraft:player_head":11,"minecraft:enchanted_golden_apple":64,"minecraft:smooth_quartz":213,"minecraft:dark_oak_door":1,"minecraft:tipped_arrow":103,"minecraft:stick":1,"minecraft:torch":11286,"minecraft:golden_axe":1,"minecraft:stone_button":262,"minecraft:cookie":11,"minecraft:music_disc_pigstep":16,"minecraft:magenta_shulker_box":13,"minecraft:redstone":2,"minecraft:black_dye":2,"minecraft:tnt":1,"minecraft:arrow":591,"minecraft:rotten_flesh":189,"minecraft:carved_pumpkin":228,"minecraft:black_banner":3,"minecraft:white_shulker_box":23,"minecraft:leather_chestplate":7,"minecraft:yellow_shulker_box":2,"minecraft:barrier":5,"minecraft:feather":31,"minecraft:cooked_beef":26,"minecraft:iron_door":3,"minecraft:water_bucket":1,"minecraft:leather":21,"minecraft:beacon":1,"minecraft:potato":6,"minecraft:paper":2,"minecraft:dirt":50,"minecraft:leather_boots":3,"minecraft:bow":3,"minecraft:wheat_seeds":1,"minecraft:dark_oak_sign":2,"minecraft:glass_bottle":3,"minecraft:bamboo":6,"minecraft:iron_sword":1,"minecraft:sculk_catalyst":2,"minecraft:oak_pressure_plate":1,"minecraft:red_wool":2,"minecraft:lime_concrete":2,"minecraft:spruce_log":3,"minecraft:dragon_egg":171,"minecraft:firework_rocket":245,"minecraft:black_concrete":2,"minecraft:slime_block":1,"minecraft:lever":20,"minecraft:polished_blackstone_button":5,"minecraft:crossbow":9,"minecraft:painting":1,"minecraft:white_concrete":1,"minecraft:spruce_sign":1,"minecraft:emerald":1,"minecraft:oak_button":2,"minecraft:brown_banner":1,"minecraft:black_wool":12,"minecraft:nether_star":1,"minecraft:purple_concrete_powder":5,"minecraft:ender_pearl":9},"minecraft:killed_by":{"minecraft:player":49},"minecraft:dropped":{"minecraft:cooked_beef":1,"minecraft:water_bucket":1,"minecraft:iron_sword":2,"minecraft:baked_potato":5,"minecraft:tnt":1,"minecraft:crossbow":7,"minecraft:barrier":3,"minecraft:music_disc_pigstep":5,"minecraft:polished_blackstone_button":3,"minecraft:elytra":1,"minecraft:item_frame":64,"minecraft:stick":1,"minecraft:milk_bucket":1,"minecraft:stone_button":256,"minecraft:white_concrete":1,"minecraft:smooth_quartz":8,"minecraft:chain":1,"minecraft:black_shulker_box":2,"minecraft:black_concrete":1,"minecraft:paper":1,"minecraft:polished_deepslate_wall":5,"minecraft:magenta_shulker_box":1,"minecraft:polished_deepslate":1,"minecraft:creeper_head":1,"minecraft:player_head":561,"minecraft:ender_chest":2,"minecraft:dark_oak_sign":1,"minecraft:lime_concrete":3,"minecraft:rotten_flesh":85,"minecraft:enchanted_golden_apple":576,"minecraft:slime_block":1,"minecraft:white_shulker_box":1,"minecraft:leather_chestplate":4,"minecraft:tipped_arrow":48,"minecraft:netherite_block":384,"minecraft:dragon_egg":172,"minecraft:leather_boots":1,"minecraft:carved_pumpkin":189,"minecraft:leather_leggings":1,"minecraft:beacon":1,"minecraft:cyan_concrete":1,"minecraft:written_book":13,"minecraft:firework_rocket":372},"minecraft:crafted":{"minecraft:leather_leggings":7,"minecraft:leather_boots":8,"minecraft:leather_chestplate":11},"minecraft:mined":{"minecraft:grass_block":2},"minecraft:used":{"minecraft:oak_fence":19,"minecraft:trident":3,"minecraft:nether_brick_fence":48,"minecraft:light_blue_banner":7,"minecraft:netherite_sword":28,"minecraft:blue_terracotta":49,"minecraft:dispenser":1,"minecraft:crimson_fence":16,"minecraft:polished_deepslate":1242,"minecraft:orange_concrete":602,"minecraft:flint_and_steel":238,"minecraft:armor_stand":36,"minecraft:carved_pumpkin":10,"minecraft:smooth_quartz_slab":119,"minecraft:spruce_slab":4,"minecraft:red_concrete":10,"minecraft:polished_blackstone":435,"minecraft:redstone":33,"minecraft:brown_concrete":50,"minecraft:sculk":2,"minecraft:ladder":56,"minecraft:stone":9,"minecraft:oak_sign":36,"minecraft:white_terracotta":88,"minecraft:spruce_planks":1,"minecraft:ender_chest":36,"minecraft:tinted_glass":32,"minecraft:music_disc_5":22,"minecraft:iron_sword":1,"minecraft:creeper_head":6,"minecraft:white_shulker_box":23,"minecraft:player_head":20,"minecraft:structure_block":15,"minecraft:green_terracotta":27,"minecraft:green_glazed_terracotta":9,"minecraft:spruce_leaves":22,"minecraft:soul_campfire":4,"minecraft:dragon_egg":6,"minecraft:soul_sand":34,"minecraft:dirt":28,"minecraft:anvil":13,"minecraft:nether_bricks":53,"minecraft:nether_brick_slab":7,"minecraft:deepslate_brick_slab":57,"minecraft:snowball":29,"minecraft:allay_spawn_egg":3,"minecraft:spruce_fence":1,"minecraft:light_blue_stained_glass":67,"minecraft:blue_concrete":372,"minecraft:nether_brick_stairs":52,"minecraft:milk_bucket":6,"minecraft:obsidian":34,"minecraft:polished_deepslate_stairs":86,"minecraft:warden_spawn_egg":1,"minecraft:glass":244,"minecraft:dark_oak_planks":2,"minecraft:lava_bucket":429,"minecraft:bricks":153,"minecraft:quartz_pillar":2,"minecraft:music_disc_pigstep":15,"minecraft:red_wool":1,"minecraft:spruce_wood":10,"minecraft:quartz_slab":7,"minecraft:black_stained_glass_pane":40,"minecraft:iron_block":10,"minecraft:grass_block":200,"minecraft:slime_block":7,"minecraft:polished_deepslate_wall":3,"minecraft:polished_blackstone_brick_stairs":113,"minecraft:dark_oak_slab":4,"minecraft:smooth_quartz":2647,"minecraft:dark_oak_button":7,"minecraft:stone_bricks":27,"minecraft:barrel":33,"minecraft:item_frame":33,"minecraft:netherite_boots":1,"minecraft:purple_concrete":334,"minecraft:lime_concrete":417,"minecraft:magma_block":2,"minecraft:bow":36,"minecraft:black_stained_glass":8,"minecraft:written_book":173,"minecraft:white_stained_glass_pane":4,"minecraft:skeleton_skull":152,"minecraft:stone_pressure_plate":2,"minecraft:dragon_head":1,"minecraft:cobbled_deepslate":23,"minecraft:golden_axe":24,"minecraft:magenta_shulker_box":16,"minecraft:dark_oak_stairs":2,"minecraft:water_bucket":28,"minecraft:end_rod":2,"minecraft:leather_leggings":1,"minecraft:nether_brick_wall":81,"minecraft:cow_spawn_egg":12,"minecraft:sandstone_stairs":15,"minecraft:wither_skeleton_skull":170,"minecraft:birch_leaves":3,"minecraft:yellow_shulker_box":2,"minecraft:dark_oak_sign":8,"minecraft:polished_andesite":230,"minecraft:netherite_chestplate":1,"minecraft:oak_planks":83,"minecraft:leather_chestplate":2,"minecraft:black_shulker_box":50,"minecraft:spruce_sign":2,"minecraft:chiseled_nether_bricks":1,"minecraft:glow_ink_sac":3,"minecraft:vindicator_spawn_egg":20,"minecraft:beacon":7,"minecraft:red_glazed_terracotta":36,"minecraft:leather_boots":1,"minecraft:deepslate_bricks":60,"minecraft:smooth_quartz_stairs":169,"minecraft:oak_leaves":162,"minecraft:pink_concrete":2014,"minecraft:polished_blackstone_pressure_plate":13,"minecraft:polished_deepslate_slab":809,"minecraft:mossy_cobblestone":4,"minecraft:dark_oak_trapdoor":8,"minecraft:sand":45,"minecraft:mangrove_trapdoor":4,"minecraft:purpur_stairs":216,"minecraft:rail":2,"minecraft:vine":120,"minecraft:netherite_leggings":1,"minecraft:light_blue_concrete":561,"minecraft:tnt":114,"minecraft:crafting_table":5,"minecraft:red_bed":9,"minecraft:birch_sign":2,"minecraft:yellow_concrete":88,"minecraft:crossbow":625,"minecraft:netherite_helmet":1,"minecraft:white_bed":1,"minecraft:lingering_potion":2,"minecraft:painting":10,"minecraft:gray_concrete":125,"minecraft:brown_glazed_terracotta":7,"minecraft:dark_oak_door":13,"minecraft:purple_concrete_powder":22,"minecraft:oak_log":9,"minecraft:sticky_piston":12,"minecraft:black_terracotta":16,"minecraft:blue_stained_glass_pane":269,"minecraft:enderman_spawn_egg":59,"minecraft:netherite_block":22,"minecraft:blue_glazed_terracotta":7,"minecraft:lever":67,"minecraft:black_wool":6,"minecraft:black_concrete":1299,"minecraft:firework_rocket":1576,"minecraft:light_gray_concrete":44,"minecraft:command_block":1,"minecraft:zombie_head":3,"minecraft:barrier":422,"minecraft:stone_button":13,"minecraft:tnt_minecart":13,"minecraft:cyan_concrete":193,"minecraft:cracked_nether_bricks":1,"minecraft:spruce_trapdoor":10,"minecraft:iron_door":120,"minecraft:crimson_nylium":1,"minecraft:yellow_wool":59,"minecraft:brown_stained_glass_pane":44,"minecraft:wooden_sword":4,"minecraft:end_crystal":1,"minecraft:shield":1,"minecraft:birch_log":1,"minecraft:bucket":2,"minecraft:chain":93,"minecraft:glass_pane":3,"minecraft:magenta_glazed_terracotta":31,"minecraft:polished_blackstone_button":4,"minecraft:white_concrete":93,"minecraft:splash_potion":368,"minecraft:candle":6,"minecraft:smooth_stone":1,"minecraft:cobweb":6},"minecraft:custom":{"minecraft:mob_kills":3,"minecraft:interact_with_anvil":29,"minecraft:interact_with_crafting_table":12,"minecraft:open_barrel":154,"minecraft:open_shulker_box":191,"minecraft:leave_game":53,"minecraft:time_since_death":27,"minecraft:climb_one_cm":30833,"minecraft:damage_resisted":2355859,"minecraft:sprint_one_cm":3082609,"minecraft:walk_one_cm":3701532,"minecraft:damage_blocked_by_shield":80,"minecraft:drop":552,"minecraft:damage_dealt_absorbed":212,"minecraft:talked_to_villager":1,"minecraft:target_hit":2,"minecraft:play_time":3080039,"minecraft:deaths":88,"minecraft:sneak_time":87671,"minecraft:walk_under_water_one_cm":13623,"minecraft:jump":15575,"minecraft:walk_on_water_one_cm":42782,"minecraft:total_world_time":3080039,"minecraft:interact_with_furnace":1,"minecraft:play_record":37,"minecraft:time_since_rest":47,"minecraft:open_enderchest":116,"minecraft:damage_taken":86801,"minecraft:damage_dealt":3605,"minecraft:interact_with_beacon":2,"minecraft:swim_one_cm":15997,"minecraft:fly_one_cm":22413851,"minecraft:player_kills":107,"minecraft:open_chest":41,"minecraft:crouch_one_cm":175038,"minecraft:aviate_one_cm":4144087,"minecraft:interact_with_smoker":2,"minecraft:fall_one_cm":182313,"minecraft:inspect_dispenser":31}},"DataVersion":3120}