{"stats":{"minecraft:used":{"minecraft:wooden_hoe":10},"minecraft:killed_by":{"minecraft:player":3},"minecraft:custom":{"minecraft:open_barrel":3,"minecraft:open_chest":1,"minecraft:time_since_rest":15174,"minecraft:inspect_dropper":2,"minecraft:crouch_one_cm":171492,"minecraft:play_time":396240,"minecraft:sprint_one_cm":1548550,"minecraft:walk_one_cm":1561102,"minecraft:damage_taken":1067,"minecraft:deaths":3,"minecraft:sneak_time":39332,"minecraft:drop":108,"minecraft:jump":4731,"minecraft:damage_dealt":37,"minecraft:interact_with_blast_furnace":3,"minecraft:leave_game":4,"minecraft:time_since_death":15153,"minecraft:walk_on_water_one_cm":642,"minecraft:climb_one_cm":10918,"minecraft:total_world_time":396240,"minecraft:tune_noteblock":2,"minecraft:swim_one_cm":26030,"minecraft:fly_one_cm":1033518,"minecraft:fall_one_cm":43269},"minecraft:dropped":{"minecraft:potato":92,"minecraft:painting":1,"minecraft:wheat_seeds":24,"minecraft:wooden_hoe":1,"minecraft:wheat":1,"minecraft:item_frame":3},"minecraft:picked_up":{"minecraft:wheat":1,"minecraft:item_frame":3,"minecraft:wheat_seeds":24,"minecraft:potato":92,"minecraft:painting":1,"minecraft:wooden_hoe":1}},"DataVersion":3120}