{"stats":{"minecraft:broken":{"minecraft:fishing_rod":1},"minecraft:killed_by":{"minecraft:player":2},"minecraft:picked_up":{"minecraft:fishing_rod":1,"minecraft:wheat":15,"minecraft:leather_chestplate":3,"minecraft:potato":1,"minecraft:honey_bottle":1,"minecraft:arrow":70,"minecraft:bow":1,"minecraft:wheat_seeds":38,"minecraft:written_book":2,"minecraft:glass_bottle":13},"minecraft:dropped":{"minecraft:leather_chestplate":1,"minecraft:wheat_seeds":7,"minecraft:glass_bottle":14,"minecraft:written_book":2,"minecraft:light":1},"minecraft:used":{"minecraft:wooden_hoe":111,"minecraft:fishing_rod":27,"minecraft:bow":34,"minecraft:written_book":23,"minecraft:golden_axe":17,"minecraft:honey_bottle":2},"minecraft:custom":{"minecraft:time_since_rest":13376,"minecraft:sprint_one_cm":2415042,"minecraft:interact_with_furnace":1,"minecraft:inspect_dropper":1,"minecraft:damage_taken":3123,"minecraft:walk_one_cm":2432834,"minecraft:interact_with_anvil":3,"minecraft:drop":25,"minecraft:inspect_hopper":2,"minecraft:damage_dealt":1407,"minecraft:swim_one_cm":18323,"minecraft:interact_with_crafting_table":3,"minecraft:fly_one_cm":1960705,"minecraft:target_hit":4,"minecraft:player_kills":1,"minecraft:open_barrel":12,"minecraft:open_chest":3,"minecraft:crouch_one_cm":117641,"minecraft:play_time":748343,"minecraft:deaths":3,"minecraft:sneak_time":48961,"minecraft:walk_under_water_one_cm":1058,"minecraft:jump":8748,"minecraft:leave_game":16,"minecraft:time_since_death":13355,"minecraft:walk_on_water_one_cm":21418,"minecraft:total_world_time":748343,"minecraft:interact_with_smoker":1,"minecraft:climb_one_cm":8592,"minecraft:damage_resisted":70929,"minecraft:fall_one_cm":145525,"minecraft:horse_one_cm":1029}},"DataVersion":3120}