{"stats":{"minecraft:killed":{"minecraft:pig":1,"minecraft:llama":1},"minecraft:broken":{"minecraft:leather_boots":3,"minecraft:leather_chestplate":2,"minecraft:leather_leggings":2},"minecraft:killed_by":{"minecraft:player":103,"minecraft:creeper":1},"minecraft:picked_up":{"minecraft:wheat":4,"minecraft:potato":5,"minecraft:gunpowder":1,"minecraft:spectral_arrow":1,"minecraft:stone_bricks":128,"minecraft:diamond":72,"minecraft:item_frame":2,"minecraft:honey_bottle":2,"minecraft:command_block":1,"minecraft:rotten_flesh":72,"minecraft:apple":1,"minecraft:bow":1,"minecraft:wheat_seeds":32,"minecraft:black_shulker_box":4,"minecraft:shears":1,"minecraft:carved_pumpkin":3,"minecraft:crossbow":1,"minecraft:red_tulip":2,"minecraft:painting":1,"minecraft:player_head":134,"minecraft:black_wool":18},"minecraft:dropped":{"minecraft:potato":2,"minecraft:wheat_seeds":3,"minecraft:gunpowder":1,"minecraft:player_head":64,"minecraft:diamond":69,"minecraft:wheat":2,"minecraft:enchanted_golden_apple":64,"minecraft:black_shulker_box":1,"minecraft:stone_bricks":64,"minecraft:rotten_flesh":28,"minecraft:bow":1,"minecraft:arrow":28,"minecraft:red_tulip":1,"minecraft:honey_bottle":1,"minecraft:shears":1,"minecraft:black_wool":4,"minecraft:item_frame":1},"minecraft:mined":{"minecraft:black_wool":11},"minecraft:used":{"minecraft:netherite_sword":21,"minecraft:wooden_hoe":12,"minecraft:black_wool":6,"minecraft:glass_bottle":5,"minecraft:shield":3,"minecraft:potion":4,"minecraft:bow":109,"minecraft:written_book":5,"minecraft:crossbow":456,"minecraft:shears":11,"minecraft:snowball":144,"minecraft:experience_bottle":128,"minecraft:honey_bottle":2},"minecraft:custom":{"minecraft:time_since_rest":4352,"minecraft:open_enderchest":1,"minecraft:interact_with_furnace":5,"minecraft:sprint_one_cm":1969089,"minecraft:damage_taken":72771,"minecraft:walk_one_cm":2888514,"minecraft:damage_blocked_by_shield":181,"minecraft:drop":180,"minecraft:damage_dealt":9682,"minecraft:damage_dealt_absorbed":940,"minecraft:swim_one_cm":64389,"minecraft:interact_with_crafting_table":3,"minecraft:fly_one_cm":2170005,"minecraft:player_kills":205,"minecraft:open_barrel":48,"minecraft:open_chest":22,"minecraft:open_shulker_box":24,"minecraft:crouch_one_cm":397092,"minecraft:play_time":923928,"minecraft:deaths":104,"minecraft:bell_ring":31,"minecraft:sneak_time":125459,"minecraft:walk_under_water_one_cm":1070,"minecraft:jump":24234,"minecraft:interact_with_blast_furnace":1,"minecraft:leave_game":5,"minecraft:time_since_death":4332,"minecraft:walk_on_water_one_cm":8550,"minecraft:interact_with_smoker":2,"minecraft:total_world_time":923928,"minecraft:climb_one_cm":14719,"minecraft:damage_resisted":3422296,"minecraft:fall_one_cm":143915}},"DataVersion":3120}