{"stats":{"minecraft:killed_by":{"minecraft:warden":1},"minecraft:custom":{"minecraft:jump":2578,"minecraft:open_chest":1,"minecraft:time_since_rest":197,"minecraft:leave_game":1,"minecraft:deaths":1,"minecraft:damage_dealt":0,"minecraft:crouch_one_cm":106329,"minecraft:walk_on_water_one_cm":31,"minecraft:sprint_one_cm":666099,"minecraft:play_time":169079,"minecraft:damage_taken":374,"minecraft:time_since_death":177,"minecraft:walk_one_cm":777149,"minecraft:sneak_time":23036,"minecraft:climb_one_cm":3944,"minecraft:total_world_time":169079,"minecraft:drop":1,"minecraft:fall_one_cm":16861,"minecraft:fly_one_cm":721863},"minecraft:dropped":{"minecraft:light":1},"minecraft:picked_up":{"minecraft:light":1}},"DataVersion":3120}