{"stats":{"minecraft:killed_by":{"minecraft:player":1},"minecraft:custom":{"minecraft:open_barrel":31,"minecraft:time_since_rest":921,"minecraft:crouch_one_cm":169212,"minecraft:play_time":334155,"minecraft:interact_with_furnace":1,"minecraft:sprint_one_cm":1130742,"minecraft:deaths":1,"minecraft:damage_taken":336,"minecraft:walk_one_cm":1064655,"minecraft:sneak_time":38196,"minecraft:drop":2,"minecraft:jump":4441,"minecraft:interact_with_blast_furnace":1,"minecraft:leave_game":5,"minecraft:time_since_death":901,"minecraft:climb_one_cm":15110,"minecraft:total_world_time":334155,"minecraft:swim_one_cm":22380,"minecraft:fall_one_cm":65630,"minecraft:fly_one_cm":1021730},"minecraft:dropped":{"minecraft:leather_chestplate":1,"minecraft:light":1},"minecraft:picked_up":{"minecraft:item_frame":3,"minecraft:leather_chestplate":3,"minecraft:leather_leggings":2,"minecraft:lightning_rod":1,"minecraft:player_head":11}},"DataVersion":3120}