{"stats":{"minecraft:killed_by":{"minecraft:player":1},"minecraft:picked_up":{"minecraft:feather":2,"minecraft:leather_chestplate":1,"minecraft:wheat":10,"minecraft:arrow":32,"minecraft:wheat_seeds":3,"minecraft:red_wool":3,"minecraft:shears":1,"minecraft:glass_bottle":32,"minecraft:light":1,"minecraft:black_wool":14},"minecraft:dropped":{"minecraft:leather_chestplate":1,"minecraft:arrow":1,"minecraft:glass_bottle":5,"minecraft:shears":1,"minecraft:light":1},"minecraft:used":{"minecraft:wooden_hoe":6,"minecraft:bow":70},"minecraft:custom":{"minecraft:open_barrel":30,"minecraft:time_since_rest":21,"minecraft:open_chest":5,"minecraft:deaths":7,"minecraft:play_time":682280,"minecraft:crouch_one_cm":196133,"minecraft:sprint_one_cm":1772058,"minecraft:damage_taken":4966,"minecraft:walk_one_cm":1979018,"minecraft:sneak_time":56348,"minecraft:walk_under_water_one_cm":697,"minecraft:mob_kills":1,"minecraft:drop":9,"minecraft:jump":14916,"minecraft:damage_dealt":345,"minecraft:leave_game":6,"minecraft:walk_on_water_one_cm":8298,"minecraft:time_since_death":0,"minecraft:total_world_time":682280,"minecraft:climb_one_cm":28052,"minecraft:damage_resisted":37608,"minecraft:swim_one_cm":65222,"minecraft:fall_one_cm":330536,"minecraft:fly_one_cm":3742848,"minecraft:horse_one_cm":2736}},"DataVersion":3120}