{"stats":{"minecraft:killed_by":{"minecraft:player":1},"minecraft:picked_up":{"minecraft:wheat":22,"minecraft:red_wool":1,"minecraft:potato":16,"minecraft:potion":1,"minecraft:item_frame":27,"minecraft:command_block":1,"minecraft:wheat_seeds":49,"minecraft:lever":1,"minecraft:writable_book":1,"minecraft:beef":2,"minecraft:red_tulip":1,"minecraft:player_head":7,"minecraft:bread":1,"minecraft:blaze_rod":1,"minecraft:black_wool":6},"minecraft:used":{"minecraft:wooden_hoe":92,"minecraft:writable_book":1,"minecraft:black_wool":6,"minecraft:bow":16,"minecraft:potion":1},"minecraft:dropped":{"minecraft:bread":1,"minecraft:potato":6,"minecraft:leather_chestplate":1,"minecraft:player_head":4,"minecraft:wheat":22,"minecraft:writable_book":1,"minecraft:item_frame":14},"minecraft:custom":{"minecraft:time_since_rest":1724,"minecraft:interact_with_furnace":1,"minecraft:sprint_one_cm":1460777,"minecraft:damage_taken":2500,"minecraft:walk_one_cm":2088549,"minecraft:drop":12,"minecraft:damage_dealt":1216,"minecraft:swim_one_cm":28891,"minecraft:fly_one_cm":1644470,"minecraft:player_kills":2,"minecraft:open_barrel":12,"minecraft:open_chest":7,"minecraft:crouch_one_cm":160009,"minecraft:play_time":590891,"minecraft:deaths":1,"minecraft:sneak_time":56575,"minecraft:walk_under_water_one_cm":115,"minecraft:jump":9052,"minecraft:interact_with_blast_furnace":4,"minecraft:leave_game":7,"minecraft:walk_on_water_one_cm":462,"minecraft:time_since_death":1704,"minecraft:climb_one_cm":23923,"minecraft:total_world_time":590891,"minecraft:damage_resisted":20465,"minecraft:fall_one_cm":123196}},"DataVersion":3120}