{"stats":{"minecraft:killed":{"minecraft:parrot":7,"minecraft:iron_golem":1,"minecraft:frog":1,"minecraft:snow_golem":1,"minecraft:cow":1},"minecraft:broken":{"minecraft:shield":1},"minecraft:killed_by":{"minecraft:player":75},"minecraft:picked_up":{"minecraft:wheat":5,"minecraft:feather":10,"minecraft:cooked_beef":3,"minecraft:lead":1,"minecraft:leather":1,"minecraft:light":1,"minecraft:orange_concrete":1,"minecraft:item_frame":4,"minecraft:stone_bricks":128,"minecraft:bow":2,"minecraft:wheat_seeds":14,"minecraft:black_shulker_box":14,"minecraft:iron_ingot":1,"minecraft:beef":1,"minecraft:written_book":4,"minecraft:player_head":4,"minecraft:glass_bottle":1,"minecraft:enchanted_golden_apple":1,"minecraft:deepslate_tile_wall":64,"minecraft:book":1,"minecraft:tipped_arrow":2,"minecraft:chain_command_block":2,"minecraft:sculk":2,"minecraft:red_wool":1,"minecraft:dragon_egg":1,"minecraft:netherite_block":183,"minecraft:dark_oak_planks":1,"minecraft:arrow":472,"minecraft:firework_rocket":64,"minecraft:command_block":1,"minecraft:golden_hoe":1,"minecraft:lever":3,"minecraft:deepslate_bricks":3,"minecraft:crossbow":4,"minecraft:black_wool":12,"minecraft:red_concrete":1,"minecraft:snowball":12},"minecraft:dropped":{"minecraft:water_bucket":1,"minecraft:red_concrete":1,"minecraft:birch_leaves":1,"minecraft:cooked_beef":1,"minecraft:player_head":4,"minecraft:crossbow":5,"minecraft:light_blue_concrete":1,"minecraft:deepslate_bricks":3,"minecraft:leather_chestplate":1,"minecraft:sculk":2,"minecraft:stone_button":1,"minecraft:netherite_block":119,"minecraft:dragon_egg":1,"minecraft:lingering_potion":1,"minecraft:leather_boots":1,"minecraft:carved_pumpkin":10,"minecraft:leather_leggings":1,"minecraft:wooden_sword":1,"minecraft:black_shulker_box":3,"minecraft:bow":1,"minecraft:arrow":125,"minecraft:beef":1,"minecraft:dark_oak_planks":1,"minecraft:written_book":3,"minecraft:black_wool":4},"minecraft:used":{"minecraft:water_bucket":1,"minecraft:netherite_sword":65,"minecraft:birch_leaves":1,"minecraft:orange_concrete":1,"minecraft:snow_block":2,"minecraft:red_concrete":2,"minecraft:carved_pumpkin":3,"minecraft:spruce_slab":1,"minecraft:red_stained_glass":10,"minecraft:polished_andesite":9,"minecraft:polished_blackstone":2,"minecraft:redstone":1,"minecraft:elytra":1,"minecraft:oak_sign":2,"minecraft:axolotl_spawn_egg":1,"minecraft:shield":22,"minecraft:sandstone":1,"minecraft:black_shulker_box":13,"minecraft:quartz_stairs":2,"minecraft:player_head":1,"minecraft:deepslate_bricks":2,"minecraft:smooth_quartz_stairs":1,"minecraft:cookie":1,"minecraft:polished_blackstone_pressure_plate":8,"minecraft:dirt":1,"minecraft:warped_wart_block":1,"minecraft:light_blue_concrete":6,"minecraft:yellow_concrete":54,"minecraft:crossbow":685,"minecraft:lingering_potion":39,"minecraft:light_blue_stained_glass":7,"minecraft:snowball":696,"minecraft:warden_spawn_egg":1,"minecraft:glass":6,"minecraft:dark_oak_planks":1,"minecraft:lever":15,"minecraft:light":3,"minecraft:black_wool":53,"minecraft:black_concrete":16,"minecraft:firework_rocket":474,"minecraft:bricks":3,"minecraft:coal_ore":14,"minecraft:villager_spawn_egg":1,"minecraft:red_wool":2,"minecraft:iron_block":4,"minecraft:grass_block":6,"minecraft:barrier":13,"minecraft:stone_button":1,"minecraft:cyan_concrete":3,"minecraft:iron_door":4,"minecraft:stone_bricks":38,"minecraft:lime_concrete":1,"minecraft:purple_concrete":13,"minecraft:fishing_rod":92,"minecraft:wooden_sword":10,"minecraft:golden_carrot":6,"minecraft:bow":67,"minecraft:written_book":75,"minecraft:tall_grass":7,"minecraft:glass_pane":1,"minecraft:gold_block":1,"minecraft:oak_boat":1,"minecraft:white_concrete":5,"minecraft:cooked_beef":3,"minecraft:enchanted_golden_apple":2,"minecraft:smooth_stone":1,"minecraft:splash_potion":360},"minecraft:mined":{"minecraft:black_shulker_box":1,"minecraft:lever":4,"minecraft:tall_grass":2},"minecraft:custom":{"minecraft:interact_with_furnace":1,"minecraft:mob_kills":12,"minecraft:open_barrel":11,"minecraft:open_shulker_box":30,"minecraft:leave_game":14,"minecraft:time_since_death":131,"minecraft:climb_one_cm":3586,"minecraft:damage_resisted":31631,"minecraft:damage_absorbed":160,"minecraft:time_since_rest":152,"minecraft:damage_blocked_by_shield":4692,"minecraft:open_enderchest":5,"minecraft:sprint_one_cm":1077566,"minecraft:damage_taken":81113,"minecraft:walk_one_cm":3452374,"minecraft:drop":67,"minecraft:damage_dealt":3490,"minecraft:damage_dealt_absorbed":141,"minecraft:swim_one_cm":1583,"minecraft:fly_one_cm":5956439,"minecraft:target_hit":3,"minecraft:player_kills":92,"minecraft:open_chest":9,"minecraft:crouch_one_cm":16529,"minecraft:deaths":75,"minecraft:play_time":1261597,"minecraft:sneak_time":15707,"minecraft:walk_under_water_one_cm":15937,"minecraft:boat_one_cm":36576,"minecraft:aviate_one_cm":447616,"minecraft:jump":4458,"minecraft:walk_on_water_one_cm":15878,"minecraft:total_world_time":1261597,"minecraft:fall_one_cm":8315}},"DataVersion":3120}