{"stats":{"minecraft:picked_up":{"minecraft:light":27},"minecraft:custom":{"minecraft:open_barrel":1,"minecraft:time_since_rest":118533,"minecraft:crouch_one_cm":7974,"minecraft:leave_game":4,"minecraft:sprint_one_cm":129376,"minecraft:play_time":118533,"minecraft:damage_taken":20,"minecraft:time_since_death":118533,"minecraft:walk_one_cm":284549,"minecraft:sneak_time":3446,"minecraft:total_world_time":118533,"minecraft:climb_one_cm":4988,"minecraft:drop":28,"minecraft:fall_one_cm":6571,"minecraft:fly_one_cm":187579,"minecraft:jump":1709},"minecraft:dropped":{"minecraft:light":28}},"DataVersion":3120}