{"stats":{"minecraft:picked_up":{"minecraft:wheat":9,"minecraft:wheat_seeds":28,"minecraft:writable_book":1,"minecraft:potato":48},"minecraft:used":{"minecraft:wooden_hoe":26,"minecraft:writable_book":3},"minecraft:dropped":{"minecraft:wheat_seeds":28},"minecraft:custom":{"minecraft:open_barrel":23,"minecraft:time_since_rest":1885,"minecraft:open_chest":2,"minecraft:deaths":1,"minecraft:crouch_one_cm":128871,"minecraft:play_time":341843,"minecraft:sprint_one_cm":811713,"minecraft:damage_taken":1318,"minecraft:walk_one_cm":658238,"minecraft:sneak_time":38046,"minecraft:walk_under_water_one_cm":2899,"minecraft:drop":1,"minecraft:jump":4574,"minecraft:damage_dealt":213,"minecraft:leave_game":4,"minecraft:walk_on_water_one_cm":3595,"minecraft:time_since_death":1864,"minecraft:climb_one_cm":9242,"minecraft:total_world_time":341843,"minecraft:swim_one_cm":63348,"minecraft:interact_with_crafting_table":1,"minecraft:fall_one_cm":56474,"minecraft:fly_one_cm":912741}},"DataVersion":3120}