{"stats":{"minecraft:killed_by":{"minecraft:player":1},"minecraft:picked_up":{"minecraft:wheat":9,"minecraft:red_wool":2,"minecraft:potato":11,"minecraft:lightning_rod":1,"minecraft:light":1,"minecraft:item_frame":9,"minecraft:arrow":64,"minecraft:dispenser":1,"minecraft:rotten_flesh":3,"minecraft:apple":1,"minecraft:light_gray_candle":1,"minecraft:bow":1,"minecraft:wheat_seeds":47,"minecraft:tnt_minecart":1,"minecraft:beef":3,"minecraft:red_tulip":16,"minecraft:player_head":5,"minecraft:observer":1},"minecraft:used":{"minecraft:wooden_hoe":104,"minecraft:black_wool":1,"minecraft:bow":68,"minecraft:snowball":6},"minecraft:dropped":{"minecraft:potato":7,"minecraft:wheat_seeds":47,"minecraft:player_head":5,"minecraft:dispenser":1,"minecraft:tnt_minecart":1,"minecraft:wheat":4,"minecraft:rotten_flesh":3,"minecraft:observer":1,"minecraft:light_gray_candle":1,"minecraft:lightning_rod":1,"minecraft:item_frame":9,"minecraft:light":2},"minecraft:custom":{"minecraft:time_since_rest":622,"minecraft:walk_one_cm":1604012,"minecraft:interact_with_furnace":1,"minecraft:sprint_one_cm":1113812,"minecraft:damage_taken":1774,"minecraft:interact_with_anvil":1,"minecraft:drop":66,"minecraft:damage_dealt":799,"minecraft:swim_one_cm":24598,"minecraft:interact_with_crafting_table":2,"minecraft:target_hit":2,"minecraft:fly_one_cm":1478997,"minecraft:open_barrel":48,"minecraft:open_chest":9,"minecraft:crouch_one_cm":168612,"minecraft:play_time":651656,"minecraft:deaths":1,"minecraft:sneak_time":49196,"minecraft:walk_under_water_one_cm":10,"minecraft:jump":8866,"minecraft:leave_game":10,"minecraft:walk_on_water_one_cm":313,"minecraft:time_since_death":602,"minecraft:damage_resisted":11672,"minecraft:climb_one_cm":20879,"minecraft:total_world_time":651656,"minecraft:fall_one_cm":75754}},"DataVersion":3120}