{"stats":{"minecraft:broken":{"minecraft:leather_chestplate":1,"minecraft:leather_leggings":1,"minecraft:leather_boots":1},"minecraft:killed_by":{"minecraft:player":13},"minecraft:picked_up":{"minecraft:lingering_potion":1,"minecraft:tipped_arrow":51,"minecraft:music_disc_13":1,"minecraft:diamond_sword":1,"minecraft:red_wool":1,"minecraft:gold_block":99,"minecraft:light":2,"minecraft:shield":1,"minecraft:gunpowder":2,"minecraft:elytra":1,"minecraft:item_frame":1,"minecraft:firework_rocket":103,"minecraft:arrow":64,"minecraft:apple":1,"minecraft:diamond":136,"minecraft:bow":3,"minecraft:diamond_leggings":1,"minecraft:polished_blackstone_pressure_plate":1,"minecraft:black_shulker_box":1,"minecraft:diamond_boots":1,"minecraft:crossbow":11,"minecraft:iron_ingot":194,"minecraft:carved_pumpkin":4,"minecraft:painting":2,"minecraft:written_book":1,"minecraft:gold_ingot":64,"minecraft:player_head":7,"minecraft:emerald":212,"minecraft:bread":1,"minecraft:diamond_helmet":1,"minecraft:enchanted_golden_apple":9,"minecraft:black_wool":1,"minecraft:wooden_axe":1},"minecraft:dropped":{"minecraft:gold_block":38,"minecraft:iron_ingot":66,"minecraft:tipped_arrow":1,"minecraft:gunpowder":2,"minecraft:player_head":5,"minecraft:diamond":136,"minecraft:item_frame":1,"minecraft:light":1,"minecraft:emerald":97},"minecraft:used":{"minecraft:red_wool":1,"minecraft:bow":18,"minecraft:crossbow":15,"minecraft:snowball":144,"minecraft:enchanted_golden_apple":5},"minecraft:custom":{"minecraft:time_since_rest":21,"minecraft:sprint_one_cm":801432,"minecraft:damage_absorbed":64,"minecraft:damage_taken":12043,"minecraft:walk_one_cm":1332978,"minecraft:drop":347,"minecraft:damage_dealt":483,"minecraft:swim_one_cm":32012,"minecraft:fly_one_cm":1726983,"minecraft:target_hit":1,"minecraft:player_kills":3,"minecraft:open_barrel":52,"minecraft:open_chest":2,"minecraft:crouch_one_cm":194874,"minecraft:play_time":567944,"minecraft:deaths":30,"minecraft:sneak_time":78851,"minecraft:walk_under_water_one_cm":1020,"minecraft:jump":10849,"minecraft:interact_with_blast_furnace":1,"minecraft:leave_game":10,"minecraft:time_since_death":0,"minecraft:walk_on_water_one_cm":333,"minecraft:damage_resisted":36447,"minecraft:climb_one_cm":22959,"minecraft:total_world_time":567944,"minecraft:fall_one_cm":185751}},"DataVersion":3120}