{"stats":{"minecraft:killed_by":{"minecraft:player":3},"minecraft:picked_up":{"minecraft:wheat":15,"minecraft:wooden_hoe":1,"minecraft:arrow":71,"minecraft:honey_bottle":7,"minecraft:gray_carpet":1,"minecraft:wheat_seeds":38,"minecraft:glass_bottle":56},"minecraft:dropped":{"minecraft:leather_chestplate":1,"minecraft:wheat_seeds":38,"minecraft:wooden_hoe":1,"minecraft:dragon_egg":1,"minecraft:glass_bottle":50,"minecraft:wheat":14,"minecraft:leather_boots":1,"minecraft:leather_leggings":1,"minecraft:honey_bottle":2,"minecraft:gray_carpet":1},"minecraft:used":{"minecraft:leather_leggings":1,"minecraft:glass_bottle":24,"minecraft:leather_chestplate":1,"minecraft:leather_boots":1,"minecraft:bow":35,"minecraft:potion":24,"minecraft:honey_bottle":10},"minecraft:custom":{"minecraft:time_since_rest":762,"minecraft:interact_with_furnace":3,"minecraft:sprint_one_cm":1183531,"minecraft:damage_taken":2708,"minecraft:walk_one_cm":1688921,"minecraft:interact_with_anvil":1,"minecraft:mob_kills":1,"minecraft:drop":80,"minecraft:damage_dealt":279,"minecraft:interact_with_crafting_table":1,"minecraft:swim_one_cm":91115,"minecraft:tune_noteblock":14,"minecraft:fly_one_cm":1725083,"minecraft:open_barrel":18,"minecraft:open_chest":6,"minecraft:crouch_one_cm":58001,"minecraft:play_time":612606,"minecraft:deaths":3,"minecraft:sneak_time":40019,"minecraft:walk_under_water_one_cm":20,"minecraft:jump":8181,"minecraft:leave_game":8,"minecraft:time_since_death":740,"minecraft:walk_on_water_one_cm":5642,"minecraft:damage_resisted":11553,"minecraft:total_world_time":612606,"minecraft:climb_one_cm":18194,"minecraft:fall_one_cm":157595}},"DataVersion":3120}