{"stats":{"minecraft:used":{"minecraft:wooden_hoe":49},"minecraft:killed_by":{"minecraft:player":1},"minecraft:custom":{"minecraft:open_barrel":6,"minecraft:open_chest":1,"minecraft:time_since_rest":12932,"minecraft:deaths":1,"minecraft:crouch_one_cm":492766,"minecraft:play_time":427291,"minecraft:sprint_one_cm":793512,"minecraft:damage_taken":1050,"minecraft:walk_one_cm":1328570,"minecraft:sneak_time":131193,"minecraft:drop":63,"minecraft:jump":2283,"minecraft:damage_dealt":157,"minecraft:leave_game":3,"minecraft:time_since_death":12911,"minecraft:interact_with_smoker":1,"minecraft:climb_one_cm":496,"minecraft:total_world_time":427291,"minecraft:swim_one_cm":17059,"minecraft:fall_one_cm":13538,"minecraft:fly_one_cm":429721},"minecraft:dropped":{"minecraft:apple":1,"minecraft:wheat_seeds":17,"minecraft:player_head":24,"minecraft:wooden_hoe":2,"minecraft:wheat":17,"minecraft:light":2},"minecraft:picked_up":{"minecraft:wheat":17,"minecraft:cooked_beef":1,"minecraft:rotten_flesh":16,"minecraft:apple":2,"minecraft:wheat_seeds":17,"minecraft:potato":37,"minecraft:porkchop":1,"minecraft:player_head":67,"minecraft:light":1,"minecraft:wooden_hoe":1}},"DataVersion":3120}