{"stats":{"minecraft:killed_by":{"minecraft:warden":1},"minecraft:custom":{"minecraft:time_since_rest":995,"minecraft:deaths":1,"minecraft:play_time":164229,"minecraft:crouch_one_cm":9874,"minecraft:sprint_one_cm":469810,"minecraft:damage_taken":396,"minecraft:walk_one_cm":312283,"minecraft:sneak_time":12476,"minecraft:drop":1,"minecraft:jump":1978,"minecraft:leave_game":1,"minecraft:time_since_death":975,"minecraft:walk_on_water_one_cm":162,"minecraft:total_world_time":164229,"minecraft:climb_one_cm":5776,"minecraft:swim_one_cm":9177,"minecraft:fly_one_cm":538061,"minecraft:fall_one_cm":19168},"minecraft:dropped":{"minecraft:leather_leggings":1},"minecraft:picked_up":{"minecraft:leather_boots":2,"minecraft:leather_chestplate":4,"minecraft:firework_rocket":4,"minecraft:leather_leggings":6,"minecraft:potato":5,"minecraft:player_head":1,"minecraft:barrel":1}},"DataVersion":3120}