{"stats":{"minecraft:used":{"minecraft:potion":3},"minecraft:custom":{"minecraft:open_barrel":22,"minecraft:time_since_rest":77259,"minecraft:crouch_one_cm":37141,"minecraft:sprint_one_cm":513697,"minecraft:play_time":146068,"minecraft:damage_taken":285,"minecraft:walk_one_cm":228164,"minecraft:sneak_time":11097,"minecraft:drop":5,"minecraft:jump":4546,"minecraft:damage_dealt":70,"minecraft:leave_game":2,"minecraft:time_since_death":146068,"minecraft:total_world_time":146068,"minecraft:climb_one_cm":9058,"minecraft:swim_one_cm":66131,"minecraft:fall_one_cm":29978,"minecraft:fly_one_cm":376429,"minecraft:player_kills":1},"minecraft:dropped":{"minecraft:chain_command_block":1,"minecraft:glass_bottle":3,"minecraft:firework_rocket":1},"minecraft:picked_up":{"minecraft:chain_command_block":1,"minecraft:firework_rocket":60,"minecraft:player_head":1}},"DataVersion":3120}