{"stats":{"minecraft:broken":{"minecraft:shield":1,"minecraft:leather_boots":1,"minecraft:leather_chestplate":1,"minecraft:leather_leggings":1},"minecraft:killed_by":{"minecraft:player":127},"minecraft:picked_up":{"minecraft:tipped_arrow":130,"minecraft:wheat":3,"minecraft:iron_trapdoor":1,"minecraft:leather":3,"minecraft:black_dye":2,"minecraft:arrow":27,"minecraft:honey_bottle":1,"minecraft:rotten_flesh":66,"minecraft:wheat_seeds":10,"minecraft:black_shulker_box":2,"minecraft:crossbow":7,"minecraft:beef":5,"minecraft:red_tulip":1,"minecraft:carved_pumpkin":1,"minecraft:player_head":97,"minecraft:bread":1,"minecraft:glass_bottle":1,"minecraft:enchanted_golden_apple":64},"minecraft:dropped":{"minecraft:gold_block":1,"minecraft:black_dye":2,"minecraft:wheat_seeds":5,"minecraft:player_head":12,"minecraft:iron_trapdoor":2,"minecraft:glass_bottle":1,"minecraft:wheat":2,"minecraft:rotten_flesh":55,"minecraft:leather":1,"minecraft:beef":5,"minecraft:red_tulip":1,"minecraft:light":1},"minecraft:used":{"minecraft:netherite_sword":83,"minecraft:wooden_hoe":33,"minecraft:shield":27,"minecraft:stone_bricks":6,"minecraft:bow":54,"minecraft:crossbow":327,"minecraft:enchanted_golden_apple":3,"minecraft:honey_bottle":2},"minecraft:custom":{"minecraft:time_since_rest":217,"minecraft:damage_absorbed":480,"minecraft:sprint_one_cm":869988,"minecraft:damage_taken":112846,"minecraft:walk_one_cm":1798527,"minecraft:damage_blocked_by_shield":5005,"minecraft:mob_kills":1,"minecraft:drop":88,"minecraft:damage_dealt":6061,"minecraft:damage_dealt_absorbed":168,"minecraft:swim_one_cm":66850,"minecraft:fly_one_cm":1744579,"minecraft:player_kills":139,"minecraft:open_barrel":10,"minecraft:open_chest":1,"minecraft:crouch_one_cm":264922,"minecraft:play_time":868177,"minecraft:open_shulker_box":25,"minecraft:deaths":135,"minecraft:sneak_time":63548,"minecraft:walk_under_water_one_cm":1871,"minecraft:jump":8410,"minecraft:damage_resisted":1784,"minecraft:leave_game":6,"minecraft:time_since_death":195,"minecraft:walk_on_water_one_cm":2733,"minecraft:climb_one_cm":31201,"minecraft:total_world_time":868177,"minecraft:fall_one_cm":195249}},"DataVersion":3120}