{"stats":{"minecraft:killed_by":{"minecraft:player":1},"minecraft:custom":{"minecraft:jump":1866,"minecraft:open_chest":1,"minecraft:time_since_rest":18123,"minecraft:leave_game":1,"minecraft:deaths":1,"minecraft:crouch_one_cm":29180,"minecraft:walk_on_water_one_cm":195,"minecraft:sprint_one_cm":496049,"minecraft:play_time":150338,"minecraft:damage_taken":222,"minecraft:time_since_death":18103,"minecraft:walk_one_cm":311970,"minecraft:sneak_time":8766,"minecraft:climb_one_cm":10733,"minecraft:total_world_time":150338,"minecraft:swim_one_cm":7303,"minecraft:fall_one_cm":16437,"minecraft:drop":1,"minecraft:fly_one_cm":450480},"minecraft:dropped":{"minecraft:light":1},"minecraft:picked_up":{"minecraft:light":1}},"DataVersion":3120}