{"stats":{"minecraft:killed":{"minecraft:pig":2,"minecraft:axolotl":1,"minecraft:frog":21,"minecraft:cow":1},"minecraft:picked_up":{"minecraft:barrier":1,"minecraft:leather_leggings":1,"minecraft:golden_pickaxe":1,"minecraft:lead":65,"minecraft:red_wool":4,"minecraft:netherite_leggings":1,"minecraft:netherite_block":183,"minecraft:orange_concrete":1,"minecraft:firework_rocket":64,"minecraft:bow":3,"minecraft:polished_blackstone_pressure_plate":2,"minecraft:black_shulker_box":4,"minecraft:crossbow":8,"minecraft:beef":1,"minecraft:oak_boat":1,"minecraft:written_book":1,"minecraft:emerald":301,"minecraft:parrot_spawn_egg":1,"minecraft:netherite_chestplate":6,"minecraft:black_wool":24},"minecraft:dropped":{"minecraft:leather_chestplate":1,"minecraft:leather_boots":1,"minecraft:crossbow":7,"minecraft:leather_leggings":2,"minecraft:beef":1,"minecraft:bow":1,"minecraft:emerald":64},"minecraft:used":{"minecraft:frog_spawn_egg":17,"minecraft:glass":2,"minecraft:black_wool":9,"minecraft:lava_bucket":2,"minecraft:firework_rocket":917,"minecraft:orange_concrete":10,"minecraft:barrier":9,"minecraft:black_shulker_box":4,"minecraft:parrot_spawn_egg":10,"minecraft:slime_spawn_egg":9,"minecraft:polished_blackstone_pressure_plate":1,"minecraft:wooden_sword":15,"minecraft:anvil":2,"minecraft:bow":107,"minecraft:written_book":87,"minecraft:crossbow":154,"minecraft:oak_boat":12,"minecraft:turtle_egg":17,"minecraft:snowball":50,"minecraft:golden_pickaxe":2},"minecraft:mined":{"minecraft:black_shulker_box":2},"minecraft:custom":{"minecraft:time_since_rest":613259,"minecraft:sprint_one_cm":481464,"minecraft:open_enderchest":1,"minecraft:walk_one_cm":1425091,"minecraft:interact_with_anvil":2,"minecraft:mob_kills":28,"minecraft:drop":77,"minecraft:damage_dealt":446,"minecraft:damage_dealt_absorbed":47,"minecraft:fly_one_cm":2494781,"minecraft:target_hit":9,"minecraft:player_kills":1,"minecraft:open_chest":1,"minecraft:crouch_one_cm":7269,"minecraft:open_shulker_box":4,"minecraft:play_time":613259,"minecraft:sneak_time":6818,"minecraft:boat_one_cm":35271,"minecraft:jump":2863,"minecraft:leave_game":6,"minecraft:walk_on_water_one_cm":736,"minecraft:time_since_death":613259,"minecraft:climb_one_cm":1143,"minecraft:total_world_time":613259}},"DataVersion":3120}