{"stats":{"minecraft:picked_up":{"minecraft:item_frame":4,"minecraft:wheat":6,"minecraft:wheat_seeds":26,"minecraft:potato":10,"minecraft:beef":3,"minecraft:written_book":1,"minecraft:player_head":1,"minecraft:light":1},"minecraft:used":{"minecraft:wooden_hoe":65,"minecraft:written_book":3},"minecraft:dropped":{"minecraft:light":1},"minecraft:custom":{"minecraft:open_barrel":59,"minecraft:open_chest":1,"minecraft:time_since_rest":64,"minecraft:deaths":1,"minecraft:interact_with_furnace":1,"minecraft:crouch_one_cm":217147,"minecraft:play_time":523099,"minecraft:sprint_one_cm":1247069,"minecraft:damage_taken":1435,"minecraft:walk_one_cm":2454534,"minecraft:sneak_time":52034,"minecraft:walk_under_water_one_cm":3473,"minecraft:drop":1,"minecraft:jump":4581,"minecraft:damage_dealt":394,"minecraft:leave_game":9,"minecraft:walk_on_water_one_cm":2539,"minecraft:time_since_death":42,"minecraft:climb_one_cm":7431,"minecraft:total_world_time":523099,"minecraft:swim_one_cm":81838,"minecraft:fall_one_cm":59662,"minecraft:fly_one_cm":1196193}},"DataVersion":3120}