{"stats":{"minecraft:picked_up":{"minecraft:item_frame":1,"minecraft:painting":7,"minecraft:player_head":10,"minecraft:observer":3,"minecraft:light":2},"minecraft:dropped":{"minecraft:observer":3,"minecraft:painting":3,"minecraft:player_head":9,"minecraft:item_frame":1,"minecraft:light":2},"minecraft:custom":{"minecraft:open_barrel":17,"minecraft:time_since_rest":157825,"minecraft:open_chest":4,"minecraft:interact_with_furnace":1,"minecraft:crouch_one_cm":69492,"minecraft:play_time":227393,"minecraft:sprint_one_cm":517358,"minecraft:damage_taken":163,"minecraft:walk_one_cm":509132,"minecraft:sneak_time":20588,"minecraft:drop":18,"minecraft:jump":4551,"minecraft:damage_dealt":328,"minecraft:leave_game":5,"minecraft:time_since_death":227393,"minecraft:climb_one_cm":2949,"minecraft:total_world_time":227393,"minecraft:swim_one_cm":369419,"minecraft:interact_with_crafting_table":2,"minecraft:fall_one_cm":41392,"minecraft:fly_one_cm":706949}},"DataVersion":3120}