{"stats":{"minecraft:killed":{"minecraft:parrot":2,"minecraft:cow":1},"minecraft:killed_by":{"minecraft:player":2},"minecraft:picked_up":{"minecraft:feather":4,"minecraft:wheat":17,"minecraft:potato":19,"minecraft:music_disc_cat":1,"minecraft:honey_bottle":49,"minecraft:gray_carpet":1,"minecraft:wheat_seeds":26,"minecraft:red_tulip":1},"minecraft:dropped":{"minecraft:wheat_seeds":8,"minecraft:glass_bottle":48,"minecraft:feather":4,"minecraft:red_tulip":1,"minecraft:honey_bottle":1,"minecraft:music_disc_cat":1,"minecraft:gray_carpet":1,"minecraft:light":1},"minecraft:used":{"minecraft:wooden_hoe":60,"minecraft:glass_bottle":3,"minecraft:bow":36,"minecraft:potion":3,"minecraft:honey_bottle":96},"minecraft:custom":{"minecraft:time_since_rest":70,"minecraft:interact_with_furnace":3,"minecraft:sprint_one_cm":1591409,"minecraft:damage_taken":8314,"minecraft:walk_one_cm":2206544,"minecraft:mob_kills":2,"minecraft:drop":65,"minecraft:damage_dealt":537,"minecraft:swim_one_cm":81065,"minecraft:interact_with_crafting_table":1,"minecraft:fly_one_cm":2105174,"minecraft:open_barrel":16,"minecraft:open_chest":3,"minecraft:crouch_one_cm":127143,"minecraft:play_time":667912,"minecraft:deaths":16,"minecraft:sneak_time":37855,"minecraft:walk_under_water_one_cm":689,"minecraft:jump":12399,"minecraft:leave_game":13,"minecraft:time_since_death":49,"minecraft:walk_on_water_one_cm":16716,"minecraft:damage_resisted":52359,"minecraft:total_world_time":667912,"minecraft:climb_one_cm":27232,"minecraft:fall_one_cm":204207,"minecraft:horse_one_cm":5898}},"DataVersion":3120}