{"stats":{"minecraft:killed":{"minecraft:wolf":3,"minecraft:parrot":2,"minecraft:llama":1},"minecraft:broken":{"minecraft:golden_pickaxe":1},"minecraft:killed_by":{"minecraft:player":119},"minecraft:picked_up":{"minecraft:wheat":23,"minecraft:feather":4,"minecraft:lead":3,"minecraft:golden_pickaxe":1,"minecraft:leather":2,"minecraft:carrot_on_a_stick":1,"minecraft:light":1,"minecraft:wooden_hoe":2,"minecraft:orange_concrete":18,"minecraft:leather_boots":1,"minecraft:wheat_seeds":34,"minecraft:black_shulker_box":6,"minecraft:written_book":4,"minecraft:oak_boat":1,"minecraft:player_head":2,"minecraft:enchanted_golden_apple":1,"minecraft:tipped_arrow":2,"minecraft:milk_bucket":1,"minecraft:porkchop":1,"minecraft:arrow":116,"minecraft:diamond_chestplate":1,"minecraft:carved_pumpkin":5,"minecraft:crossbow":2,"minecraft:painting":1,"minecraft:golden_apple":1,"minecraft:saddle":1,"minecraft:polished_blackstone":1,"minecraft:white_shulker_box":4,"minecraft:snowball":1},"minecraft:dropped":{"minecraft:iron_ingot":128,"minecraft:wheat_seeds":34,"minecraft:diamond":128,"minecraft:diamond_leggings":1,"minecraft:orange_concrete":9,"minecraft:crossbow":2,"minecraft:polished_deepslate_slab":1,"minecraft:enchanted_golden_apple":13,"minecraft:leather":2,"minecraft:chicken_spawn_egg":1,"minecraft:elytra":1,"minecraft:light":1,"minecraft:emerald":128,"minecraft:diamond_sword":1,"minecraft:milk_bucket":1,"minecraft:diamond_chestplate":1,"minecraft:wooden_hoe":2,"minecraft:diamond_helmet":1,"minecraft:snowball":16,"minecraft:painting":1,"minecraft:diamond_boots":1,"minecraft:written_book":3,"minecraft:gold_ingot":64},"minecraft:used":{"minecraft:netherite_sword":110,"minecraft:flint_and_steel":88,"minecraft:orange_concrete":20,"minecraft:polished_andesite":1,"minecraft:shield":7,"minecraft:black_shulker_box":3,"minecraft:white_shulker_box":3,"minecraft:deepslate_bricks":2,"minecraft:polished_blackstone_pressure_plate":1,"minecraft:crossbow":805,"minecraft:snowball":2610,"minecraft:warden_spawn_egg":8,"minecraft:milk_bucket":66,"minecraft:lever":1,"minecraft:glass":2,"minecraft:wooden_axe":4,"minecraft:wooden_hoe":8,"minecraft:light":1,"minecraft:firework_rocket":41,"minecraft:bricks":3,"minecraft:iron_axe":6,"minecraft:netherite_axe":20,"minecraft:smooth_quartz":1,"minecraft:iron_door":2,"minecraft:stone_bricks":4,"minecraft:bow":18,"minecraft:written_book":46,"minecraft:oak_boat":1,"minecraft:egg":30,"minecraft:enchanted_golden_apple":45,"minecraft:splash_potion":169,"minecraft:golden_pickaxe":24},"minecraft:mined":{"minecraft:black_shulker_box":2,"minecraft:tall_grass":1,"minecraft:orange_concrete":10,"minecraft:grass":3,"minecraft:white_shulker_box":4},"minecraft:custom":{"minecraft:interact_with_furnace":1,"minecraft:inspect_dropper":1,"minecraft:mob_kills":6,"minecraft:interact_with_anvil":1,"minecraft:tune_noteblock":76,"minecraft:open_barrel":42,"minecraft:open_shulker_box":23,"minecraft:leave_game":11,"minecraft:time_since_death":240,"minecraft:climb_one_cm":16891,"minecraft:damage_resisted":11580,"minecraft:damage_absorbed":320,"minecraft:time_since_rest":261,"minecraft:damage_taken":115972,"minecraft:sprint_one_cm":1015233,"minecraft:open_enderchest":1,"minecraft:walk_one_cm":2218377,"minecraft:damage_blocked_by_shield":483,"minecraft:drop":53,"minecraft:damage_dealt":11638,"minecraft:damage_dealt_absorbed":324,"minecraft:target_hit":1,"minecraft:swim_one_cm":56129,"minecraft:fly_one_cm":1701050,"minecraft:player_kills":164,"minecraft:pig_one_cm":30011,"minecraft:open_chest":16,"minecraft:crouch_one_cm":159522,"minecraft:play_time":988988,"minecraft:deaths":119,"minecraft:sneak_time":46745,"minecraft:walk_under_water_one_cm":1878,"minecraft:boat_one_cm":30116,"minecraft:jump":5190,"minecraft:walk_on_water_one_cm":2514,"minecraft:total_world_time":988988,"minecraft:fall_one_cm":68636}},"DataVersion":3120}