{"stats":{"minecraft:broken":{"minecraft:leather_chestplate":1,"minecraft:leather_boots":1,"minecraft:leather_leggings":1},"minecraft:killed_by":{"minecraft:player":91},"minecraft:picked_up":{"minecraft:tipped_arrow":83,"minecraft:wheat":34,"minecraft:potato":1,"minecraft:item_frame":5,"minecraft:arrow":17,"minecraft:honey_bottle":1,"minecraft:apple":1,"minecraft:diamond":4,"minecraft:wheat_seeds":100,"minecraft:black_shulker_box":2,"minecraft:crossbow":3,"minecraft:carved_pumpkin":35,"minecraft:golden_apple":1,"minecraft:written_book":1,"minecraft:player_head":66,"minecraft:glass_bottle":1},"minecraft:dropped":{"minecraft:wheat_seeds":15,"minecraft:wooden_hoe":1,"minecraft:glass_bottle":2,"minecraft:wheat":1,"minecraft:arrow":6,"minecraft:written_book":1,"minecraft:item_frame":5,"minecraft:light":1},"minecraft:used":{"minecraft:netherite_sword":38,"minecraft:wooden_hoe":2,"minecraft:shield":1,"minecraft:stone_bricks":56,"minecraft:golden_apple":1,"minecraft:bow":27,"minecraft:written_book":2,"minecraft:crossbow":223,"minecraft:enchanted_golden_apple":3,"minecraft:honey_bottle":2},"minecraft:custom":{"minecraft:time_since_rest":331,"minecraft:damage_absorbed":320,"minecraft:sprint_one_cm":810489,"minecraft:damage_taken":61035,"minecraft:walk_one_cm":1953883,"minecraft:damage_blocked_by_shield":85,"minecraft:drop":32,"minecraft:damage_dealt":1743,"minecraft:damage_dealt_absorbed":191,"minecraft:swim_one_cm":16301,"minecraft:target_hit":2,"minecraft:fly_one_cm":1333514,"minecraft:player_kills":55,"minecraft:open_barrel":8,"minecraft:open_chest":3,"minecraft:crouch_one_cm":98345,"minecraft:open_shulker_box":18,"minecraft:play_time":748954,"minecraft:deaths":96,"minecraft:sneak_time":17549,"minecraft:walk_under_water_one_cm":493,"minecraft:jump":5000,"minecraft:time_since_death":311,"minecraft:leave_game":6,"minecraft:walk_on_water_one_cm":1146,"minecraft:climb_one_cm":11227,"minecraft:total_world_time":748954,"minecraft:damage_resisted":32680,"minecraft:fall_one_cm":114875}},"DataVersion":3120}