{"stats":{"minecraft:killed":{"minecraft:cow":1},"minecraft:killed_by":{"minecraft:player":1},"minecraft:picked_up":{"minecraft:wheat":24,"minecraft:repeater":1,"minecraft:red_wool":2,"minecraft:potato":36,"minecraft:lightning_rod":1,"minecraft:light":2,"minecraft:paper":2,"minecraft:item_frame":2,"minecraft:command_block":1,"minecraft:bow":1,"minecraft:wheat_seeds":50,"minecraft:tnt_minecart":1,"minecraft:writable_book":1,"minecraft:beef":5,"minecraft:iron_ingot":1,"minecraft:carved_pumpkin":62,"minecraft:player_head":48,"minecraft:observer":6,"minecraft:black_wool":1},"minecraft:used":{"minecraft:wooden_hoe":116,"minecraft:writable_book":3,"minecraft:bow":43,"minecraft:written_book":1},"minecraft:dropped":{"minecraft:leather_chestplate":2,"minecraft:potato":11,"minecraft:player_head":45,"minecraft:wheat":12,"minecraft:leather_boots":1,"minecraft:carved_pumpkin":1,"minecraft:leather_leggings":1,"minecraft:observer":6,"minecraft:beef":4,"minecraft:bow":1,"minecraft:paper":2,"minecraft:written_book":1,"minecraft:item_frame":1,"minecraft:light":1},"minecraft:custom":{"minecraft:time_since_rest":1757,"minecraft:interact_with_furnace":1,"minecraft:sprint_one_cm":1249904,"minecraft:damage_taken":2234,"minecraft:walk_one_cm":1554329,"minecraft:mob_kills":5,"minecraft:drop":63,"minecraft:damage_dealt":1421,"minecraft:swim_one_cm":64004,"minecraft:fly_one_cm":1604482,"minecraft:open_barrel":53,"minecraft:open_chest":9,"minecraft:crouch_one_cm":187152,"minecraft:play_time":680485,"minecraft:deaths":1,"minecraft:sneak_time":54140,"minecraft:walk_under_water_one_cm":2772,"minecraft:jump":9223,"minecraft:leave_game":8,"minecraft:walk_on_water_one_cm":4237,"minecraft:time_since_death":1737,"minecraft:climb_one_cm":22662,"minecraft:total_world_time":680485,"minecraft:damage_resisted":26778,"minecraft:fall_one_cm":125181}},"DataVersion":3120}