{"stats":{"minecraft:killed":{"minecraft:chicken":1},"minecraft:killed_by":{"minecraft:player":5},"minecraft:picked_up":{"minecraft:leather_chestplate":1,"minecraft:carrot_on_a_stick":1,"minecraft:light":1,"minecraft:orange_concrete":19,"minecraft:item_frame":1,"minecraft:bow":2,"minecraft:wheat_seeds":41,"minecraft:iron_ingot":8,"minecraft:written_book":17,"minecraft:player_head":2,"minecraft:enchanted_golden_apple":3,"minecraft:poppy":2,"minecraft:glass_bottle":2,"minecraft:pink_concrete":1,"minecraft:milk_bucket":1,"minecraft:orange_shulker_box":1,"minecraft:netherite_block":28,"minecraft:chicken_spawn_egg":1,"minecraft:crossbow":3,"minecraft:carved_pumpkin":64,"minecraft:emerald":96,"minecraft:white_shulker_box":10,"minecraft:deepslate_brick_stairs":1,"minecraft:snowball":1},"minecraft:dropped":{"minecraft:pink_concrete":1,"minecraft:iron_ingot":4,"minecraft:polished_blackstone":1,"minecraft:netherite_axe":1,"minecraft:orange_concrete":85,"minecraft:crossbow":4,"minecraft:enchanted_golden_apple":2,"minecraft:name_tag":1,"minecraft:honey_bottle":15,"minecraft:light_blue_concrete":1,"minecraft:parrot_spawn_egg":1,"minecraft:carrot_on_a_stick":2,"minecraft:golden_apple":1,"minecraft:emerald":416,"minecraft:leather_chestplate":1,"minecraft:deepslate_brick_stairs":1,"minecraft:milk_bucket":1,"minecraft:netherite_block":275,"minecraft:smooth_quartz":1,"minecraft:snowball":3,"minecraft:writable_book":2,"minecraft:golden_hoe":1,"minecraft:arrow":7,"minecraft:bow":1,"minecraft:written_book":7},"minecraft:mined":{"minecraft:tall_grass":31,"minecraft:moss_block":1,"minecraft:grass":14,"minecraft:white_shulker_box":1},"minecraft:used":{"minecraft:deepslate_brick_wall":3,"minecraft:water_bucket":2,"minecraft:cow_spawn_egg":1,"minecraft:writable_book":7,"minecraft:red_sand":1,"minecraft:polished_blackstone":7,"minecraft:oak_sign":1,"minecraft:white_shulker_box":15,"minecraft:stonecutter":1,"minecraft:parrot_spawn_egg":1,"minecraft:llama_spawn_egg":3,"minecraft:pink_concrete":1,"minecraft:polished_blackstone_pressure_plate":7,"minecraft:golden_hoe":14,"minecraft:soul_sand":9,"minecraft:anvil":10,"minecraft:music_disc_cat":1,"minecraft:light_blue_concrete":3,"minecraft:yellow_concrete":26,"minecraft:crossbow":242,"minecraft:cake":12,"minecraft:snowball":1127,"minecraft:deepslate_brick_stairs":1,"minecraft:milk_bucket":1,"minecraft:blue_stained_glass_pane":1,"minecraft:glass":27,"minecraft:wooden_hoe":7,"minecraft:lever":6,"minecraft:black_concrete":3,"minecraft:iron_axe":1,"minecraft:barrier":18,"minecraft:orange_shulker_box":1,"minecraft:netherite_axe":3,"minecraft:cyan_concrete":2,"minecraft:smooth_quartz":11,"minecraft:iron_door":3,"minecraft:wooden_sword":49,"minecraft:bow":45,"minecraft:tall_grass":2,"minecraft:written_book":16,"minecraft:wolf_spawn_egg":3,"minecraft:grindstone":1,"minecraft:pumpkin_pie":1,"minecraft:white_concrete":1,"minecraft:enchanted_golden_apple":8,"minecraft:jukebox":1,"minecraft:splash_potion":160},"minecraft:custom":{"minecraft:mob_kills":1,"minecraft:interact_with_anvil":8,"minecraft:play_record":1,"minecraft:open_barrel":12,"minecraft:open_shulker_box":28,"minecraft:eat_cake_slice":28,"minecraft:interact_with_grindstone":2,"minecraft:interact_with_stonecutter":1,"minecraft:leave_game":17,"minecraft:time_since_death":81,"minecraft:climb_one_cm":13576,"minecraft:damage_resisted":62751,"minecraft:time_since_rest":102,"minecraft:sprint_one_cm":704485,"minecraft:damage_taken":17058,"minecraft:walk_one_cm":2905438,"minecraft:drop":776,"minecraft:damage_dealt":533,"minecraft:swim_one_cm":16170,"minecraft:fly_one_cm":2742948,"minecraft:player_kills":1,"minecraft:open_chest":6,"minecraft:crouch_one_cm":209791,"minecraft:play_time":923591,"minecraft:deaths":6,"minecraft:sneak_time":53879,"minecraft:walk_under_water_one_cm":1978,"minecraft:boat_one_cm":3394,"minecraft:jump":8885,"minecraft:walk_on_water_one_cm":4135,"minecraft:total_world_time":923591,"minecraft:fall_one_cm":70735,"minecraft:horse_one_cm":1789}},"DataVersion":3120}