{
	"credit": "Made by Playxs",
	"textures": {
		"0": "item/flashlight",
		"particle": "item/flashlight"
	},
	"elements": [
		{
			"from": [7, 0, 7],
			"to": [9, 6, 9],
			"rotation": {"angle": 0, "axis": "y", "origin": [8, 5.25, 8]},
			"faces": {
				"north": {"uv": [0, 4, 3.9375, 11], "texture": "#0"},
				"east": {"uv": [13.25, 0, 16, 7], "texture": "#0"},
				"south": {"uv": [13.25, 0, 16, 7], "texture": "#0"},
				"west": {"uv": [13.25, 0, 16, 7], "texture": "#0"},
				"up": {"uv": [3, 1, 5, 3], "texture": "#0"},
				"down": {"uv": [0, 1, 2, 3], "texture": "#0"}
			}
		},
		{
			"from": [6.75, 6, 6.75],
			"to": [9.25, 7, 9.25],
			"rotation": {"angle": 0, "axis": "y", "origin": [8, 5.25, 8]},
			"faces": {
				"north": {"uv": [0, 0, 2.5, 1], "texture": "#0"},
				"east": {"uv": [0, 0, 2.5, 1], "texture": "#0"},
				"south": {"uv": [0, 0, 2.5, 1], "texture": "#0"},
				"west": {"uv": [0, 0, 2.5, 1], "texture": "#0"},
				"up": {"uv": [0, 11, 5, 16], "texture": "#0"},
				"down": {"uv": [0, 0, 2.5, 2.5], "texture": "#0"}
			}
		},
		{
			"from": [6.5, 7, 6.5],
			"to": [6.75, 8, 9.5],
			"rotation": {"angle": 0, "axis": "y", "origin": [8, 5.25, 8]},
			"faces": {
				"north": {"uv": [10.5, 13, 10.75, 14], "texture": "#0"},
				"east": {"uv": [13, 13, 16, 14], "texture": "#0"},
				"south": {"uv": [9, 13, 9.25, 14], "texture": "#0"},
				"west": {"uv": [9, 13, 12, 14], "texture": "#0"},
				"up": {"uv": [9, 13, 9.25, 16], "texture": "#0"},
				"down": {"uv": [9, 13, 9.25, 16], "texture": "#0"}
			}
		},
		{
			"from": [9.25, 7, 6.5],
			"to": [9.5, 8, 9.5],
			"rotation": {"angle": 0, "axis": "y", "origin": [8, 5.25, 8]},
			"faces": {
				"north": {"uv": [10.5, 13, 10.75, 14], "texture": "#0"},
				"east": {"uv": [9, 13, 12, 14], "texture": "#0"},
				"south": {"uv": [9, 13, 9.25, 14], "texture": "#0"},
				"west": {"uv": [13, 13, 16, 14], "texture": "#0"},
				"up": {"uv": [9, 13, 9.25, 16], "texture": "#0"},
				"down": {"uv": [9, 13, 9.25, 16], "texture": "#0"}
			}
		},
		{
			"from": [6.75, 7, 9.25],
			"to": [9.25, 8, 9.5],
			"rotation": {"angle": 0, "axis": "y", "origin": [8, 5.25, 8]},
			"faces": {
				"north": {"uv": [13.5, 13, 16, 14], "texture": "#0"},
				"east": {"uv": [9, 13, 9.25, 14], "texture": "#0"},
				"south": {"uv": [9, 13, 11.5, 14], "texture": "#0"},
				"west": {"uv": [9, 13, 9.25, 14], "texture": "#0"},
				"up": {"uv": [9, 13, 9.25, 15.5], "rotation": 270, "texture": "#0"},
				"down": {"uv": [9, 13, 9.25, 15.5], "rotation": 90, "texture": "#0"}
			}
		},
		{
			"from": [6.75, 7, 6.5],
			"to": [9.25, 8, 6.75],
			"rotation": {"angle": 0, "axis": "y", "origin": [8, 5.25, 8]},
			"faces": {
				"north": {"uv": [9.5, 13, 12, 14], "texture": "#0"},
				"east": {"uv": [9, 13, 9.25, 14], "texture": "#0"},
				"south": {"uv": [13.5, 13, 16, 14], "texture": "#0"},
				"west": {"uv": [9, 13, 9.25, 14], "texture": "#0"},
				"up": {"uv": [9, 13, 9.25, 15.5], "rotation": 270, "texture": "#0"},
				"down": {"uv": [9, 13, 9.25, 15.5], "rotation": 90, "texture": "#0"}
			}
		}
	],
	"display": {
		"thirdperson_righthand": {
			"rotation": [0, 180, 0],
			"translation": [0, 6, 1.5]
		},
		"thirdperson_lefthand": {
			"rotation": [0, 180, 0],
			"translation": [0, 6, 1.5],
			"scale": [1.03, 1, 1]
		},
		"firstperson_righthand": {
			"rotation": [-75, 171, 7],
			"translation": [-0.75, 4.5, -0.5]
		},
		"firstperson_lefthand": {
			"rotation": [-77, 162, 14],
			"translation": [-0.25, 4.5, 0]
		},
		"ground": {
			"rotation": [90, 0, 0],
			"translation": [0, -2.75, 2.5]
		},
		"gui": {
			"rotation": [-180, 50.25, -90],
			"translation": [4, 0.5, 0],
			"scale": [1.5, 1.5, 1.5]
		},
		"head": {
			"rotation": [-90, 180, 0],
			"translation": [0, 9.5, -5.25],
			"scale": [1.5, 1.5, 1.5]
		},
		"fixed": {
			"translation": [0, 5.25, -1.5],
			"scale": [1.5, 1.5, 1.5]
		}
	},
	"groups": [
		{
			"name": "group",
			"origin": [8, 7.5, 6.625],
			"color": 0,
			"children": [0, 1, 2, 3, 4, 5]
		}
	]
}
