{
  "minecraft:adventure/root": {
    "criteria": {
      "killed_by_something": "2023-10-08 18:09:37 -0500"
    },
    "done": true
  },
  "minecraft:end/root": {
    "criteria": {
      "entered_end": "2023-10-08 18:12:52 -0500"
    },
    "done": true
  },
  "minecraft:adventure/adventuring_time": {
    "criteria": {
      "minecraft:dark_forest": "2023-10-08 17:42:43 -0500",
      "minecraft:plains": "2023-10-07 22:33:53 -0500"
    },
    "done": false
  },
  "minecraft:story/enter_the_end": {
    "criteria": {
      "entered_end": "2023-10-08 18:12:52 -0500"
    },
    "done": true
  },
  "DataVersion": 3120
}