{
  "minecraft:recipes/food/bread": {
    "criteria": {
      "has_wheat": "2023-10-08 20:10:15 -0500"
    },
    "done": true
  },
  "minecraft:recipes/transportation/dark_oak_boat": {
    "criteria": {
      "in_water": "2023-10-08 19:28:26 -0500"
    },
    "done": true
  },
  "minecraft:recipes/transportation/birch_boat": {
    "criteria": {
      "in_water": "2023-10-08 19:28:26 -0500"
    },
    "done": true
  },
  "minecraft:recipes/transportation/mangrove_boat": {
    "criteria": {
      "in_water": "2023-10-08 19:28:26 -0500"
    },
    "done": true
  },
  "minecraft:end/root": {
    "criteria": {
      "entered_end": "2023-10-08 20:12:00 -0500"
    },
    "done": true
  },
  "minecraft:story/enter_the_end": {
    "criteria": {
      "entered_end": "2023-10-08 20:12:00 -0500"
    },
    "done": true
  },
  "minecraft:recipes/transportation/acacia_boat": {
    "criteria": {
      "in_water": "2023-10-08 19:28:26 -0500"
    },
    "done": true
  },
  "minecraft:recipes/transportation/oak_boat": {
    "criteria": {
      "in_water": "2023-10-08 19:28:26 -0500"
    },
    "done": true
  },
  "minecraft:adventure/avoid_vibration": {
    "criteria": {
      "avoid_vibration": "2023-10-07 18:30:52 -0500"
    },
    "done": true
  },
  "minecraft:adventure/root": {
    "criteria": {
      "killed_by_something": "2023-10-08 19:58:33 -0500"
    },
    "done": true
  },
  "minecraft:recipes/transportation/jungle_boat": {
    "criteria": {
      "in_water": "2023-10-08 19:28:26 -0500"
    },
    "done": true
  },
  "minecraft:recipes/transportation/spruce_boat": {
    "criteria": {
      "in_water": "2023-10-08 19:28:26 -0500"
    },
    "done": true
  },
  "minecraft:recipes/building_blocks/hay_block": {
    "criteria": {
      "has_wheat": "2023-10-08 20:10:15 -0500"
    },
    "done": true
  },
  "minecraft:adventure/adventuring_time": {
    "criteria": {
      "minecraft:dark_forest": "2023-10-08 17:49:01 -0500",
      "minecraft:plains": "2023-10-07 16:42:17 -0500"
    },
    "done": false
  },
  "DataVersion": 3120
}