{"stats":{"minecraft:used":{"minecraft:wooden_hoe":91,"minecraft:written_book":1},"minecraft:killed_by":{"minecraft:player":1},"minecraft:custom":{"minecraft:open_barrel":22,"minecraft:open_chest":1,"minecraft:time_since_rest":260126,"minecraft:interact_with_furnace":1,"minecraft:crouch_one_cm":158545,"minecraft:play_time":436627,"minecraft:sprint_one_cm":978988,"minecraft:damage_taken":1635,"minecraft:deaths":1,"minecraft:walk_one_cm":1153404,"minecraft:sneak_time":66942,"minecraft:interact_with_anvil":1,"minecraft:drop":22,"minecraft:jump":7502,"minecraft:walk_on_water_one_cm":156,"minecraft:damage_dealt":806,"minecraft:leave_game":7,"minecraft:time_since_death":260105,"minecraft:interact_with_smoker":1,"minecraft:climb_one_cm":4333,"minecraft:total_world_time":436627,"minecraft:swim_one_cm":64060,"minecraft:interact_with_crafting_table":1,"minecraft:fall_one_cm":80612,"minecraft:fly_one_cm":1217972},"minecraft:dropped":{"minecraft:player_head":8,"minecraft:glass_bottle":1,"minecraft:written_book":13},"minecraft:picked_up":{"minecraft:wheat":14,"minecraft:leather_boots":1,"minecraft:command_block":1,"minecraft:rotten_flesh":11,"minecraft:apple":3,"minecraft:leather_leggings":1,"minecraft:wheat_seeds":32,"minecraft:potato":5,"minecraft:beef":2,"minecraft:written_book":13,"minecraft:player_head":21,"minecraft:glass_bottle":1}},"DataVersion":3120}