{"stats":{"minecraft:used":{"minecraft:wooden_hoe":70,"minecraft:written_book":1,"minecraft:experience_bottle":1,"minecraft:milk_bucket":1},"minecraft:custom":{"minecraft:time_since_rest":408663,"minecraft:sprint_one_cm":1053444,"minecraft:interact_with_furnace":4,"minecraft:damage_taken":586,"minecraft:walk_one_cm":1044349,"minecraft:drop":60,"minecraft:inspect_hopper":2,"minecraft:damage_dealt":572,"minecraft:swim_one_cm":9764,"minecraft:interact_with_crafting_table":2,"minecraft:tune_noteblock":2,"minecraft:fly_one_cm":1136385,"minecraft:open_barrel":25,"minecraft:open_chest":8,"minecraft:crouch_one_cm":146985,"minecraft:play_time":474887,"minecraft:sneak_time":46519,"minecraft:walk_under_water_one_cm":219,"minecraft:jump":4997,"minecraft:time_since_death":474887,"minecraft:leave_game":2,"minecraft:walk_on_water_one_cm":882,"minecraft:total_world_time":474887,"minecraft:climb_one_cm":6951,"minecraft:interact_with_smoker":2,"minecraft:fall_one_cm":54008},"minecraft:dropped":{"minecraft:leather_chestplate":1,"minecraft:wheat_seeds":13,"minecraft:player_head":38,"minecraft:wooden_hoe":3,"minecraft:skeleton_skull":1,"minecraft:wheat":5,"minecraft:leather_leggings":1,"minecraft:written_book":1,"minecraft:bucket":2,"minecraft:item_frame":4,"minecraft:light":1},"minecraft:killed":{"minecraft:pig":1},"minecraft:picked_up":{"minecraft:wheat":63,"minecraft:milk_bucket":2,"minecraft:leather_leggings":1,"minecraft:potato":69,"minecraft:lava_bucket":1,"minecraft:light":1,"minecraft:wooden_hoe":3,"minecraft:item_frame":4,"minecraft:experience_bottle":1,"minecraft:wheat_seeds":230,"minecraft:bucket":1,"minecraft:written_book":1,"minecraft:player_head":42,"minecraft:skeleton_skull":2}},"DataVersion":3120}