{"stats":{"minecraft:used":{"minecraft:wooden_hoe":111,"minecraft:written_book":23,"minecraft:golden_axe":17},"minecraft:custom":{"minecraft:open_barrel":7,"minecraft:time_since_rest":230700,"minecraft:open_chest":3,"minecraft:inspect_dropper":1,"minecraft:interact_with_furnace":1,"minecraft:crouch_one_cm":105245,"minecraft:play_time":398030,"minecraft:sprint_one_cm":1561377,"minecraft:damage_taken":1054,"minecraft:walk_one_cm":1126007,"minecraft:sneak_time":42274,"minecraft:walk_under_water_one_cm":137,"minecraft:interact_with_anvil":1,"minecraft:drop":10,"minecraft:jump":4521,"minecraft:inspect_hopper":2,"minecraft:damage_dealt":1103,"minecraft:leave_game":10,"minecraft:walk_on_water_one_cm":565,"minecraft:time_since_death":398030,"minecraft:climb_one_cm":5322,"minecraft:interact_with_smoker":1,"minecraft:total_world_time":398030,"minecraft:swim_one_cm":11785,"minecraft:interact_with_crafting_table":3,"minecraft:fall_one_cm":70771,"minecraft:fly_one_cm":1085401,"minecraft:player_kills":1},"minecraft:dropped":{"minecraft:wheat_seeds":7,"minecraft:written_book":2,"minecraft:light":1},"minecraft:picked_up":{"minecraft:leather_chestplate":2,"minecraft:wheat":15,"minecraft:wheat_seeds":38,"minecraft:potato":1,"minecraft:written_book":2}},"DataVersion":3120}