{"stats":{"minecraft:used":{"minecraft:wooden_hoe":12},"minecraft:custom":{"minecraft:open_barrel":32,"minecraft:time_since_rest":1856,"minecraft:open_chest":9,"minecraft:interact_with_furnace":5,"minecraft:crouch_one_cm":242878,"minecraft:play_time":486698,"minecraft:sprint_one_cm":1082571,"minecraft:damage_taken":192,"minecraft:walk_one_cm":1554964,"minecraft:bell_ring":31,"minecraft:sneak_time":81444,"minecraft:walk_under_water_one_cm":327,"minecraft:drop":101,"minecraft:jump":11927,"minecraft:damage_dealt":90,"minecraft:interact_with_blast_furnace":1,"minecraft:leave_game":2,"minecraft:walk_on_water_one_cm":1205,"minecraft:time_since_death":486698,"minecraft:interact_with_smoker":2,"minecraft:climb_one_cm":3025,"minecraft:total_world_time":486698,"minecraft:swim_one_cm":46370,"minecraft:interact_with_crafting_table":3,"minecraft:fall_one_cm":58781,"minecraft:fly_one_cm":1103949},"minecraft:dropped":{"minecraft:potato":2,"minecraft:rotten_flesh":28,"minecraft:wheat_seeds":3,"minecraft:player_head":64,"minecraft:red_tulip":1,"minecraft:wheat":2,"minecraft:item_frame":1},"minecraft:killed":{"minecraft:pig":1},"minecraft:picked_up":{"minecraft:wheat":4,"minecraft:item_frame":1,"minecraft:command_block":1,"minecraft:rotten_flesh":72,"minecraft:apple":1,"minecraft:wheat_seeds":32,"minecraft:potato":5,"minecraft:red_tulip":2,"minecraft:painting":1,"minecraft:player_head":134}},"DataVersion":3120}