{"stats":{"minecraft:used":{"minecraft:wooden_hoe":20,"minecraft:written_book":2},"minecraft:custom":{"minecraft:open_barrel":34,"minecraft:time_since_rest":144478,"minecraft:open_chest":3,"minecraft:crouch_one_cm":70529,"minecraft:play_time":345634,"minecraft:sprint_one_cm":778852,"minecraft:damage_taken":130,"minecraft:walk_one_cm":1473613,"minecraft:sneak_time":17080,"minecraft:walk_under_water_one_cm":111,"minecraft:drop":9,"minecraft:jump":2123,"minecraft:damage_dealt":147,"minecraft:walk_on_water_one_cm":1518,"minecraft:leave_game":9,"minecraft:time_since_death":345634,"minecraft:climb_one_cm":3211,"minecraft:total_world_time":345634,"minecraft:swim_one_cm":51989,"minecraft:fall_one_cm":26671,"minecraft:fly_one_cm":425809},"minecraft:dropped":{"minecraft:player_head":5,"minecraft:red_tulip":1,"minecraft:wooden_hoe":1,"minecraft:written_book":2},"minecraft:picked_up":{"minecraft:red_tulip":1,"minecraft:written_book":2,"minecraft:player_head":7,"minecraft:wooden_hoe":1}},"DataVersion":3120}