{"stats":{"minecraft:used":{"minecraft:wooden_hoe":38},"minecraft:custom":{"minecraft:open_barrel":23,"minecraft:time_since_rest":44772,"minecraft:open_chest":2,"minecraft:crouch_one_cm":294006,"minecraft:play_time":478351,"minecraft:interact_with_furnace":3,"minecraft:sprint_one_cm":1283581,"minecraft:damage_taken":701,"minecraft:walk_one_cm":1397164,"minecraft:sneak_time":70498,"minecraft:walk_under_water_one_cm":358,"minecraft:drop":38,"minecraft:jump":6886,"minecraft:damage_dealt":405,"minecraft:leave_game":3,"minecraft:walk_on_water_one_cm":1069,"minecraft:time_since_death":478351,"minecraft:climb_one_cm":6921,"minecraft:total_world_time":478351,"minecraft:swim_one_cm":24733,"minecraft:interact_with_crafting_table":2,"minecraft:fall_one_cm":96163,"minecraft:fly_one_cm":1602555},"minecraft:dropped":{"minecraft:potato":5,"minecraft:wheat_seeds":28,"minecraft:player_head":5},"minecraft:picked_up":{"minecraft:wheat":15,"minecraft:item_frame":5,"minecraft:rotten_flesh":8,"minecraft:wheat_seeds":40,"minecraft:potato":10,"minecraft:painting":1,"minecraft:player_head":12}},"DataVersion":3120}