{"stats":{"minecraft:used":{"minecraft:wooden_hoe":6},"minecraft:custom":{"minecraft:open_barrel":3,"minecraft:time_since_rest":1277,"minecraft:open_chest":3,"minecraft:crouch_one_cm":179985,"minecraft:play_time":331782,"minecraft:sprint_one_cm":718483,"minecraft:damage_taken":47,"minecraft:walk_one_cm":1226260,"minecraft:sneak_time":51060,"minecraft:drop":1,"minecraft:jump":6203,"minecraft:damage_dealt":52,"minecraft:leave_game":4,"minecraft:time_since_death":331782,"minecraft:walk_on_water_one_cm":395,"minecraft:climb_one_cm":6054,"minecraft:total_world_time":331782,"minecraft:swim_one_cm":8300,"minecraft:fall_one_cm":74000,"minecraft:fly_one_cm":1344344},"minecraft:dropped":{"minecraft:light":1},"minecraft:picked_up":{"minecraft:wheat":10,"minecraft:wheat_seeds":3,"minecraft:light":1}},"DataVersion":3120}