{"stats":{"minecraft:killed_by":{"minecraft:warden":1},"minecraft:custom":{"minecraft:jump":323,"minecraft:open_chest":2,"minecraft:time_since_rest":441,"minecraft:deaths":1,"minecraft:crouch_one_cm":19648,"minecraft:leave_game":2,"minecraft:sprint_one_cm":226577,"minecraft:play_time":86868,"minecraft:damage_taken":240,"minecraft:time_since_death":421,"minecraft:walk_one_cm":274637,"minecraft:sneak_time":4949,"minecraft:total_world_time":86868,"minecraft:climb_one_cm":2070,"minecraft:walk_under_water_one_cm":40,"minecraft:swim_one_cm":360,"minecraft:fall_one_cm":5163,"minecraft:fly_one_cm":33786}},"DataVersion":3120}