{"stats":{"minecraft:picked_up":{"minecraft:wheat":23,"minecraft:leather_chestplate":2,"minecraft:potato":17,"minecraft:turtle_egg":1,"minecraft:lightning_rod":1,"minecraft:cookie":1,"minecraft:light":2,"minecraft:wither_skeleton_skull":1,"minecraft:paper":1,"minecraft:item_frame":13,"minecraft:leather_boots":1,"minecraft:dispenser":1,"minecraft:sculk_sensor":1,"minecraft:rotten_flesh":1,"minecraft:apple":1,"minecraft:light_gray_candle":3,"minecraft:wheat_seeds":74,"minecraft:music_disc_far":1,"minecraft:player_head":85,"minecraft:observer":1,"minecraft:bread":1},"minecraft:custom":{"minecraft:time_since_rest":2162,"minecraft:sprint_one_cm":982123,"minecraft:damage_taken":239,"minecraft:walk_one_cm":1832663,"minecraft:drop":18,"minecraft:damage_dealt":378,"minecraft:swim_one_cm":11178,"minecraft:interact_with_crafting_table":1,"minecraft:fly_one_cm":1349374,"minecraft:open_barrel":6,"minecraft:open_chest":10,"minecraft:crouch_one_cm":165088,"minecraft:play_time":470390,"minecraft:sneak_time":43219,"minecraft:jump":5119,"minecraft:leave_game":3,"minecraft:walk_on_water_one_cm":151,"minecraft:time_since_death":470390,"minecraft:climb_one_cm":6341,"minecraft:total_world_time":470390,"minecraft:fall_one_cm":52898},"minecraft:dropped":{"minecraft:potato":10,"minecraft:player_head":10,"minecraft:leather_boots":1,"minecraft:paper":3,"minecraft:item_frame":13,"minecraft:light":2},"minecraft:used":{"minecraft:wooden_hoe":84,"minecraft:leather_chestplate":1}},"DataVersion":3120}