{"stats":{"minecraft:used":{"minecraft:wooden_hoe":92,"minecraft:writable_book":1,"minecraft:potion":1},"minecraft:custom":{"minecraft:open_barrel":11,"minecraft:time_since_rest":67228,"minecraft:open_chest":7,"minecraft:interact_with_furnace":1,"minecraft:crouch_one_cm":125373,"minecraft:play_time":344678,"minecraft:sprint_one_cm":924624,"minecraft:damage_taken":672,"minecraft:walk_one_cm":1256323,"minecraft:sneak_time":45775,"minecraft:drop":12,"minecraft:jump":6168,"minecraft:damage_dealt":913,"minecraft:interact_with_blast_furnace":4,"minecraft:leave_game":4,"minecraft:walk_on_water_one_cm":117,"minecraft:time_since_death":344678,"minecraft:climb_one_cm":12346,"minecraft:total_world_time":344678,"minecraft:swim_one_cm":15353,"minecraft:fall_one_cm":75672,"minecraft:fly_one_cm":1099663,"minecraft:player_kills":2},"minecraft:dropped":{"minecraft:bread":1,"minecraft:leather_chestplate":1,"minecraft:writable_book":1,"minecraft:player_head":4,"minecraft:wheat":22,"minecraft:item_frame":14,"minecraft:potato":6},"minecraft:picked_up":{"minecraft:item_frame":27,"minecraft:command_block":1,"minecraft:wheat_seeds":49,"minecraft:writable_book":1,"minecraft:potato":16,"minecraft:beef":2,"minecraft:potion":1,"minecraft:player_head":7,"minecraft:bread":1,"minecraft:blaze_rod":1,"minecraft:wheat":22}},"DataVersion":3120}