{"stats":{"minecraft:used":{"minecraft:wooden_hoe":69,"minecraft:written_book":1},"minecraft:killed_by":{"minecraft:player":1},"minecraft:custom":{"minecraft:open_barrel":17,"minecraft:time_since_rest":66038,"minecraft:open_chest":5,"minecraft:crouch_one_cm":48948,"minecraft:interact_with_furnace":1,"minecraft:play_time":336003,"minecraft:sprint_one_cm":831772,"minecraft:deaths":1,"minecraft:damage_taken":483,"minecraft:walk_one_cm":1005037,"minecraft:sneak_time":25280,"minecraft:drop":7,"minecraft:jump":3274,"minecraft:damage_dealt":590,"minecraft:leave_game":5,"minecraft:walk_on_water_one_cm":207,"minecraft:time_since_death":210860,"minecraft:interact_with_smoker":4,"minecraft:climb_one_cm":7870,"minecraft:total_world_time":336003,"minecraft:swim_one_cm":19138,"minecraft:player_kills":2,"minecraft:fall_one_cm":52510,"minecraft:fly_one_cm":745594},"minecraft:dropped":{"minecraft:potato":28,"minecraft:wooden_sword":1,"minecraft:wheat_seeds":10,"minecraft:dragon_egg":1,"minecraft:written_book":1,"minecraft:wheat":6,"minecraft:light":1},"minecraft:picked_up":{"minecraft:wheat":8,"minecraft:wheat_seeds":10,"minecraft:potato":28,"minecraft:written_book":1,"minecraft:light":1}},"DataVersion":3120}