{"stats":{"minecraft:picked_up":{"minecraft:wheat":5,"minecraft:cooked_beef":3,"minecraft:leather":1,"minecraft:light":1,"minecraft:orange_concrete":1,"minecraft:item_frame":4,"minecraft:bow":1,"minecraft:wheat_seeds":14,"minecraft:black_shulker_box":8,"minecraft:iron_ingot":1,"minecraft:written_book":4,"minecraft:player_head":4,"minecraft:enchanted_golden_apple":1,"minecraft:deepslate_tile_wall":64,"minecraft:book":1,"minecraft:tipped_arrow":1,"minecraft:chain_command_block":2,"minecraft:sculk":2,"minecraft:red_wool":1,"minecraft:dark_oak_planks":1,"minecraft:firework_rocket":64,"minecraft:command_block":1,"minecraft:golden_hoe":1,"minecraft:lever":3,"minecraft:deepslate_bricks":3,"minecraft:crossbow":1,"minecraft:black_wool":12},"minecraft:custom":{"minecraft:interact_with_furnace":1,"minecraft:mob_kills":2,"minecraft:open_barrel":4,"minecraft:open_shulker_box":14,"minecraft:leave_game":9,"minecraft:time_since_death":778647,"minecraft:damage_resisted":31275,"minecraft:climb_one_cm":3533,"minecraft:time_since_rest":778647,"minecraft:open_enderchest":5,"minecraft:sprint_one_cm":727642,"minecraft:damage_taken":10,"minecraft:walk_one_cm":1981035,"minecraft:drop":22,"minecraft:damage_dealt":308,"minecraft:swim_one_cm":1583,"minecraft:fly_one_cm":3597177,"minecraft:target_hit":2,"minecraft:open_chest":6,"minecraft:crouch_one_cm":6482,"minecraft:play_time":778647,"minecraft:sneak_time":6728,"minecraft:walk_under_water_one_cm":15636,"minecraft:boat_one_cm":36576,"minecraft:jump":2622,"minecraft:walk_on_water_one_cm":3134,"minecraft:total_world_time":778647,"minecraft:fall_one_cm":4492},"minecraft:dropped":{"minecraft:player_head":4,"minecraft:cooked_beef":1,"minecraft:crossbow":1,"minecraft:deepslate_bricks":3,"minecraft:leather_chestplate":1,"minecraft:sculk":2,"minecraft:leather_boots":1,"minecraft:leather_leggings":1,"minecraft:dark_oak_planks":1,"minecraft:written_book":3,"minecraft:black_wool":4},"minecraft:mined":{"minecraft:black_shulker_box":1,"minecraft:lever":4,"minecraft:tall_grass":2},"minecraft:used":{"minecraft:water_bucket":1,"minecraft:orange_concrete":1,"minecraft:carved_pumpkin":1,"minecraft:spruce_slab":1,"minecraft:polished_andesite":2,"minecraft:oak_sign":2,"minecraft:black_shulker_box":7,"minecraft:quartz_stairs":2,"minecraft:player_head":1,"minecraft:deepslate_bricks":2,"minecraft:polished_blackstone_pressure_plate":4,"minecraft:dirt":1,"minecraft:crossbow":36,"minecraft:snowball":88,"minecraft:dark_oak_planks":1,"minecraft:lever":14,"minecraft:light":1,"minecraft:black_concrete":4,"minecraft:black_wool":46,"minecraft:firework_rocket":2,"minecraft:villager_spawn_egg":1,"minecraft:red_wool":2,"minecraft:grass_block":2,"minecraft:barrier":11,"minecraft:iron_door":4,"minecraft:fishing_rod":43,"minecraft:purple_concrete":13,"minecraft:wooden_sword":10,"minecraft:golden_carrot":6,"minecraft:bow":52,"minecraft:written_book":42,"minecraft:oak_boat":1,"minecraft:cooked_beef":3,"minecraft:smooth_stone":1},"minecraft:killed":{"minecraft:cow":1}},"DataVersion":3120}