{"stats":{"minecraft:picked_up":{"minecraft:leather_chestplate":1,"minecraft:wheat":27,"minecraft:wheat_seeds":9,"minecraft:potato":5,"minecraft:light":3,"minecraft:paper":1},"minecraft:custom":{"minecraft:open_barrel":15,"minecraft:time_since_rest":232482,"minecraft:open_chest":2,"minecraft:interact_with_furnace":7,"minecraft:play_time":371170,"minecraft:crouch_one_cm":26394,"minecraft:sprint_one_cm":1040377,"minecraft:damage_taken":791,"minecraft:walk_one_cm":862587,"minecraft:deaths":2,"minecraft:sneak_time":21156,"minecraft:walk_under_water_one_cm":273,"minecraft:drop":16,"minecraft:jump":4478,"minecraft:damage_dealt":1705,"minecraft:leave_game":4,"minecraft:walk_on_water_one_cm":391,"minecraft:time_since_death":232462,"minecraft:total_world_time":371170,"minecraft:climb_one_cm":13420,"minecraft:swim_one_cm":7186,"minecraft:interact_with_crafting_table":1,"minecraft:fall_one_cm":82265,"minecraft:fly_one_cm":1140835,"minecraft:player_kills":6},"minecraft:dropped":{"minecraft:potato":3,"minecraft:wheat_seeds":9,"minecraft:wooden_hoe":1,"minecraft:paper":1,"minecraft:wheat":15,"minecraft:light":3,"minecraft:leather_chestplate":1},"minecraft:used":{"minecraft:wooden_hoe":105,"minecraft:golden_axe":14}},"DataVersion":3120}