{"stats":{"minecraft:custom":{"minecraft:jump":1394,"minecraft:open_chest":2,"minecraft:time_since_rest":68017,"minecraft:leave_game":1,"minecraft:crouch_one_cm":13073,"minecraft:sprint_one_cm":212951,"minecraft:play_time":68017,"minecraft:damage_taken":199,"minecraft:time_since_death":68017,"minecraft:walk_one_cm":298800,"minecraft:sneak_time":3740,"minecraft:climb_one_cm":4420,"minecraft:total_world_time":68017,"minecraft:drop":4,"minecraft:fall_one_cm":30382,"minecraft:fly_one_cm":249007},"minecraft:dropped":{"minecraft:leather_chestplate":2,"minecraft:leather_boots":2},"minecraft:picked_up":{"minecraft:player_head":1,"minecraft:leather_chestplate":7,"minecraft:leather_leggings":1}},"DataVersion":3120}