{"stats":{"minecraft:used":{"minecraft:wooden_hoe":72},"minecraft:custom":{"minecraft:open_barrel":12,"minecraft:time_since_rest":253111,"minecraft:crouch_one_cm":140590,"minecraft:play_time":253111,"minecraft:sprint_one_cm":541139,"minecraft:damage_taken":874,"minecraft:walk_one_cm":759714,"minecraft:sneak_time":31405,"minecraft:walk_under_water_one_cm":8,"minecraft:drop":16,"minecraft:jump":3410,"minecraft:damage_dealt":485,"minecraft:leave_game":3,"minecraft:time_since_death":253111,"minecraft:walk_on_water_one_cm":430,"minecraft:climb_one_cm":233,"minecraft:total_world_time":253111,"minecraft:swim_one_cm":6712,"minecraft:fall_one_cm":40446,"minecraft:fly_one_cm":782177},"minecraft:dropped":{"minecraft:painting":2,"minecraft:wheat_seeds":44,"minecraft:player_head":1,"minecraft:wheat":8},"minecraft:picked_up":{"minecraft:wheat":8,"minecraft:wheat_seeds":44,"minecraft:potato":1,"minecraft:painting":3}},"DataVersion":3120}