{"stats":{"minecraft:used":{"minecraft:wooden_hoe":1,"minecraft:leather_leggings":1,"minecraft:leather_chestplate":1,"minecraft:leather_boots":1},"minecraft:custom":{"minecraft:open_barrel":1,"minecraft:time_since_rest":313154,"minecraft:open_chest":2,"minecraft:sprint_one_cm":690839,"minecraft:crouch_one_cm":82645,"minecraft:play_time":313154,"minecraft:damage_taken":276,"minecraft:walk_one_cm":1231343,"minecraft:sneak_time":24934,"minecraft:walk_under_water_one_cm":694,"minecraft:drop":38,"minecraft:jump":1821,"minecraft:damage_dealt":30,"minecraft:leave_game":5,"minecraft:time_since_death":313154,"minecraft:walk_on_water_one_cm":2465,"minecraft:total_world_time":313154,"minecraft:climb_one_cm":27621,"minecraft:swim_one_cm":33000,"minecraft:fall_one_cm":24860,"minecraft:fly_one_cm":396505},"minecraft:dropped":{"minecraft:wheat_seeds":150,"minecraft:wooden_hoe":1,"minecraft:wheat":12},"minecraft:picked_up":{"minecraft:wheat":12,"minecraft:leather_chestplate":1,"minecraft:leather_boots":1,"minecraft:leather_leggings":1,"minecraft:wheat_seeds":150,"minecraft:wooden_hoe":1}},"DataVersion":3120}