{"stats":{"minecraft:killed_by":{"minecraft:player":1},"minecraft:custom":{"minecraft:time_since_rest":5485,"minecraft:interact_with_furnace":1,"minecraft:sprint_one_cm":279243,"minecraft:damage_taken":234,"minecraft:walk_one_cm":427985,"minecraft:drop":24,"minecraft:swim_one_cm":1912,"minecraft:fly_one_cm":185579,"minecraft:open_chest":1,"minecraft:crouch_one_cm":73191,"minecraft:play_time":140734,"minecraft:deaths":1,"minecraft:sneak_time":18590,"minecraft:jump":1755,"minecraft:interact_with_blast_furnace":1,"minecraft:walk_on_water_one_cm":135,"minecraft:leave_game":3,"minecraft:time_since_death":5465,"minecraft:total_world_time":140734,"minecraft:climb_one_cm":360,"minecraft:fall_one_cm":8266},"minecraft:dropped":{"minecraft:daylight_detector":1,"minecraft:note_block":1,"minecraft:redstone_lamp":2,"minecraft:leather_chestplate":3,"minecraft:piston":1,"minecraft:player_head":1,"minecraft:dropper":1,"minecraft:repeater":1,"minecraft:minecart":1,"minecraft:hopper":1,"minecraft:sticky_piston":1,"minecraft:leather_leggings":2,"minecraft:chest_minecart":1,"minecraft:hopper_minecart":1,"minecraft:tripwire_hook":1,"minecraft:light":1,"minecraft:item_frame":14,"minecraft:target":1},"minecraft:picked_up":{"minecraft:repeater":1,"minecraft:daylight_detector":1,"minecraft:tripwire_hook":1,"minecraft:chest_minecart":1,"minecraft:redstone_lamp":2,"minecraft:note_block":1,"minecraft:dropper":1,"minecraft:target":1,"minecraft:light":1,"minecraft:item_frame":14,"minecraft:sticky_piston":1,"minecraft:player_head":2,"minecraft:hopper_minecart":1,"minecraft:minecart":1,"minecraft:piston":1,"minecraft:hopper":1}},"DataVersion":3120}