{"stats":{"minecraft:used":{"minecraft:wooden_hoe":123,"minecraft:wooden_axe":30,"minecraft:bread":5,"minecraft:beef":3},"minecraft:killed_by":{"minecraft:player":1},"minecraft:custom":{"minecraft:time_since_rest":346448,"minecraft:sprint_one_cm":1014656,"minecraft:damage_taken":1084,"minecraft:walk_one_cm":830242,"minecraft:mob_kills":6,"minecraft:drop":225,"minecraft:damage_dealt":2720,"minecraft:talked_to_villager":2,"minecraft:swim_one_cm":66315,"minecraft:fly_one_cm":1835880,"minecraft:open_barrel":11,"minecraft:open_chest":12,"minecraft:crouch_one_cm":84838,"minecraft:play_time":435768,"minecraft:deaths":1,"minecraft:sneak_time":25721,"minecraft:jump":9556,"minecraft:leave_game":4,"minecraft:walk_on_water_one_cm":133,"minecraft:time_since_death":346428,"minecraft:climb_one_cm":20334,"minecraft:interact_with_smoker":2,"minecraft:total_world_time":435768,"minecraft:fall_one_cm":121114},"minecraft:dropped":{"minecraft:lava_bucket":1,"minecraft:iron_ingot":3,"minecraft:leather_chestplate":15,"minecraft:potato":27,"minecraft:black_dye":2,"minecraft:wheat_seeds":53,"minecraft:player_head":12,"minecraft:repeater":1,"minecraft:wheat":13,"minecraft:leather_boots":4,"minecraft:poisonous_potato":1,"minecraft:oak_sapling":3,"minecraft:chest":3,"minecraft:music_disc_5":1,"minecraft:carved_pumpkin":125,"minecraft:leather_leggings":11,"minecraft:book":1,"minecraft:barrel":1,"minecraft:observer":1,"minecraft:white_dye":1,"minecraft:deepslate_tile_wall":64,"minecraft:leather":1,"minecraft:apple":3,"minecraft:music_disc_far":1,"minecraft:command_block":5,"minecraft:music_disc_pigstep":55,"minecraft:chain_command_block":2,"minecraft:music_disc_13":2,"minecraft:light":2,"minecraft:firework_rocket":64},"minecraft:broken":{"minecraft:wooden_axe":1},"minecraft:killed":{"minecraft:iron_golem":1,"minecraft:villager":3,"minecraft:cow":2},"minecraft:picked_up":{"minecraft:wheat":17,"minecraft:leather_chestplate":2,"minecraft:leather_leggings":1,"minecraft:leather":1,"minecraft:poisonous_potato":1,"minecraft:potato":70,"minecraft:light":2,"minecraft:leather_boots":2,"minecraft:wheat_seeds":53,"minecraft:beef":3,"minecraft:iron_ingot":3,"minecraft:carved_pumpkin":62}},"DataVersion":3120}