{"stats":{"minecraft:picked_up":{"minecraft:barrier":1,"minecraft:golden_pickaxe":1,"minecraft:leather_leggings":1,"minecraft:red_wool":4,"minecraft:polished_blackstone_pressure_plate":1,"minecraft:black_shulker_box":4,"minecraft:crossbow":2,"minecraft:oak_boat":1,"minecraft:written_book":1,"minecraft:black_wool":24,"minecraft:orange_concrete":1},"minecraft:custom":{"minecraft:open_chest":1,"minecraft:time_since_rest":260511,"minecraft:open_shulker_box":3,"minecraft:crouch_one_cm":5075,"minecraft:play_time":260511,"minecraft:sprint_one_cm":322525,"minecraft:walk_one_cm":881085,"minecraft:sneak_time":4588,"minecraft:boat_one_cm":35271,"minecraft:drop":5,"minecraft:jump":1646,"minecraft:damage_dealt":145,"minecraft:leave_game":2,"minecraft:walk_on_water_one_cm":736,"minecraft:time_since_death":260511,"minecraft:total_world_time":260511,"minecraft:target_hit":9,"minecraft:fly_one_cm":2152483},"minecraft:dropped":{"minecraft:leather_leggings":2,"minecraft:leather_chestplate":1,"minecraft:leather_boots":1,"minecraft:crossbow":1},"minecraft:mined":{"minecraft:black_shulker_box":2},"minecraft:used":{"minecraft:black_wool":9,"minecraft:lava_bucket":2,"minecraft:wooden_sword":7,"minecraft:orange_concrete":10,"minecraft:written_book":8,"minecraft:barrier":9,"minecraft:oak_boat":12,"minecraft:crossbow":66,"minecraft:black_shulker_box":3,"minecraft:snowball":50,"minecraft:golden_pickaxe":2}},"DataVersion":3120}