{"stats":{"minecraft:used":{"minecraft:wooden_hoe":109,"minecraft:written_book":2,"minecraft:golden_axe":8},"minecraft:custom":{"minecraft:open_barrel":2,"minecraft:time_since_rest":236630,"minecraft:open_chest":6,"minecraft:interact_with_furnace":1,"minecraft:crouch_one_cm":13177,"minecraft:play_time":333196,"minecraft:sprint_one_cm":794637,"minecraft:damage_taken":444,"minecraft:walk_one_cm":724186,"minecraft:sneak_time":42952,"minecraft:drop":4,"minecraft:jump":4352,"minecraft:damage_dealt":1524,"minecraft:interact_with_blast_furnace":1,"minecraft:leave_game":5,"minecraft:walk_on_water_one_cm":143,"minecraft:time_since_death":333196,"minecraft:climb_one_cm":3430,"minecraft:total_world_time":333196,"minecraft:swim_one_cm":19064,"minecraft:interact_with_crafting_table":3,"minecraft:fall_one_cm":72182,"minecraft:fly_one_cm":959521,"minecraft:player_kills":2},"minecraft:dropped":{"minecraft:leather_leggings":1,"minecraft:leather_chestplate":1,"minecraft:paper":1,"minecraft:written_book":1},"minecraft:picked_up":{"minecraft:wheat":4,"minecraft:leather_chestplate":1,"minecraft:wheat_seeds":10,"minecraft:potato":8,"minecraft:written_book":1,"minecraft:player_head":3,"minecraft:light":1}},"DataVersion":3120}