{"stats":{"minecraft:used":{"minecraft:wooden_hoe":4,"minecraft:written_book":2,"minecraft:potato":3},"minecraft:killed_by":{"minecraft:player":1},"minecraft:custom":{"minecraft:open_barrel":13,"minecraft:time_since_rest":29066,"minecraft:open_chest":11,"minecraft:deaths":1,"minecraft:crouch_one_cm":35003,"minecraft:play_time":256361,"minecraft:sprint_one_cm":711411,"minecraft:damage_taken":341,"minecraft:walk_one_cm":571872,"minecraft:sneak_time":11094,"minecraft:walk_under_water_one_cm":10,"minecraft:drop":10,"minecraft:jump":5305,"minecraft:damage_dealt":80,"minecraft:leave_game":3,"minecraft:walk_on_water_one_cm":356,"minecraft:time_since_death":29045,"minecraft:interact_with_smoker":2,"minecraft:climb_one_cm":9185,"minecraft:total_world_time":256361,"minecraft:swim_one_cm":31698,"minecraft:interact_with_crafting_table":2,"minecraft:fall_one_cm":53434,"minecraft:fly_one_cm":949740},"minecraft:dropped":{"minecraft:potato":40,"minecraft:wheat_seeds":17,"minecraft:written_book":1,"minecraft:wheat":4,"minecraft:light":1},"minecraft:killed":{"minecraft:pig":1},"minecraft:picked_up":{"minecraft:wheat":6,"minecraft:wheat_seeds":28,"minecraft:potato":75,"minecraft:porkchop":3,"minecraft:written_book":2,"minecraft:light":1,"minecraft:moss_block":1,"minecraft:wooden_hoe":1}},"DataVersion":3120}