{"stats":{"minecraft:picked_up":{"minecraft:wheat":23,"minecraft:golden_pickaxe":1,"minecraft:leather":2,"minecraft:light":1,"minecraft:wooden_hoe":2,"minecraft:orange_concrete":16,"minecraft:leather_boots":1,"minecraft:wheat_seeds":34,"minecraft:black_shulker_box":3,"minecraft:golden_apple":1,"minecraft:painting":1,"minecraft:oak_boat":1,"minecraft:written_book":3,"minecraft:player_head":2,"minecraft:white_shulker_box":3,"minecraft:snowball":1},"minecraft:custom":{"minecraft:time_since_rest":65130,"minecraft:sprint_one_cm":722464,"minecraft:interact_with_furnace":1,"minecraft:inspect_dropper":1,"minecraft:damage_taken":624,"minecraft:walk_one_cm":1499020,"minecraft:mob_kills":1,"minecraft:interact_with_anvil":1,"minecraft:drop":22,"minecraft:damage_dealt":294,"minecraft:swim_one_cm":56129,"minecraft:tune_noteblock":76,"minecraft:fly_one_cm":528575,"minecraft:open_barrel":31,"minecraft:open_chest":2,"minecraft:crouch_one_cm":152657,"minecraft:open_shulker_box":11,"minecraft:play_time":525792,"minecraft:deaths":2,"minecraft:sneak_time":40050,"minecraft:walk_under_water_one_cm":17,"minecraft:boat_one_cm":30116,"minecraft:jump":3060,"minecraft:time_since_death":65110,"minecraft:leave_game":7,"minecraft:walk_on_water_one_cm":210,"minecraft:climb_one_cm":13379,"minecraft:total_world_time":525792,"minecraft:damage_resisted":316,"minecraft:fall_one_cm":53604},"minecraft:dropped":{"minecraft:wheat_seeds":34,"minecraft:wooden_hoe":2,"minecraft:orange_concrete":9,"minecraft:enchanted_golden_apple":1,"minecraft:painting":1,"minecraft:leather":2,"minecraft:written_book":3,"minecraft:light":1},"minecraft:killed_by":{"minecraft:player":2},"minecraft:mined":{"minecraft:black_shulker_box":2,"minecraft:orange_concrete":9,"minecraft:grass":3,"minecraft:white_shulker_box":3,"minecraft:tall_grass":1},"minecraft:used":{"minecraft:wooden_hoe":8,"minecraft:firework_rocket":1,"minecraft:orange_concrete":17,"minecraft:black_shulker_box":2,"minecraft:white_shulker_box":2,"minecraft:written_book":9,"minecraft:oak_boat":1,"minecraft:crossbow":4,"minecraft:snowball":1,"minecraft:enchanted_golden_apple":2,"minecraft:golden_pickaxe":22},"minecraft:killed":{"minecraft:llama":1}},"DataVersion":3120}