{"stats":{"minecraft:used":{"minecraft:wooden_hoe":2,"minecraft:written_book":2},"minecraft:custom":{"minecraft:time_since_rest":699,"minecraft:crouch_one_cm":94982,"minecraft:play_time":322539,"minecraft:sprint_one_cm":439153,"minecraft:damage_taken":179,"minecraft:walk_one_cm":993019,"minecraft:sneak_time":15599,"minecraft:walk_under_water_one_cm":32,"minecraft:drop":25,"minecraft:jump":2025,"minecraft:damage_dealt":65,"minecraft:walk_on_water_one_cm":739,"minecraft:leave_game":3,"minecraft:time_since_death":322539,"minecraft:climb_one_cm":3178,"minecraft:total_world_time":322539,"minecraft:swim_one_cm":10083,"minecraft:fly_one_cm":512474,"minecraft:fall_one_cm":26608},"minecraft:dropped":{"minecraft:wheat_seeds":15,"minecraft:wooden_hoe":1,"minecraft:glass_bottle":1,"minecraft:written_book":1,"minecraft:wheat":1,"minecraft:item_frame":5,"minecraft:light":1},"minecraft:picked_up":{"minecraft:wheat":34,"minecraft:item_frame":5,"minecraft:apple":1,"minecraft:wheat_seeds":100,"minecraft:potato":1,"minecraft:crossbow":1,"minecraft:written_book":1,"minecraft:player_head":66,"minecraft:glass_bottle":1}},"DataVersion":3120}