{"stats":{"minecraft:killed_by":{"minecraft:player":1},"minecraft:custom":{"minecraft:jump":1079,"minecraft:time_since_rest":202,"minecraft:leave_game":1,"minecraft:crouch_one_cm":3296,"minecraft:deaths":1,"minecraft:sprint_one_cm":291631,"minecraft:play_time":76709,"minecraft:damage_taken":281,"minecraft:time_since_death":182,"minecraft:walk_one_cm":197578,"minecraft:sneak_time":1072,"minecraft:climb_one_cm":3272,"minecraft:total_world_time":76709,"minecraft:swim_one_cm":8067,"minecraft:fall_one_cm":20216,"minecraft:fly_one_cm":284052}},"DataVersion":3120}