{"stats":{"minecraft:used":{"minecraft:snowball":6},"minecraft:custom":{"minecraft:open_barrel":5,"minecraft:time_since_rest":192907,"minecraft:open_chest":4,"minecraft:crouch_one_cm":43818,"minecraft:play_time":204612,"minecraft:sprint_one_cm":725782,"minecraft:damage_taken":243,"minecraft:walk_one_cm":374499,"minecraft:sneak_time":13447,"minecraft:drop":43,"minecraft:jump":3603,"minecraft:damage_dealt":0,"minecraft:leave_game":1,"minecraft:time_since_death":204612,"minecraft:total_world_time":204612,"minecraft:climb_one_cm":4940,"minecraft:swim_one_cm":10133,"minecraft:fall_one_cm":60052,"minecraft:fly_one_cm":1021989},"minecraft:dropped":{"minecraft:leather_leggings":1,"minecraft:leather_chestplate":1,"minecraft:player_head":5,"minecraft:light":36},"minecraft:picked_up":{"minecraft:leather_leggings":1,"minecraft:painting":1,"minecraft:player_head":9,"minecraft:light":36}},"DataVersion":3120}