{"stats":{"minecraft:picked_up":{"minecraft:pink_concrete":1,"minecraft:leather_chestplate":1,"minecraft:light":1,"minecraft:orange_concrete":18,"minecraft:item_frame":1,"minecraft:bow":1,"minecraft:wheat_seeds":41,"minecraft:carved_pumpkin":64,"minecraft:written_book":17,"minecraft:player_head":2,"minecraft:enchanted_golden_apple":1,"minecraft:white_shulker_box":9,"minecraft:snowball":1},"minecraft:custom":{"minecraft:time_since_rest":214492,"minecraft:sprint_one_cm":548083,"minecraft:damage_taken":523,"minecraft:walk_one_cm":1832232,"minecraft:interact_with_anvil":6,"minecraft:drop":38,"minecraft:damage_dealt":132,"minecraft:swim_one_cm":16170,"minecraft:fly_one_cm":1140950,"minecraft:open_barrel":8,"minecraft:open_chest":4,"minecraft:crouch_one_cm":197513,"minecraft:open_shulker_box":19,"minecraft:play_time":539575,"minecraft:deaths":2,"minecraft:sneak_time":45558,"minecraft:boat_one_cm":3394,"minecraft:jump":5565,"minecraft:walk_on_water_one_cm":183,"minecraft:leave_game":8,"minecraft:time_since_death":214472,"minecraft:climb_one_cm":9938,"minecraft:total_world_time":539575,"minecraft:damage_resisted":1787,"minecraft:fall_one_cm":63998},"minecraft:dropped":{"minecraft:pink_concrete":1,"minecraft:orange_concrete":83,"minecraft:snowball":3,"minecraft:enchanted_golden_apple":2,"minecraft:golden_hoe":1,"minecraft:written_book":6,"minecraft:golden_apple":1},"minecraft:mined":{"minecraft:grass":14,"minecraft:white_shulker_box":1,"minecraft:tall_grass":31,"minecraft:moss_block":1},"minecraft:killed_by":{"minecraft:player":1},"minecraft:used":{"minecraft:lever":4,"minecraft:wooden_hoe":7,"minecraft:red_sand":1,"minecraft:writable_book":2,"minecraft:cow_spawn_egg":1,"minecraft:barrier":17,"minecraft:oak_sign":1,"minecraft:white_shulker_box":14,"minecraft:smooth_quartz":1,"minecraft:iron_door":1,"minecraft:llama_spawn_egg":1,"minecraft:pink_concrete":1,"minecraft:wooden_sword":49,"minecraft:anvil":4,"minecraft:bow":36,"minecraft:written_book":11,"minecraft:tall_grass":2,"minecraft:snowball":326,"minecraft:enchanted_golden_apple":7}},"DataVersion":3120}