{"stats":{"minecraft:used":{"minecraft:milk_bucket":1,"minecraft:experience_bottle":1},"minecraft:custom":{"minecraft:open_barrel":6,"minecraft:time_since_rest":158060,"minecraft:open_chest":3,"minecraft:interact_with_furnace":1,"minecraft:play_time":224284,"minecraft:sprint_one_cm":375905,"minecraft:crouch_one_cm":89001,"minecraft:damage_taken":70,"minecraft:walk_one_cm":288725,"minecraft:sneak_time":24596,"minecraft:drop":46,"minecraft:jump":1762,"minecraft:leave_game":1,"minecraft:time_since_death":224284,"minecraft:walk_on_water_one_cm":27,"minecraft:total_world_time":224284,"minecraft:climb_one_cm":3113,"minecraft:fly_one_cm":414356,"minecraft:fall_one_cm":26346},"minecraft:dropped":{"minecraft:leather_leggings":1,"minecraft:leather_chestplate":1,"minecraft:player_head":38,"minecraft:skeleton_skull":1,"minecraft:bucket":2,"minecraft:item_frame":4,"minecraft:light":1},"minecraft:picked_up":{"minecraft:item_frame":4,"minecraft:milk_bucket":2,"minecraft:experience_bottle":1,"minecraft:leather_leggings":1,"minecraft:bucket":1,"minecraft:lava_bucket":1,"minecraft:player_head":42,"minecraft:light":1,"minecraft:skeleton_skull":2}},"DataVersion":3120}