{"stats":{"minecraft:custom":{"minecraft:open_barrel":22,"minecraft:time_since_rest":4457,"minecraft:open_chest":2,"minecraft:play_time":228523,"minecraft:crouch_one_cm":92765,"minecraft:sprint_one_cm":503977,"minecraft:interact_with_furnace":1,"minecraft:damage_taken":40,"minecraft:walk_one_cm":629223,"minecraft:sneak_time":39606,"minecraft:drop":93,"minecraft:jump":3440,"minecraft:damage_dealt":0,"minecraft:interact_with_blast_furnace":1,"minecraft:leave_game":1,"minecraft:time_since_death":228523,"minecraft:total_world_time":228523,"minecraft:climb_one_cm":1313,"minecraft:fly_one_cm":482682,"minecraft:swim_one_cm":28032,"minecraft:interact_with_crafting_table":2,"minecraft:fall_one_cm":23731},"minecraft:dropped":{"minecraft:rotten_flesh":28,"minecraft:player_head":64,"minecraft:item_frame":1},"minecraft:picked_up":{"minecraft:item_frame":1,"minecraft:command_block":1,"minecraft:rotten_flesh":72,"minecraft:apple":1,"minecraft:player_head":134}},"DataVersion":3120}