{"stats":{"minecraft:custom":{"minecraft:open_barrel":32,"minecraft:open_chest":1,"minecraft:time_since_rest":139576,"minecraft:damage_taken":68,"minecraft:damage_dealt":58,"minecraft:crouch_one_cm":65516,"minecraft:leave_game":4,"minecraft:sprint_one_cm":255030,"minecraft:play_time":139576,"minecraft:time_since_death":139576,"minecraft:walk_one_cm":572143,"minecraft:sneak_time":10191,"minecraft:total_world_time":139576,"minecraft:climb_one_cm":1257,"minecraft:swim_one_cm":7236,"minecraft:drop":5,"minecraft:fall_one_cm":15062,"minecraft:fly_one_cm":181947,"minecraft:jump":964},"minecraft:dropped":{"minecraft:player_head":5},"minecraft:picked_up":{"minecraft:player_head":6}},"DataVersion":3120}