{"stats":{"minecraft:custom":{"minecraft:jump":1036,"minecraft:time_since_rest":91472,"minecraft:leave_game":1,"minecraft:damage_dealt":55,"minecraft:crouch_one_cm":69924,"minecraft:sprint_one_cm":336116,"minecraft:play_time":223307,"minecraft:damage_taken":128,"minecraft:time_since_death":223307,"minecraft:walk_one_cm":370794,"minecraft:sneak_time":21045,"minecraft:climb_one_cm":4944,"minecraft:total_world_time":223307,"minecraft:swim_one_cm":11525,"minecraft:drop":1,"minecraft:fall_one_cm":15256,"minecraft:fly_one_cm":225933,"minecraft:open_barrel":1},"minecraft:dropped":{"minecraft:light":1},"minecraft:picked_up":{"minecraft:player_head":4,"minecraft:music_disc_13":1,"minecraft:light":1}},"DataVersion":3120}