{"stats":{"minecraft:custom":{"minecraft:jump":491,"minecraft:time_since_rest":192691,"minecraft:damage_dealt":0,"minecraft:crouch_one_cm":114054,"minecraft:leave_game":9,"minecraft:sprint_one_cm":44165,"minecraft:play_time":192691,"minecraft:damage_taken":94,"minecraft:time_since_death":192691,"minecraft:walk_one_cm":876249,"minecraft:sneak_time":27102,"minecraft:total_world_time":192691,"minecraft:climb_one_cm":814,"minecraft:drop":1,"minecraft:fall_one_cm":3315,"minecraft:fly_one_cm":45280,"minecraft:open_barrel":2},"minecraft:dropped":{"minecraft:player_head":1},"minecraft:picked_up":{"minecraft:player_head":4,"minecraft:light":1}},"DataVersion":3120}