{"stats":{"minecraft:custom":{"minecraft:jump":2444,"minecraft:time_since_rest":128585,"minecraft:leave_game":1,"minecraft:damage_dealt":224,"minecraft:crouch_one_cm":145077,"minecraft:sprint_one_cm":390235,"minecraft:play_time":223763,"minecraft:damage_taken":58,"minecraft:time_since_death":223763,"minecraft:walk_one_cm":561959,"minecraft:sneak_time":29553,"minecraft:climb_one_cm":1975,"minecraft:total_world_time":223763,"minecraft:drop":5,"minecraft:swim_one_cm":7880,"minecraft:fall_one_cm":44110,"minecraft:fly_one_cm":562319,"minecraft:open_barrel":12},"minecraft:dropped":{"minecraft:player_head":5},"minecraft:picked_up":{"minecraft:player_head":12,"minecraft:item_frame":5,"minecraft:rotten_flesh":8}},"DataVersion":3120}