{"stats":{"minecraft:custom":{"minecraft:jump":572,"minecraft:time_since_rest":133776,"minecraft:crouch_one_cm":66358,"minecraft:play_time":223312,"minecraft:leave_game":2,"minecraft:sprint_one_cm":223801,"minecraft:damage_taken":20,"minecraft:time_since_death":223312,"minecraft:walk_one_cm":395032,"minecraft:sneak_time":24905,"minecraft:climb_one_cm":2560,"minecraft:total_world_time":223312,"minecraft:swim_one_cm":18368,"minecraft:drop":6,"minecraft:fall_one_cm":8186,"minecraft:fly_one_cm":116211},"minecraft:dropped":{"minecraft:light":6},"minecraft:picked_up":{"minecraft:player_head":2,"minecraft:light":6}},"DataVersion":3120}