{"stats":{"minecraft:picked_up":{"minecraft:item_frame":3,"minecraft:leather_chestplate":1,"minecraft:powder_snow_bucket":1,"minecraft:player_head":2},"minecraft:custom":{"minecraft:open_barrel":3,"minecraft:time_since_rest":15551,"minecraft:crouch_one_cm":11661,"minecraft:open_shulker_box":8,"minecraft:play_time":83941,"minecraft:sprint_one_cm":206026,"minecraft:damage_taken":321,"minecraft:deaths":1,"minecraft:walk_one_cm":231034,"minecraft:sneak_time":3947,"minecraft:drop":1,"minecraft:jump":2563,"minecraft:leave_game":13,"minecraft:walk_on_water_one_cm":69,"minecraft:time_since_death":15531,"minecraft:climb_one_cm":6775,"minecraft:total_world_time":83941,"minecraft:fall_one_cm":12241,"minecraft:fly_one_cm":241549},"minecraft:dropped":{"minecraft:light":1},"minecraft:killed_by":{"minecraft:player":1}},"DataVersion":3120}