{"stats":{"minecraft:picked_up":{"minecraft:light":1},"minecraft:dropped":{"minecraft:light":1},"minecraft:custom":{"minecraft:jump":908,"minecraft:time_since_rest":73809,"minecraft:crouch_one_cm":14949,"minecraft:leave_game":3,"minecraft:sprint_one_cm":82389,"minecraft:play_time":73809,"minecraft:damage_taken":20,"minecraft:time_since_death":73809,"minecraft:walk_one_cm":433908,"minecraft:sneak_time":1976,"minecraft:total_world_time":73809,"minecraft:climb_one_cm":1658,"minecraft:drop":1,"minecraft:fall_one_cm":629,"minecraft:fly_one_cm":115815}},"DataVersion":3120}