{"stats":{"minecraft:used":{"minecraft:writable_book":1},"minecraft:custom":{"minecraft:open_barrel":9,"minecraft:time_since_rest":99296,"minecraft:open_chest":1,"minecraft:play_time":217063,"minecraft:crouch_one_cm":100679,"minecraft:sprint_one_cm":556438,"minecraft:interact_with_furnace":1,"minecraft:damage_taken":164,"minecraft:walk_one_cm":713700,"minecraft:sneak_time":28287,"minecraft:drop":10,"minecraft:jump":3474,"minecraft:damage_dealt":0,"minecraft:interact_with_blast_furnace":4,"minecraft:leave_game":3,"minecraft:time_since_death":217063,"minecraft:climb_one_cm":10780,"minecraft:total_world_time":217063,"minecraft:fly_one_cm":559956,"minecraft:fall_one_cm":48687},"minecraft:dropped":{"minecraft:bread":1,"minecraft:leather_chestplate":1,"minecraft:writable_book":1,"minecraft:player_head":4,"minecraft:item_frame":14},"minecraft:picked_up":{"minecraft:item_frame":27,"minecraft:command_block":1,"minecraft:writable_book":1,"minecraft:potion":1,"minecraft:player_head":7,"minecraft:bread":1,"minecraft:blaze_rod":1}},"DataVersion":3120}