{"stats":{"minecraft:killed_by":{"minecraft:player":1},"minecraft:custom":{"minecraft:jump":1168,"minecraft:open_chest":1,"minecraft:time_since_rest":43,"minecraft:leave_game":1,"minecraft:deaths":1,"minecraft:damage_dealt":0,"minecraft:crouch_one_cm":11834,"minecraft:walk_on_water_one_cm":125,"minecraft:sprint_one_cm":308298,"minecraft:play_time":125166,"minecraft:damage_taken":249,"minecraft:time_since_death":23,"minecraft:walk_one_cm":370012,"minecraft:climb_one_cm":7870,"minecraft:sneak_time":2933,"minecraft:total_world_time":125166,"minecraft:fall_one_cm":18150,"minecraft:drop":1,"minecraft:fly_one_cm":265928},"minecraft:dropped":{"minecraft:light":1},"minecraft:picked_up":{"minecraft:light":1}},"DataVersion":3120}