{"stats":{"minecraft:killed_by":{"minecraft:player":1},"minecraft:custom":{"minecraft:jump":1198,"minecraft:time_since_rest":8619,"minecraft:deaths":1,"minecraft:crouch_one_cm":39332,"minecraft:leave_game":6,"minecraft:sprint_one_cm":117758,"minecraft:play_time":123852,"minecraft:damage_taken":204,"minecraft:time_since_death":8599,"minecraft:walk_one_cm":381462,"minecraft:sneak_time":12998,"minecraft:total_world_time":123852,"minecraft:climb_one_cm":14683,"minecraft:drop":1,"minecraft:fall_one_cm":16392,"minecraft:fly_one_cm":210858},"minecraft:dropped":{"minecraft:light":1},"minecraft:picked_up":{"minecraft:light":1}},"DataVersion":3120}