{"stats":{"minecraft:custom":{"minecraft:open_barrel":5,"minecraft:time_since_rest":111,"minecraft:open_chest":2,"minecraft:crouch_one_cm":105168,"minecraft:play_time":229382,"minecraft:sprint_one_cm":256836,"minecraft:damage_taken":144,"minecraft:walk_one_cm":835383,"minecraft:sneak_time":20704,"minecraft:drop":13,"minecraft:jump":3529,"minecraft:damage_dealt":0,"minecraft:leave_game":1,"minecraft:walk_on_water_one_cm":26,"minecraft:time_since_death":229382,"minecraft:total_world_time":229382,"minecraft:climb_one_cm":5686,"minecraft:fall_one_cm":26468,"minecraft:fly_one_cm":551881},"minecraft:dropped":{"minecraft:rotten_flesh":3,"minecraft:player_head":4,"minecraft:blaze_rod":1,"minecraft:paper":2,"minecraft:light_gray_candle":1,"minecraft:light":2,"minecraft:potion":1},"minecraft:picked_up":{"minecraft:netherite_boots":1,"minecraft:item_frame":14,"minecraft:rotten_flesh":3,"minecraft:light_gray_candle":2,"minecraft:potion":1,"minecraft:player_head":8,"minecraft:bread":1,"minecraft:light":2,"minecraft:blaze_rod":2,"minecraft:paper":3}},"DataVersion":3120}