{"stats":{"minecraft:custom":{"minecraft:jump":1489,"minecraft:time_since_rest":177,"minecraft:deaths":2,"minecraft:crouch_one_cm":9434,"minecraft:play_time":138865,"minecraft:leave_game":2,"minecraft:sprint_one_cm":355673,"minecraft:damage_taken":410,"minecraft:time_since_death":157,"minecraft:walk_one_cm":267646,"minecraft:sneak_time":5303,"minecraft:climb_one_cm":6957,"minecraft:total_world_time":138865,"minecraft:walk_under_water_one_cm":273,"minecraft:swim_one_cm":282,"minecraft:drop":4,"minecraft:fall_one_cm":11074,"minecraft:fly_one_cm":285715},"minecraft:dropped":{"minecraft:leather_chestplate":1,"minecraft:paper":1,"minecraft:light":2},"minecraft:picked_up":{"minecraft:leather_chestplate":1,"minecraft:light":2,"minecraft:paper":1}},"DataVersion":3120}