{"stats":{"minecraft:dropped":{"minecraft:player_head":10,"minecraft:debug_stick":1},"minecraft:custom":{"minecraft:open_barrel":12,"minecraft:time_since_rest":11145,"minecraft:crouch_one_cm":11852,"minecraft:play_time":84969,"minecraft:sprint_one_cm":181299,"minecraft:deaths":1,"minecraft:damage_taken":250,"minecraft:walk_one_cm":205955,"minecraft:sneak_time":2873,"minecraft:walk_under_water_one_cm":3926,"minecraft:interact_with_anvil":2,"minecraft:drop":11,"minecraft:jump":454,"minecraft:leave_game":1,"minecraft:time_since_death":11125,"minecraft:walk_on_water_one_cm":1869,"minecraft:total_world_time":84969,"minecraft:climb_one_cm":3896,"minecraft:swim_one_cm":638,"minecraft:fall_one_cm":2958,"minecraft:fly_one_cm":623640,"minecraft:open_chest":1},"minecraft:used":{"minecraft:deepslate_bricks":3,"minecraft:spruce_leaves":1,"minecraft:oak_trapdoor":1,"minecraft:iron_bars":16,"minecraft:written_book":4,"minecraft:grass_block":2,"minecraft:armor_stand":1,"minecraft:polished_andesite":1,"minecraft:barrier":76,"minecraft:oak_planks":11,"minecraft:tinted_glass":2,"minecraft:smooth_quartz":2,"minecraft:iron_door":4,"minecraft:milk_bucket":5,"minecraft:oak_leaves":1},"minecraft:picked_up":{"minecraft:debug_stick":1,"minecraft:stick":1,"minecraft:barrier":2,"minecraft:written_book":2,"minecraft:player_head":12}},"DataVersion":3120}