{"stats":{"minecraft:used":{"minecraft:leather_chestplate":1,"minecraft:leather_leggings":1,"minecraft:leather_boots":1},"minecraft:custom":{"minecraft:jump":67,"minecraft:open_chest":2,"minecraft:time_since_rest":3325,"minecraft:play_time":3325,"minecraft:leave_game":2,"minecraft:sprint_one_cm":9046,"minecraft:time_since_death":3325,"minecraft:walk_one_cm":4478,"minecraft:total_world_time":3325,"minecraft:drop":3,"minecraft:fall_one_cm":418,"minecraft:fly_one_cm":7546},"minecraft:dropped":{"minecraft:leather_leggings":1,"minecraft:leather_chestplate":1,"minecraft:leather_boots":1}},"DataVersion":3120}