{"stats":{"minecraft:picked_up":{"minecraft:cooked_beef":1,"minecraft:rotten_flesh":16,"minecraft:apple":2,"minecraft:potato":1,"minecraft:player_head":66,"minecraft:light":1},"minecraft:dropped":{"minecraft:apple":1,"minecraft:player_head":16,"minecraft:light":2},"minecraft:custom":{"minecraft:open_barrel":6,"minecraft:time_since_rest":127685,"minecraft:crouch_one_cm":249346,"minecraft:play_time":190453,"minecraft:sprint_one_cm":251883,"minecraft:damage_taken":20,"minecraft:walk_one_cm":499789,"minecraft:sneak_time":65865,"minecraft:drop":19,"minecraft:jump":942,"minecraft:leave_game":2,"minecraft:time_since_death":190453,"minecraft:climb_one_cm":192,"minecraft:total_world_time":190453,"minecraft:fall_one_cm":2363,"minecraft:fly_one_cm":79172}},"DataVersion":3120}