{"stats":{"minecraft:custom":{"minecraft:jump":1014,"minecraft:time_since_rest":96191,"minecraft:leave_game":1,"minecraft:damage_dealt":0,"minecraft:crouch_one_cm":6346,"minecraft:sprint_one_cm":206671,"minecraft:play_time":112440,"minecraft:damage_taken":30,"minecraft:time_since_death":112440,"minecraft:walk_one_cm":236395,"minecraft:sneak_time":2499,"minecraft:climb_one_cm":4217,"minecraft:total_world_time":112440,"minecraft:swim_one_cm":33503,"minecraft:fall_one_cm":7110,"minecraft:fly_one_cm":182861},"minecraft:picked_up":{"minecraft:player_head":1,"minecraft:item_frame":9,"minecraft:light":1}},"DataVersion":3120}