{"stats":{"minecraft:custom":{"minecraft:time_since_rest":42233,"minecraft:open_chest":5,"minecraft:crouch_one_cm":5355,"minecraft:sprint_one_cm":403759,"minecraft:interact_with_furnace":1,"minecraft:play_time":138799,"minecraft:damage_taken":196,"minecraft:walk_one_cm":261352,"minecraft:sneak_time":3081,"minecraft:drop":3,"minecraft:jump":1904,"minecraft:interact_with_blast_furnace":1,"minecraft:leave_game":2,"minecraft:time_since_death":138799,"minecraft:walk_on_water_one_cm":40,"minecraft:total_world_time":138799,"minecraft:climb_one_cm":1625,"minecraft:swim_one_cm":5229,"minecraft:interact_with_crafting_table":2,"minecraft:fall_one_cm":29144,"minecraft:fly_one_cm":379765},"minecraft:dropped":{"minecraft:leather_leggings":1,"minecraft:leather_chestplate":1,"minecraft:paper":1},"minecraft:picked_up":{"minecraft:leather_chestplate":1,"minecraft:player_head":3,"minecraft:light":1}},"DataVersion":3120}