{"stats":{"minecraft:killed_by":{"minecraft:player":1},"minecraft:custom":{"minecraft:open_barrel":16,"minecraft:time_since_rest":17154,"minecraft:deaths":1,"minecraft:damage_taken":1093,"minecraft:damage_dealt":159,"minecraft:crouch_one_cm":31992,"minecraft:leave_game":2,"minecraft:sprint_one_cm":451387,"minecraft:play_time":168537,"minecraft:time_since_death":17133,"minecraft:walk_one_cm":533540,"minecraft:sneak_time":19264,"minecraft:total_world_time":168537,"minecraft:climb_one_cm":4470,"minecraft:swim_one_cm":51360,"minecraft:fall_one_cm":26142,"minecraft:fly_one_cm":347801,"minecraft:jump":3586},"minecraft:picked_up":{"minecraft:player_head":1,"minecraft:firework_rocket":1,"minecraft:rotten_flesh":21}},"DataVersion":3120}