{"stats":{"minecraft:custom":{"minecraft:jump":1421,"minecraft:time_since_rest":112867,"minecraft:damage_taken":81,"minecraft:interact_with_furnace":1,"minecraft:leave_game":4,"minecraft:damage_dealt":0,"minecraft:crouch_one_cm":108739,"minecraft:sprint_one_cm":435349,"minecraft:play_time":206361,"minecraft:time_since_death":206361,"minecraft:walk_one_cm":894953,"minecraft:sneak_time":22557,"minecraft:total_world_time":206361,"minecraft:climb_one_cm":200,"minecraft:drop":1,"minecraft:fall_one_cm":22556,"minecraft:fly_one_cm":272327,"minecraft:open_barrel":30},"minecraft:dropped":{"minecraft:light":1},"minecraft:picked_up":{"minecraft:item_frame":4,"minecraft:player_head":1,"minecraft:light":1}},"DataVersion":3120}