{"stats":{"minecraft:picked_up":{"minecraft:light":1},"minecraft:dropped":{"minecraft:light":1},"minecraft:custom":{"minecraft:jump":1305,"minecraft:time_since_rest":29907,"minecraft:damage_dealt":0,"minecraft:crouch_one_cm":4928,"minecraft:leave_game":2,"minecraft:sprint_one_cm":233985,"minecraft:play_time":103613,"minecraft:damage_taken":20,"minecraft:time_since_death":103613,"minecraft:walk_one_cm":140169,"minecraft:sneak_time":1278,"minecraft:total_world_time":103613,"minecraft:climb_one_cm":4450,"minecraft:swim_one_cm":8409,"minecraft:drop":1,"minecraft:fall_one_cm":17504,"minecraft:fly_one_cm":248156}},"DataVersion":3120}