{"stats":{"minecraft:custom":{"minecraft:open_barrel":23,"minecraft:open_chest":1,"minecraft:time_since_rest":2201,"minecraft:leave_game":4,"minecraft:crouch_one_cm":108764,"minecraft:sprint_one_cm":328131,"minecraft:play_time":221630,"minecraft:damage_taken":30,"minecraft:time_since_death":221630,"minecraft:walk_one_cm":700686,"minecraft:sneak_time":23686,"minecraft:total_world_time":221630,"minecraft:climb_one_cm":6817,"minecraft:swim_one_cm":11160,"minecraft:drop":1,"minecraft:fall_one_cm":29655,"minecraft:fly_one_cm":225943,"minecraft:jump":1386},"minecraft:dropped":{"minecraft:light":1},"minecraft:picked_up":{"minecraft:player_head":2,"minecraft:leather_boots":1,"minecraft:light":1}},"DataVersion":3120}