{"stats":{"minecraft:used":{"minecraft:netherite_sword":100,"minecraft:iron_bars":10,"minecraft:smooth_quartz_slab":2,"minecraft:red_concrete":23,"minecraft:armor_stand":6,"minecraft:spruce_slab":286,"minecraft:redstone":19,"minecraft:carrot_on_a_stick":1,"minecraft:ladder":1,"minecraft:oak_sign":106,"minecraft:spruce_planks":294,"minecraft:chest":11,"minecraft:tinted_glass":29,"minecraft:stone":16,"minecraft:soul_campfire":5,"minecraft:dirt":14,"minecraft:soul_sand":27,"minecraft:anvil":1,"minecraft:blue_stained_glass":7,"minecraft:spruce_stairs":8,"minecraft:cobblestone_wall":4,"minecraft:cracked_deepslate_tiles":11,"minecraft:deepslate_brick_slab":81,"minecraft:tuff":37,"minecraft:glow_lichen":1,"minecraft:spruce_fence":1,"minecraft:snowball":184,"minecraft:mud_brick_stairs":3,"minecraft:obsidian":7,"minecraft:andesite_wall":1,"minecraft:glass":199,"minecraft:stone_brick_slab":1,"minecraft:dark_oak_planks":2,"minecraft:packed_ice":196,"minecraft:sea_lantern":1,"minecraft:light_gray_stained_glass":1,"minecraft:music_disc_pigstep":3,"minecraft:muddy_mangrove_roots":6,"minecraft:spruce_wood":165,"minecraft:lantern":5,"minecraft:grass_block":298,"minecraft:polished_deepslate_wall":10,"minecraft:polished_andesite_stairs":5,"minecraft:smooth_quartz":39,"minecraft:raw_gold_block":1,"minecraft:item_frame":8,"minecraft:light_gray_wool":21,"minecraft:birch_button":2,"minecraft:repeater":18,"minecraft:redstone_lamp":16,"minecraft:snow":25,"minecraft:black_stained_glass":3,"minecraft:hay_block":2,"minecraft:written_book":5,"minecraft:iron_trapdoor":2,"minecraft:mangrove_roots":2,"minecraft:furnace":1,"minecraft:oak_sapling":1,"minecraft:gold_block":4,"minecraft:acacia_wood":7,"minecraft:cobbled_deepslate":13,"minecraft:stripped_spruce_wood":90,"minecraft:deepslate_brick_wall":66,"minecraft:water_bucket":7,"minecraft:cobblestone_stairs":8,"minecraft:snow_block":260,"minecraft:wither_skeleton_skull":3,"minecraft:cut_copper_slab":7,"minecraft:birch_planks":3,"minecraft:polished_andesite":240,"minecraft:baked_potato":13,"minecraft:oak_planks":4,"minecraft:andesite_slab":14,"minecraft:waxed_oxidized_cut_copper":2,"minecraft:redstone_block":65,"minecraft:beacon":3,"minecraft:sheep_spawn_egg":1,"minecraft:deepslate_bricks":312,"minecraft:waxed_copper_block":1,"minecraft:oak_leaves":30,"minecraft:polished_deepslate_slab":2,"minecraft:dark_oak_trapdoor":21,"minecraft:waxed_weathered_cut_copper_slab":2,"minecraft:blast_furnace":5,"minecraft:blue_ice":43,"minecraft:dripstone_block":1,"minecraft:gray_concrete":4,"minecraft:cobbled_deepslate_stairs":9,"minecraft:deepslate_brick_stairs":440,"minecraft:purple_stained_glass":42,"minecraft:deepslate_tile_wall":8,"minecraft:birch_fence":1,"minecraft:redstone_torch":1,"minecraft:sticky_piston":1,"minecraft:mud":179,"minecraft:lever":12,"minecraft:flower_pot":1,"minecraft:light":37,"minecraft:black_concrete":61,"minecraft:command_block":76,"minecraft:oak_button":1,"minecraft:map":5,"minecraft:stone_button":1,"minecraft:jungle_stairs":2,"minecraft:spruce_trapdoor":2,"minecraft:iron_door":1,"minecraft:gravel":107,"minecraft:flowering_azalea_leaves":7,"minecraft:crimson_sign":1,"minecraft:chiseled_stone_bricks":1,"minecraft:wooden_sword":28,"minecraft:cobblestone":57,"minecraft:cobbled_deepslate_slab":24,"minecraft:mud_brick_wall":4,"minecraft:white_stained_glass":2,"minecraft:deepslate_coal_ore":6,"minecraft:chain_command_block":53,"minecraft:chain":5,"minecraft:smooth_stone_slab":8,"minecraft:repeating_command_block":39,"minecraft:ice":232,"minecraft:polished_blackstone_button":12,"minecraft:husk_spawn_egg":1,"minecraft:bone_meal":5,"minecraft:smooth_stone":14,"minecraft:splash_potion":2,"minecraft:gray_stained_glass":12},"minecraft:custom":{"minecraft:mob_kills":2,"minecraft:interact_with_anvil":1,"minecraft:open_barrel":17,"minecraft:leave_game":9,"minecraft:time_since_death":938807,"minecraft:climb_one_cm":3022,"minecraft:damage_resisted":101037,"minecraft:sprint_one_cm":893474,"minecraft:walk_one_cm":819418,"minecraft:drop":480,"minecraft:play_time":938807,"minecraft:sneak_time":20885,"minecraft:jump":9783,"minecraft:interact_with_blast_furnace":1,"minecraft:walk_on_water_one_cm":22950,"minecraft:total_world_time":938807,"minecraft:play_record":3,"minecraft:pot_flower":3,"minecraft:time_since_rest":938807,"minecraft:damage_taken":10,"minecraft:trigger_trapped_chest":6,"minecraft:damage_dealt":412,"minecraft:fly_one_cm":4537965,"minecraft:player_kills":1,"minecraft:open_chest":84,"minecraft:crouch_one_cm":46250,"minecraft:fall_one_cm":74952},"minecraft:broken":{"minecraft:wooden_sword":11},"minecraft:mined":{"minecraft:ice":1},"minecraft:killed":{"minecraft:sheep":1},"minecraft:dropped":{"minecraft:repeating_command_block":1,"minecraft:baked_potato":536,"minecraft:cobblestone":256,"minecraft:command_block":2,"minecraft:ice":1,"minecraft:wooden_axe":1,"minecraft:snowball":8,"minecraft:wooden_sword":1,"minecraft:redstone_block":2,"minecraft:lever":1,"minecraft:netherite_sword":1,"minecraft:oak_sign":4,"minecraft:glass_pane":87,"minecraft:light":65,"minecraft:muddy_mangrove_roots":1,"minecraft:potato":20,"minecraft:chain_command_block":1,"minecraft:written_book":1},"minecraft:picked_up":{"minecraft:wooden_axe":1,"minecraft:redstone_block":3,"minecraft:structure_block":1,"minecraft:acacia_button":1,"minecraft:light":65,"minecraft:wooden_sword":56,"minecraft:oak_sign":12,"minecraft:glass_pane":88,"minecraft:netherite_sword":21,"minecraft:written_book":1,"minecraft:redstone_torch":1,"minecraft:player_head":64,"minecraft:wooden_shovel":27,"minecraft:stick":1659,"minecraft:porkchop":1,"minecraft:music_disc_pigstep":2,"minecraft:redstone":2,"minecraft:goat_horn":27,"minecraft:tnt":1,"minecraft:rotten_flesh":2,"minecraft:repeating_command_block":1,"minecraft:command_block":3,"minecraft:mutton":1,"minecraft:snowball":8,"minecraft:white_wool":1,"minecraft:barrier":3,"minecraft:potato":19,"minecraft:ice":1,"minecraft:paper":1,"minecraft:iron_sword":26,"minecraft:chain_command_block":1,"minecraft:lever":2,"minecraft:baked_potato":23,"minecraft:mangrove_button":2}},"DataVersion":3120}