{"stats":{"minecraft:killed_by":{"minecraft:player":1},"minecraft:custom":{"minecraft:time_since_rest":1359,"minecraft:play_time":191902,"minecraft:crouch_one_cm":167150,"minecraft:sprint_one_cm":481518,"minecraft:damage_taken":275,"minecraft:walk_one_cm":354952,"minecraft:sneak_time":38174,"minecraft:walk_under_water_one_cm":230,"minecraft:drop":50,"minecraft:jump":1190,"minecraft:leave_game":1,"minecraft:time_since_death":24443,"minecraft:walk_on_water_one_cm":5,"minecraft:total_world_time":191902,"minecraft:climb_one_cm":8796,"minecraft:swim_one_cm":8489,"minecraft:fall_one_cm":23310,"minecraft:fly_one_cm":229208,"minecraft:deaths":1,"minecraft:open_barrel":32},"minecraft:dropped":{"minecraft:carved_pumpkin":1,"minecraft:rotten_flesh":15,"minecraft:book":1,"minecraft:iron_ingot":1,"minecraft:observer":3,"minecraft:deepslate_tile_wall":64,"minecraft:player_head":24,"minecraft:command_block":2,"minecraft:chain_command_block":2},"minecraft:picked_up":{"minecraft:book":1,"minecraft:leather_chestplate":1,"minecraft:chain_command_block":2,"minecraft:command_block":2,"minecraft:rotten_flesh":15,"minecraft:iron_ingot":1,"minecraft:carved_pumpkin":1,"minecraft:player_head":26,"minecraft:observer":4,"minecraft:music_disc_pigstep":1,"minecraft:deepslate_tile_wall":64}},"DataVersion":3120}