{"stats":{"minecraft:used":{"minecraft:snowball":2},"minecraft:custom":{"minecraft:open_barrel":4,"minecraft:time_since_rest":4791,"minecraft:open_chest":1,"minecraft:crouch_one_cm":122112,"minecraft:play_time":223067,"minecraft:sprint_one_cm":292758,"minecraft:damage_taken":116,"minecraft:walk_one_cm":829627,"minecraft:sneak_time":22144,"minecraft:drop":2,"minecraft:jump":2840,"minecraft:leave_game":4,"minecraft:walk_on_water_one_cm":183,"minecraft:time_since_death":223067,"minecraft:climb_one_cm":8704,"minecraft:total_world_time":223067,"minecraft:fly_one_cm":396449,"minecraft:swim_one_cm":2032,"minecraft:fall_one_cm":52114},"minecraft:dropped":{"minecraft:snowball":2},"minecraft:picked_up":{"minecraft:item_frame":1,"minecraft:leather_chestplate":1,"minecraft:player_head":2,"minecraft:snowball":1}},"DataVersion":3120}