{"stats":{"minecraft:picked_up":{"minecraft:barrier":1,"minecraft:wheat":3,"minecraft:red_wool":1,"minecraft:potato":13,"minecraft:light":68,"minecraft:orange_concrete":12,"minecraft:item_frame":1,"minecraft:wheat_seeds":29,"minecraft:black_shulker_box":4,"minecraft:crossbow":3,"minecraft:carved_pumpkin":65,"minecraft:enchanted_golden_apple":1,"minecraft:white_shulker_box":2,"minecraft:black_wool":6},"minecraft:used":{"minecraft:lever":10,"minecraft:light":1,"minecraft:black_concrete":1,"minecraft:firework_rocket":136,"minecraft:orange_concrete":2,"minecraft:grass_block":1,"minecraft:polished_blackstone":99,"minecraft:barrier":6,"minecraft:oak_sign":1,"minecraft:wooden_pickaxe":4,"minecraft:black_shulker_box":3,"minecraft:white_shulker_box":1,"minecraft:smooth_quartz":3,"minecraft:iron_door":1,"minecraft:polished_deepslate_slab":1,"minecraft:fishing_rod":99,"minecraft:wooden_sword":7,"minecraft:potion":5,"minecraft:written_book":12,"minecraft:light_blue_concrete":2,"minecraft:crossbow":35,"minecraft:snowball":416,"minecraft:enchanted_golden_apple":1},"minecraft:dropped":{"minecraft:orange_concrete":12,"minecraft:crossbow":1,"minecraft:carved_pumpkin":3,"minecraft:item_frame":1,"minecraft:light":5},"minecraft:custom":{"minecraft:time_since_rest":365196,"minecraft:sprint_one_cm":559841,"minecraft:open_enderchest":2,"minecraft:damage_taken":413,"minecraft:walk_one_cm":1059579,"minecraft:interact_with_anvil":1,"minecraft:drop":22,"minecraft:damage_dealt":394,"minecraft:swim_one_cm":1651,"minecraft:fly_one_cm":1896592,"minecraft:target_hit":1,"minecraft:open_chest":4,"minecraft:crouch_one_cm":94760,"minecraft:open_shulker_box":6,"minecraft:play_time":529691,"minecraft:deaths":1,"minecraft:sneak_time":28486,"minecraft:jump":4617,"minecraft:leave_game":6,"minecraft:time_since_death":365176,"minecraft:damage_resisted":202,"minecraft:climb_one_cm":2327,"minecraft:total_world_time":529691,"minecraft:fall_one_cm":19171}},"DataVersion":3120}