{"stats":{"minecraft:picked_up":{"minecraft:wheat":10,"minecraft:leather":1,"minecraft:wheat_seeds":24,"minecraft:potato":29,"minecraft:gold_block":1,"minecraft:black_wool":1},"minecraft:used":{"minecraft:wooden_hoe":186,"minecraft:bow":60},"minecraft:dropped":{"minecraft:potato":7,"minecraft:wheat":5},"minecraft:custom":{"minecraft:open_barrel":5,"minecraft:time_since_rest":4593,"minecraft:crouch_one_cm":91063,"minecraft:play_time":517693,"minecraft:sprint_one_cm":718247,"minecraft:damage_taken":1641,"minecraft:walk_one_cm":2291371,"minecraft:sneak_time":20145,"minecraft:walk_under_water_one_cm":195,"minecraft:drop":12,"minecraft:jump":7616,"minecraft:damage_dealt":502,"minecraft:leave_game":4,"minecraft:walk_on_water_one_cm":763,"minecraft:time_since_death":517693,"minecraft:climb_one_cm":1644,"minecraft:total_world_time":517693,"minecraft:damage_resisted":23303,"minecraft:swim_one_cm":4489,"minecraft:interact_with_crafting_table":1,"minecraft:fall_one_cm":39211,"minecraft:fly_one_cm":1016993}},"DataVersion":3120}