{"stats":{"minecraft:killed_by":{"minecraft:player":2},"minecraft:picked_up":{"minecraft:wheat":14,"minecraft:leather_leggings":1,"minecraft:red_wool":1,"minecraft:potato":5,"minecraft:leather_boots":1,"minecraft:arrow":5,"minecraft:command_block":1,"minecraft:rotten_flesh":11,"minecraft:apple":3,"minecraft:bow":1,"minecraft:wheat_seeds":32,"minecraft:beef":2,"minecraft:written_book":13,"minecraft:player_head":21,"minecraft:glass_bottle":1,"minecraft:black_wool":7},"minecraft:used":{"minecraft:wooden_hoe":91,"minecraft:black_wool":2,"minecraft:bow":70,"minecraft:written_book":1},"minecraft:dropped":{"minecraft:player_head":8,"minecraft:glass_bottle":1,"minecraft:arrow":4,"minecraft:red_wool":1,"minecraft:bow":1,"minecraft:written_book":13},"minecraft:custom":{"minecraft:time_since_rest":1635,"minecraft:interact_with_furnace":1,"minecraft:sprint_one_cm":1380251,"minecraft:damage_taken":2892,"minecraft:walk_one_cm":1723567,"minecraft:interact_with_anvil":1,"minecraft:drop":28,"minecraft:damage_dealt":1008,"minecraft:swim_one_cm":71018,"minecraft:interact_with_crafting_table":1,"minecraft:fly_one_cm":1936499,"minecraft:open_barrel":26,"minecraft:open_chest":1,"minecraft:crouch_one_cm":177165,"minecraft:play_time":691982,"minecraft:deaths":2,"minecraft:sneak_time":73068,"minecraft:walk_under_water_one_cm":322,"minecraft:jump":21363,"minecraft:walk_on_water_one_cm":2774,"minecraft:leave_game":8,"minecraft:time_since_death":1615,"minecraft:climb_one_cm":7165,"minecraft:interact_with_smoker":1,"minecraft:total_world_time":691982,"minecraft:damage_resisted":17638,"minecraft:fall_one_cm":114968}},"DataVersion":3120}