{"stats":{"minecraft:used":{"minecraft:wooden_hoe":37,"minecraft:writable_book":2,"minecraft:written_book":7},"minecraft:killed_by":{"minecraft:player":1},"minecraft:custom":{"minecraft:open_barrel":76,"minecraft:open_chest":7,"minecraft:time_since_rest":1010,"minecraft:interact_with_furnace":6,"minecraft:crouch_one_cm":176646,"minecraft:play_time":432124,"minecraft:sprint_one_cm":646261,"minecraft:deaths":1,"minecraft:damage_taken":1833,"minecraft:walk_one_cm":2275146,"minecraft:sneak_time":63547,"minecraft:drop":38,"minecraft:jump":5223,"minecraft:damage_dealt":297,"minecraft:leave_game":2,"minecraft:time_since_death":200776,"minecraft:interact_with_smoker":1,"minecraft:climb_one_cm":15333,"minecraft:total_world_time":432124,"minecraft:swim_one_cm":28294,"minecraft:fall_one_cm":89428,"minecraft:fly_one_cm":687735},"minecraft:dropped":{"minecraft:daylight_detector":1,"minecraft:writable_book":1,"minecraft:wheat_seeds":67,"minecraft:red_tulip":2,"minecraft:wooden_hoe":1,"minecraft:wheat":13,"minecraft:light":3},"minecraft:picked_up":{"minecraft:wheat":27,"minecraft:daylight_detector":1,"minecraft:redstone_lamp":2,"minecraft:wheat_seeds":81,"minecraft:writable_book":1,"minecraft:red_tulip":2,"minecraft:written_book":1,"minecraft:hopper_minecart":1,"minecraft:light":4}},"DataVersion":3120}