{"stats":{"minecraft:crafted":{"minecraft:blaze_powder":2},"minecraft:picked_up":{"minecraft:milk_bucket":1,"minecraft:barrier":1,"minecraft:item_frame":8,"minecraft:rotten_flesh":2,"minecraft:rabbit_stew":1,"minecraft:light_gray_candle":2,"minecraft:bow":1,"minecraft:red_tulip":1,"minecraft:echo_shard":1,"minecraft:popped_chorus_fruit":1,"minecraft:player_head":69,"minecraft:blue_concrete":1,"minecraft:light":1,"minecraft:blaze_rod":1,"minecraft:dragon_egg":1,"minecraft:paper":1},"minecraft:used":{"minecraft:black_wool":2,"minecraft:bow":8,"minecraft:milk_bucket":1},"minecraft:dropped":{"minecraft:rotten_flesh":2,"minecraft:player_head":19,"minecraft:red_tulip":1,"minecraft:item_frame":8,"minecraft:netherite_boots":1},"minecraft:custom":{"minecraft:open_barrel":68,"minecraft:open_chest":4,"minecraft:time_since_rest":524606,"minecraft:sprint_one_cm":1285671,"minecraft:crouch_one_cm":148972,"minecraft:play_time":548285,"minecraft:damage_taken":849,"minecraft:walk_one_cm":1114415,"minecraft:sneak_time":102050,"minecraft:walk_under_water_one_cm":404,"minecraft:drop":24,"minecraft:jump":9093,"minecraft:damage_dealt":243,"minecraft:leave_game":3,"minecraft:walk_on_water_one_cm":522,"minecraft:time_since_death":548285,"minecraft:total_world_time":548285,"minecraft:climb_one_cm":11361,"minecraft:damage_resisted":13936,"minecraft:swim_one_cm":23673,"minecraft:fall_one_cm":108652,"minecraft:fly_one_cm":1670307}},"DataVersion":3120}