{"stats":{"minecraft:killed_by":{"minecraft:player":1},"minecraft:picked_up":{"minecraft:tipped_arrow":4,"minecraft:wheat":23,"minecraft:leather_chestplate":2,"minecraft:potato":17,"minecraft:turtle_egg":1,"minecraft:lightning_rod":1,"minecraft:cookie":1,"minecraft:light":2,"minecraft:wither_skeleton_skull":1,"minecraft:paper":1,"minecraft:item_frame":13,"minecraft:leather_boots":1,"minecraft:dispenser":1,"minecraft:sculk_sensor":1,"minecraft:rotten_flesh":1,"minecraft:apple":1,"minecraft:light_gray_candle":3,"minecraft:wheat_seeds":74,"minecraft:music_disc_far":1,"minecraft:player_head":85,"minecraft:observer":1,"minecraft:bread":1},"minecraft:used":{"minecraft:wooden_hoe":84,"minecraft:leather_chestplate":1,"minecraft:netherite_helmet":1},"minecraft:dropped":{"minecraft:potato":10,"minecraft:player_head":10,"minecraft:leather_boots":1,"minecraft:paper":3,"minecraft:item_frame":13,"minecraft:light":2},"minecraft:custom":{"minecraft:time_since_rest":720,"minecraft:sprint_one_cm":1199716,"minecraft:damage_taken":1618,"minecraft:walk_one_cm":2039237,"minecraft:drop":18,"minecraft:damage_dealt":378,"minecraft:swim_one_cm":40937,"minecraft:interact_with_crafting_table":1,"minecraft:fly_one_cm":1820945,"minecraft:open_barrel":26,"minecraft:open_chest":11,"minecraft:crouch_one_cm":165619,"minecraft:play_time":562616,"minecraft:deaths":2,"minecraft:sneak_time":43814,"minecraft:walk_under_water_one_cm":3018,"minecraft:jump":6824,"minecraft:leave_game":5,"minecraft:walk_on_water_one_cm":1353,"minecraft:time_since_death":699,"minecraft:climb_one_cm":14495,"minecraft:total_world_time":562616,"minecraft:inspect_dispenser":1,"minecraft:fall_one_cm":74385}},"DataVersion":3120}