{"stats":{"minecraft:used":{"minecraft:wooden_hoe":33},"minecraft:killed_by":{"minecraft:player":2},"minecraft:custom":{"minecraft:time_since_rest":65,"minecraft:sprint_one_cm":637992,"minecraft:damage_taken":776,"minecraft:walk_one_cm":1479964,"minecraft:drop":18,"minecraft:damage_dealt":233,"minecraft:swim_one_cm":41214,"minecraft:fly_one_cm":1499720,"minecraft:open_barrel":5,"minecraft:open_chest":4,"minecraft:crouch_one_cm":185198,"minecraft:play_time":457422,"minecraft:deaths":2,"minecraft:sneak_time":43380,"minecraft:jump":8184,"minecraft:time_since_death":45,"minecraft:leave_game":2,"minecraft:walk_on_water_one_cm":226,"minecraft:climb_one_cm":6224,"minecraft:total_world_time":457422,"minecraft:fall_one_cm":57479},"minecraft:dropped":{"minecraft:wheat_seeds":80,"minecraft:player_head":4,"minecraft:blaze_rod":1,"minecraft:wheat":8,"minecraft:potion":1,"minecraft:rotten_flesh":3,"minecraft:wooden_sword":1,"minecraft:paper":2,"minecraft:written_book":1,"minecraft:light_gray_candle":1,"minecraft:light":2},"minecraft:picked_up":{"minecraft:netherite_boots":1,"minecraft:wheat":8,"minecraft:potion":1,"minecraft:light":2,"minecraft:dragon_egg":1,"minecraft:paper":3,"minecraft:wooden_sword":1,"minecraft:item_frame":14,"minecraft:rotten_flesh":3,"minecraft:light_gray_candle":2,"minecraft:wheat_seeds":80,"minecraft:written_book":1,"minecraft:player_head":8,"minecraft:bread":1,"minecraft:blaze_rod":2}},"DataVersion":3120}