{"stats":{"minecraft:mined":{"minecraft:black_shulker_box":1,"minecraft:lever":4,"minecraft:tall_grass":2},"minecraft:picked_up":{"minecraft:wheat":5,"minecraft:feather":9,"minecraft:cooked_beef":3,"minecraft:leather":1,"minecraft:light":1,"minecraft:orange_concrete":1,"minecraft:item_frame":4,"minecraft:bow":2,"minecraft:wheat_seeds":14,"minecraft:black_shulker_box":12,"minecraft:iron_ingot":1,"minecraft:beef":1,"minecraft:written_book":4,"minecraft:player_head":4,"minecraft:enchanted_golden_apple":1,"minecraft:deepslate_tile_wall":64,"minecraft:book":1,"minecraft:tipped_arrow":1,"minecraft:chain_command_block":2,"minecraft:sculk":2,"minecraft:red_wool":1,"minecraft:dragon_egg":1,"minecraft:netherite_block":183,"minecraft:dark_oak_planks":1,"minecraft:firework_rocket":64,"minecraft:command_block":1,"minecraft:golden_hoe":1,"minecraft:lever":3,"minecraft:deepslate_bricks":3,"minecraft:crossbow":2,"minecraft:black_wool":12,"minecraft:red_concrete":1,"minecraft:snowball":12},"minecraft:killed":{"minecraft:parrot":7,"minecraft:iron_golem":1,"minecraft:frog":1,"minecraft:snow_golem":1,"minecraft:cow":1},"minecraft:used":{"minecraft:water_bucket":1,"minecraft:snow_block":2,"minecraft:orange_concrete":1,"minecraft:red_concrete":2,"minecraft:carved_pumpkin":3,"minecraft:spruce_slab":1,"minecraft:red_stained_glass":10,"minecraft:polished_blackstone":2,"minecraft:redstone":1,"minecraft:polished_andesite":9,"minecraft:oak_sign":2,"minecraft:sandstone":1,"minecraft:black_shulker_box":11,"minecraft:quartz_stairs":2,"minecraft:player_head":1,"minecraft:deepslate_bricks":2,"minecraft:cookie":1,"minecraft:polished_blackstone_pressure_plate":8,"minecraft:dirt":1,"minecraft:yellow_concrete":54,"minecraft:crossbow":121,"minecraft:light_blue_stained_glass":7,"minecraft:snowball":154,"minecraft:glass":4,"minecraft:dark_oak_planks":1,"minecraft:lever":15,"minecraft:light":3,"minecraft:black_wool":53,"minecraft:black_concrete":10,"minecraft:firework_rocket":164,"minecraft:bricks":3,"minecraft:villager_spawn_egg":1,"minecraft:red_wool":2,"minecraft:iron_block":4,"minecraft:grass_block":6,"minecraft:barrier":11,"minecraft:cyan_concrete":3,"minecraft:iron_door":4,"minecraft:purple_concrete":13,"minecraft:fishing_rod":43,"minecraft:wooden_sword":10,"minecraft:golden_carrot":6,"minecraft:bow":60,"minecraft:written_book":61,"minecraft:tall_grass":7,"minecraft:oak_boat":1,"minecraft:cooked_beef":3,"minecraft:smooth_stone":1,"minecraft:splash_potion":234},"minecraft:custom":{"minecraft:interact_with_furnace":1,"minecraft:mob_kills":12,"minecraft:open_barrel":11,"minecraft:open_shulker_box":18,"minecraft:leave_game":13,"minecraft:time_since_death":1081136,"minecraft:climb_one_cm":3586,"minecraft:damage_resisted":31275,"minecraft:time_since_rest":1081136,"minecraft:open_enderchest":5,"minecraft:sprint_one_cm":927749,"minecraft:damage_taken":10,"minecraft:walk_one_cm":2999788,"minecraft:drop":40,"minecraft:damage_dealt":316,"minecraft:swim_one_cm":1583,"minecraft:fly_one_cm":4969896,"minecraft:target_hit":2,"minecraft:player_kills":3,"minecraft:open_chest":7,"minecraft:crouch_one_cm":15361,"minecraft:play_time":1081136,"minecraft:sneak_time":12427,"minecraft:walk_under_water_one_cm":15937,"minecraft:boat_one_cm":36576,"minecraft:jump":3679,"minecraft:walk_on_water_one_cm":15375,"minecraft:total_world_time":1081136,"minecraft:fall_one_cm":4761},"minecraft:dropped":{"minecraft:red_concrete":1,"minecraft:cooked_beef":1,"minecraft:player_head":4,"minecraft:crossbow":2,"minecraft:deepslate_bricks":3,"minecraft:leather_chestplate":1,"minecraft:sculk":2,"minecraft:netherite_block":119,"minecraft:leather_boots":1,"minecraft:leather_leggings":1,"minecraft:black_shulker_box":1,"minecraft:bow":1,"minecraft:arrow":4,"minecraft:dark_oak_planks":1,"minecraft:written_book":3,"minecraft:black_wool":4}},"DataVersion":3120}