{"stats":{"minecraft:picked_up":{"minecraft:item_frame":1,"minecraft:arrow":64,"minecraft:apple":1,"minecraft:bow":2,"minecraft:red_wool":1,"minecraft:painting":2,"minecraft:player_head":7,"minecraft:bread":1,"minecraft:light":1,"minecraft:black_wool":1},"minecraft:used":{"minecraft:bow":18,"minecraft:red_wool":1},"minecraft:dropped":{"minecraft:player_head":5,"minecraft:item_frame":1,"minecraft:light":1},"minecraft:custom":{"minecraft:open_barrel":52,"minecraft:time_since_rest":32099,"minecraft:open_chest":2,"minecraft:crouch_one_cm":169613,"minecraft:play_time":459536,"minecraft:sprint_one_cm":716949,"minecraft:damage_taken":828,"minecraft:walk_one_cm":1137843,"minecraft:sneak_time":66822,"minecraft:walk_under_water_one_cm":1020,"minecraft:drop":7,"minecraft:jump":9550,"minecraft:damage_dealt":106,"minecraft:interact_with_blast_furnace":1,"minecraft:leave_game":8,"minecraft:walk_on_water_one_cm":333,"minecraft:time_since_death":459536,"minecraft:climb_one_cm":8502,"minecraft:total_world_time":459536,"minecraft:damage_resisted":36419,"minecraft:target_hit":1,"minecraft:swim_one_cm":32012,"minecraft:fall_one_cm":72392,"minecraft:fly_one_cm":1507859}},"DataVersion":3120}