{"stats":{"minecraft:killed_by":{"minecraft:player":2},"minecraft:picked_up":{"minecraft:sticky_piston":1,"minecraft:repeater":1,"minecraft:rotten_flesh":3,"minecraft:tripwire_hook":1,"minecraft:apple":1,"minecraft:chest_minecart":1,"minecraft:bow":1,"minecraft:note_block":1,"minecraft:dropper":1,"minecraft:red_tulip":1,"minecraft:painting":2,"minecraft:target":1,"minecraft:player_head":44,"minecraft:bread":2,"minecraft:minecart":1,"minecraft:hopper":1},"minecraft:used":{"minecraft:bow":27,"minecraft:golden_axe":5},"minecraft:dropped":{"minecraft:bow":2,"minecraft:player_head":14,"minecraft:repeater":1,"minecraft:hopper":1},"minecraft:custom":{"minecraft:open_barrel":40,"minecraft:open_chest":1,"minecraft:time_since_rest":1778,"minecraft:walk_under_water_one_cm":479,"minecraft:crouch_one_cm":134728,"minecraft:sprint_one_cm":1062102,"minecraft:play_time":549753,"minecraft:damage_taken":2202,"minecraft:walk_one_cm":1559823,"minecraft:deaths":2,"minecraft:sneak_time":50415,"minecraft:drop":18,"minecraft:jump":4616,"minecraft:walk_on_water_one_cm":789,"minecraft:damage_dealt":435,"minecraft:leave_game":5,"minecraft:time_since_death":1758,"minecraft:damage_resisted":7485,"minecraft:total_world_time":549753,"minecraft:climb_one_cm":3593,"minecraft:swim_one_cm":72805,"minecraft:fall_one_cm":64324,"minecraft:fly_one_cm":1080220,"minecraft:player_kills":1}},"DataVersion":3120}