{"stats":{"minecraft:killed_by":{"minecraft:player":1},"minecraft:custom":{"minecraft:open_barrel":1,"minecraft:time_since_rest":2202,"minecraft:crouch_one_cm":84602,"minecraft:play_time":286999,"minecraft:sprint_one_cm":406270,"minecraft:deaths":1,"minecraft:damage_taken":253,"minecraft:walk_one_cm":1016073,"minecraft:sneak_time":31760,"minecraft:drop":17,"minecraft:jump":921,"minecraft:leave_game":7,"minecraft:time_since_death":2182,"minecraft:climb_one_cm":8691,"minecraft:total_world_time":286999,"minecraft:swim_one_cm":9845,"minecraft:fall_one_cm":13717,"minecraft:fly_one_cm":150496},"minecraft:dropped":{"minecraft:rotten_flesh":4,"minecraft:player_head":11,"minecraft:leather_boots":1,"minecraft:light":1},"minecraft:picked_up":{"minecraft:leather_boots":1,"minecraft:rotten_flesh":4,"minecraft:player_head":17}},"DataVersion":3120}