{"stats":{"minecraft:dropped":{"minecraft:light":1},"minecraft:custom":{"minecraft:jump":453,"minecraft:time_since_rest":137804,"minecraft:crouch_one_cm":30908,"minecraft:play_time":137804,"minecraft:leave_game":3,"minecraft:sprint_one_cm":197136,"minecraft:damage_taken":58,"minecraft:time_since_death":137804,"minecraft:walk_one_cm":381593,"minecraft:sneak_time":12637,"minecraft:total_world_time":137804,"minecraft:drop":1,"minecraft:fall_one_cm":1543,"minecraft:fly_one_cm":83065}},"DataVersion":3120}