{"stats":{"minecraft:killed_by":{"minecraft:player":1},"minecraft:custom":{"minecraft:jump":1162,"minecraft:open_chest":3,"minecraft:time_since_rest":2795,"minecraft:leave_game":1,"minecraft:deaths":1,"minecraft:crouch_one_cm":25135,"minecraft:sprint_one_cm":305867,"minecraft:play_time":133657,"minecraft:damage_taken":253,"minecraft:time_since_death":2775,"minecraft:walk_one_cm":272059,"minecraft:sneak_time":4869,"minecraft:climb_one_cm":1831,"minecraft:total_world_time":133657,"minecraft:swim_one_cm":830,"minecraft:drop":1,"minecraft:fall_one_cm":15533,"minecraft:fly_one_cm":272775},"minecraft:dropped":{"minecraft:light":1},"minecraft:picked_up":{"minecraft:player_head":1,"minecraft:leather_chestplate":1,"minecraft:light":1,"minecraft:leather_leggings":2}},"DataVersion":3120}