{"stats":{"minecraft:killed_by":{"minecraft:player":2},"minecraft:picked_up":{"minecraft:leather_chestplate":1,"minecraft:wheat":4,"minecraft:wheat_seeds":10,"minecraft:potato":8,"minecraft:written_book":1,"minecraft:player_head":3,"minecraft:light":1,"minecraft:black_wool":2},"minecraft:used":{"minecraft:wooden_hoe":109,"minecraft:black_wool":1,"minecraft:bow":12,"minecraft:written_book":2,"minecraft:golden_axe":8},"minecraft:dropped":{"minecraft:leather_leggings":1,"minecraft:leather_chestplate":1,"minecraft:paper":1,"minecraft:written_book":1,"minecraft:black_wool":2},"minecraft:custom":{"minecraft:open_barrel":9,"minecraft:open_chest":7,"minecraft:time_since_rest":1769,"minecraft:interact_with_furnace":1,"minecraft:crouch_one_cm":18043,"minecraft:play_time":536490,"minecraft:sprint_one_cm":1134506,"minecraft:damage_taken":2411,"minecraft:walk_one_cm":1410435,"minecraft:sneak_time":44553,"minecraft:walk_under_water_one_cm":606,"minecraft:drop":6,"minecraft:jump":6981,"minecraft:damage_dealt":1704,"minecraft:interact_with_blast_furnace":1,"minecraft:leave_game":6,"minecraft:walk_on_water_one_cm":692,"minecraft:time_since_death":1749,"minecraft:total_world_time":536490,"minecraft:climb_one_cm":7596,"minecraft:damage_resisted":11742,"minecraft:swim_one_cm":24600,"minecraft:interact_with_crafting_table":3,"minecraft:fall_one_cm":94314,"minecraft:fly_one_cm":1431473,"minecraft:player_kills":2,"minecraft:deaths":2}},"DataVersion":3120}