{"stats":{"minecraft:used":{"minecraft:wooden_hoe":7,"minecraft:potato":5},"minecraft:killed_by":{"minecraft:player":3},"minecraft:custom":{"minecraft:open_barrel":4,"minecraft:time_since_rest":1252,"minecraft:open_chest":3,"minecraft:deaths":3,"minecraft:crouch_one_cm":154839,"minecraft:play_time":370988,"minecraft:interact_with_furnace":3,"minecraft:sprint_one_cm":811474,"minecraft:damage_taken":1084,"minecraft:walk_one_cm":1090118,"minecraft:sneak_time":42285,"minecraft:mob_kills":1,"minecraft:interact_with_anvil":1,"minecraft:drop":12,"minecraft:jump":2639,"minecraft:damage_dealt":85,"minecraft:leave_game":6,"minecraft:walk_on_water_one_cm":70,"minecraft:time_since_death":1232,"minecraft:climb_one_cm":3725,"minecraft:total_world_time":370988,"minecraft:swim_one_cm":21281,"minecraft:interact_with_crafting_table":1,"minecraft:fall_one_cm":31263,"minecraft:fly_one_cm":612272},"minecraft:dropped":{"minecraft:potato":1,"minecraft:wheat_seeds":7,"minecraft:wheat":1,"minecraft:light":3},"minecraft:killed":{"minecraft:pig":1,"minecraft:cow":1},"minecraft:picked_up":{"minecraft:wheat":21,"minecraft:leather_leggings":1,"minecraft:wheat_seeds":40,"minecraft:potato":20,"minecraft:light":2}},"DataVersion":3120}