{"stats":{"minecraft:killed_by":{"minecraft:warden":1},"minecraft:custom":{"minecraft:jump":1850,"minecraft:leave_game":1,"minecraft:time_since_rest":9427,"minecraft:deaths":1,"minecraft:damage_dealt":8,"minecraft:crouch_one_cm":95836,"minecraft:sprint_one_cm":865152,"minecraft:play_time":175424,"minecraft:damage_taken":449,"minecraft:time_since_death":9407,"minecraft:walk_one_cm":734162,"minecraft:sneak_time":16841,"minecraft:climb_one_cm":2786,"minecraft:total_world_time":175424,"minecraft:drop":8,"minecraft:fall_one_cm":8673,"minecraft:fly_one_cm":384240},"minecraft:dropped":{"minecraft:leather":1,"minecraft:item_frame":7},"minecraft:picked_up":{"minecraft:player_head":1,"minecraft:item_frame":7,"minecraft:leather":1}},"DataVersion":3120}