{"stats":{"minecraft:custom":{"minecraft:open_barrel":1,"minecraft:open_chest":6,"minecraft:time_since_rest":96807,"minecraft:crouch_one_cm":631,"minecraft:sprint_one_cm":43170,"minecraft:play_time":96807,"minecraft:walk_one_cm":93015,"minecraft:sneak_time":941,"minecraft:jump":437,"minecraft:leave_game":4,"minecraft:time_since_death":96807,"minecraft:total_world_time":96807,"minecraft:fly_one_cm":198070},"minecraft:used":{"minecraft:bedrock":1,"minecraft:lever":2,"minecraft:black_concrete":36,"minecraft:repeater":17,"minecraft:dirt":48,"minecraft:written_book":2,"minecraft:command_block":15,"minecraft:polished_andesite":51,"minecraft:oak_sign":5,"minecraft:stone_button":1,"minecraft:yellow_concrete":3,"minecraft:smooth_quartz":2,"minecraft:glow_ink_sac":2}},"DataVersion":3120}