{"stats":{"minecraft:dropped":{"minecraft:wheat_seeds":2,"minecraft:written_book":1},"minecraft:custom":{"minecraft:open_chest":5,"minecraft:time_since_rest":69899,"minecraft:crouch_one_cm":8413,"minecraft:open_shulker_box":1,"minecraft:play_time":69899,"minecraft:sprint_one_cm":147311,"minecraft:damage_taken":80,"minecraft:walk_one_cm":221070,"minecraft:sneak_time":3005,"minecraft:drop":3,"minecraft:jump":396,"minecraft:leave_game":6,"minecraft:walk_on_water_one_cm":253,"minecraft:time_since_death":69899,"minecraft:climb_one_cm":956,"minecraft:total_world_time":69899,"minecraft:fall_one_cm":5263,"minecraft:fly_one_cm":93960,"minecraft:open_barrel":1},"minecraft:used":{"minecraft:diamond_pickaxe":1,"minecraft:written_book":26,"minecraft:carved_pumpkin":1,"minecraft:black_shulker_box":1},"minecraft:mined":{"minecraft:black_shulker_box":1,"minecraft:grass":2},"minecraft:picked_up":{"minecraft:wheat":1,"minecraft:wheat_seeds":5,"minecraft:black_shulker_box":2,"minecraft:written_book":1,"minecraft:emerald":18,"minecraft:diamond_pickaxe":1}},"DataVersion":3120}