{
  "minecraft:recipes/building_blocks/polished_blackstone_brick_stairs_from_polished_blackstone_stonecutting": {
    "criteria": {
      "has_polished_blackstone": "2023-10-09 19:01:51 -0500"
    },
    "done": true
  },
  "minecraft:recipes/building_blocks/black_stained_glass": {
    "criteria": {
      "has_glass": "2023-10-09 19:33:12 -0500"
    },
    "done": true
  },
  "minecraft:recipes/building_blocks/brick_stairs_from_bricks_stonecutting": {
    "criteria": {
      "has_bricks": "2023-10-09 20:15:32 -0500"
    },
    "done": true
  },
  "minecraft:recipes/combat/leather_chestplate": {
    "criteria": {
      "has_leather": "2023-10-09 16:04:29 -0500"
    },
    "done": true
  },
  "minecraft:recipes/tools/wooden_axe": {
    "criteria": {
      "has_stick": "2023-10-09 19:53:27 -0500"
    },
    "done": true
  },
  "minecraft:recipes/building_blocks/yellow_stained_glass": {
    "criteria": {
      "has_glass": "2023-10-09 19:33:12 -0500"
    },
    "done": true
  },
  "minecraft:end/root": {
    "criteria": {
      "entered_end": "2023-10-08 20:12:00 -0500"
    },
    "done": true
  },
  "minecraft:recipes/decorations/brick_wall": {
    "criteria": {
      "has_bricks": "2023-10-09 20:15:32 -0500"
    },
    "done": true
  },
  "minecraft:recipes/building_blocks/brick_stairs": {
    "criteria": {
      "has_bricks": "2023-10-09 20:15:32 -0500"
    },
    "done": true
  },
  "minecraft:recipes/transportation/acacia_chest_boat": {
    "criteria": {
      "has_boat": "2023-10-09 16:03:18 -0500"
    },
    "done": true
  },
  "minecraft:recipes/transportation/oak_chest_boat": {
    "criteria": {
      "has_boat": "2023-10-09 16:03:18 -0500"
    },
    "done": true
  },
  "minecraft:adventure/ol_betsy": {
    "criteria": {
      "shot_crossbow": "2023-10-09 15:38:46 -0500"
    },
    "done": true
  },
  "minecraft:recipes/building_blocks/polished_blackstone_slab_from_polished_blackstone_stonecutting": {
    "criteria": {
      "has_polished_blackstone": "2023-10-09 19:01:51 -0500"
    },
    "done": true
  },
  "minecraft:recipes/building_blocks/gray_stained_glass": {
    "criteria": {
      "has_glass": "2023-10-09 19:33:12 -0500"
    },
    "done": true
  },
  "minecraft:recipes/brewing/glass_bottle": {
    "criteria": {
      "has_glass": "2023-10-09 19:33:12 -0500"
    },
    "done": true
  },
  "minecraft:recipes/combat/leather_helmet": {
    "criteria": {
      "has_leather": "2023-10-09 16:04:29 -0500"
    },
    "done": true
  },
  "minecraft:adventure/adventuring_time": {
    "criteria": {
      "minecraft:dark_forest": "2023-10-08 17:49:01 -0500",
      "minecraft:plains": "2023-10-07 16:42:17 -0500"
    },
    "done": false
  },
  "minecraft:recipes/building_blocks/red_stained_glass": {
    "criteria": {
      "has_glass": "2023-10-09 19:33:12 -0500"
    },
    "done": true
  },
  "minecraft:recipes/decorations/campfire": {
    "criteria": {
      "has_stick": "2023-10-09 19:53:27 -0500"
    },
    "done": true
  },
  "minecraft:recipes/food/bread": {
    "criteria": {
      "has_wheat": "2023-10-08 20:10:15 -0500"
    },
    "done": true
  },
  "minecraft:recipes/building_blocks/polished_blackstone_brick_slab_from_polished_blackstone_stonecutting": {
    "criteria": {
      "has_polished_blackstone": "2023-10-09 19:01:51 -0500"
    },
    "done": true
  },
  "minecraft:recipes/building_blocks/purple_stained_glass": {
    "criteria": {
      "has_glass": "2023-10-09 19:33:12 -0500"
    },
    "done": true
  },
  "minecraft:recipes/tools/wooden_pickaxe": {
    "criteria": {
      "has_stick": "2023-10-09 19:53:27 -0500"
    },
    "done": true
  },
  "minecraft:recipes/building_blocks/polished_blackstone_bricks": {
    "criteria": {
      "has_polished_blackstone": "2023-10-09 19:01:51 -0500"
    },
    "done": true
  },
  "minecraft:husbandry/root": {
    "criteria": {
      "consumed_item": "2023-10-09 16:11:01 -0500"
    },
    "done": true
  },
  "minecraft:recipes/decorations/ladder": {
    "criteria": {
      "has_stick": "2023-10-09 19:53:27 -0500"
    },
    "done": true
  },
  "minecraft:recipes/transportation/birch_boat": {
    "criteria": {
      "in_water": "2023-10-08 19:28:26 -0500"
    },
    "done": true
  },
  "minecraft:recipes/decorations/chest": {
    "criteria": {
      "has_lots_of_items": "2023-10-09 15:37:42 -0500"
    },
    "done": true
  },
  "minecraft:recipes/transportation/mangrove_boat": {
    "criteria": {
      "in_water": "2023-10-08 19:28:26 -0500"
    },
    "done": true
  },
  "minecraft:recipes/building_blocks/snow_block": {
    "criteria": {
      "has_snowball": "2023-10-09 16:13:32 -0500"
    },
    "done": true
  },
  "minecraft:recipes/building_blocks/white_stained_glass": {
    "criteria": {
      "has_glass": "2023-10-09 19:33:12 -0500"
    },
    "done": true
  },
  "minecraft:recipes/tools/wooden_shovel": {
    "criteria": {
      "has_stick": "2023-10-09 19:53:27 -0500"
    },
    "done": true
  },
  "minecraft:recipes/transportation/acacia_boat": {
    "criteria": {
      "in_water": "2023-10-08 19:28:26 -0500"
    },
    "done": true
  },
  "minecraft:recipes/building_blocks/blue_stained_glass": {
    "criteria": {
      "has_glass": "2023-10-09 19:33:12 -0500"
    },
    "done": true
  },
  "minecraft:recipes/building_blocks/chiseled_polished_blackstone_from_polished_blackstone_stonecutting": {
    "criteria": {
      "has_polished_blackstone": "2023-10-09 19:01:51 -0500"
    },
    "done": true
  },
  "minecraft:recipes/building_blocks/orange_stained_glass": {
    "criteria": {
      "has_glass": "2023-10-09 19:33:12 -0500"
    },
    "done": true
  },
  "minecraft:adventure/root": {
    "criteria": {
      "killed_by_something": "2023-10-08 19:58:33 -0500"
    },
    "done": true
  },
  "minecraft:recipes/building_blocks/brown_stained_glass": {
    "criteria": {
      "has_glass": "2023-10-09 19:33:12 -0500"
    },
    "done": true
  },
  "minecraft:recipes/combat/leather_boots": {
    "criteria": {
      "has_leather": "2023-10-09 16:04:29 -0500"
    },
    "done": true
  },
  "minecraft:recipes/building_blocks/polished_blackstone_slab": {
    "criteria": {
      "has_polished_blackstone": "2023-10-09 19:01:51 -0500"
    },
    "done": true
  },
  "minecraft:recipes/transportation/jungle_boat": {
    "criteria": {
      "in_water": "2023-10-08 19:28:26 -0500"
    },
    "done": true
  },
  "minecraft:recipes/transportation/dark_oak_chest_boat": {
    "criteria": {
      "has_boat": "2023-10-09 16:03:18 -0500"
    },
    "done": true
  },
  "minecraft:recipes/building_blocks/green_stained_glass": {
    "criteria": {
      "has_glass": "2023-10-09 19:33:12 -0500"
    },
    "done": true
  },
  "minecraft:recipes/transportation/spruce_boat": {
    "criteria": {
      "in_water": "2023-10-08 19:28:26 -0500"
    },
    "done": true
  },
  "minecraft:adventure/shoot_arrow": {
    "criteria": {
      "shot_arrow": "2023-10-09 20:18:37 -0500"
    },
    "done": true
  },
  "minecraft:recipes/misc/gold_nugget_from_blasting": {
    "criteria": {
      "has_golden_pickaxe": "2023-10-09 15:37:00 -0500"
    },
    "done": true
  },
  "minecraft:recipes/redstone/polished_blackstone_button": {
    "criteria": {
      "has_polished_blackstone": "2023-10-09 19:01:51 -0500"
    },
    "done": true
  },
  "minecraft:recipes/combat/wooden_sword": {
    "criteria": {
      "has_stick": "2023-10-09 19:53:27 -0500"
    },
    "done": true
  },
  "minecraft:recipes/decorations/item_frame": {
    "criteria": {
      "has_leather": "2023-10-09 16:04:29 -0500"
    },
    "done": true
  },
  "minecraft:recipes/building_blocks/polished_blackstone_stairs": {
    "criteria": {
      "has_polished_blackstone": "2023-10-09 19:01:51 -0500"
    },
    "done": true
  },
  "minecraft:recipes/building_blocks/light_gray_stained_glass": {
    "criteria": {
      "has_glass": "2023-10-09 19:33:12 -0500"
    },
    "done": true
  },
  "minecraft:recipes/decorations/polished_blackstone_wall": {
    "criteria": {
      "has_polished_blackstone": "2023-10-09 19:01:51 -0500"
    },
    "done": true
  },
  "minecraft:recipes/redstone/dispenser": {
    "criteria": {
      "has_bow": "2023-10-09 20:06:13 -0500"
    },
    "done": true
  },
  "minecraft:recipes/transportation/dark_oak_boat": {
    "criteria": {
      "in_water": "2023-10-08 19:28:26 -0500"
    },
    "done": true
  },
  "minecraft:recipes/food/pumpkin_pie": {
    "criteria": {
      "has_carved_pumpkin": "2023-10-09 15:37:05 -0500"
    },
    "done": true
  },
  "minecraft:recipes/building_blocks/cyan_stained_glass": {
    "criteria": {
      "has_glass": "2023-10-09 19:33:12 -0500"
    },
    "done": true
  },
  "minecraft:recipes/food/cake": {
    "criteria": {
      "has_egg": "2023-10-09 20:05:34 -0500"
    },
    "done": true
  },
  "minecraft:story/enter_the_end": {
    "criteria": {
      "entered_end": "2023-10-08 20:12:00 -0500"
    },
    "done": true
  },
  "minecraft:recipes/building_blocks/brick_slab": {
    "criteria": {
      "has_bricks": "2023-10-09 20:15:32 -0500"
    },
    "done": true
  },
  "minecraft:husbandry/balanced_diet": {
    "criteria": {
      "enchanted_golden_apple": "2023-10-09 16:11:01 -0500"
    },
    "done": false
  },
  "minecraft:recipes/transportation/mangrove_chest_boat": {
    "criteria": {
      "has_boat": "2023-10-09 16:03:18 -0500"
    },
    "done": true
  },
  "minecraft:recipes/misc/mojang_banner_pattern": {
    "criteria": {
      "has_enchanted_golden_apple": "2023-10-09 16:10:50 -0500"
    },
    "done": true
  },
  "minecraft:recipes/tools/wooden_hoe": {
    "criteria": {
      "has_stick": "2023-10-09 19:53:27 -0500"
    },
    "done": true
  },
  "minecraft:recipes/building_blocks/lime_stained_glass": {
    "criteria": {
      "has_glass": "2023-10-09 19:33:12 -0500"
    },
    "done": true
  },
  "minecraft:recipes/building_blocks/jack_o_lantern": {
    "criteria": {
      "has_carved_pumpkin": "2023-10-09 15:37:05 -0500"
    },
    "done": true
  },
  "minecraft:recipes/transportation/birch_chest_boat": {
    "criteria": {
      "has_boat": "2023-10-09 16:03:18 -0500"
    },
    "done": true
  },
  "minecraft:recipes/decorations/glass_pane": {
    "criteria": {
      "has_glass": "2023-10-09 19:33:12 -0500"
    },
    "done": true
  },
  "minecraft:recipes/decorations/brick_wall_from_bricks_stonecutting": {
    "criteria": {
      "has_bricks": "2023-10-09 20:15:32 -0500"
    },
    "done": true
  },
  "minecraft:recipes/building_blocks/brick_slab_from_bricks_stonecutting": {
    "criteria": {
      "has_bricks": "2023-10-09 20:15:32 -0500"
    },
    "done": true
  },
  "minecraft:recipes/decorations/polished_blackstone_wall_from_polished_blackstone_stonecutting": {
    "criteria": {
      "has_polished_blackstone": "2023-10-09 19:01:51 -0500"
    },
    "done": true
  },
  "minecraft:recipes/misc/gold_nugget_from_smelting": {
    "criteria": {
      "has_golden_pickaxe": "2023-10-09 15:37:00 -0500"
    },
    "done": true
  },
  "minecraft:recipes/transportation/jungle_chest_boat": {
    "criteria": {
      "has_boat": "2023-10-09 16:03:18 -0500"
    },
    "done": true
  },
  "minecraft:recipes/building_blocks/magenta_stained_glass": {
    "criteria": {
      "has_glass": "2023-10-09 19:33:12 -0500"
    },
    "done": true
  },
  "minecraft:recipes/building_blocks/polished_blackstone_stairs_from_polished_blackstone_stonecutting": {
    "criteria": {
      "has_polished_blackstone": "2023-10-09 19:01:51 -0500"
    },
    "done": true
  },
  "minecraft:recipes/redstone/polished_blackstone_pressure_plate": {
    "criteria": {
      "has_polished_blackstone": "2023-10-09 19:01:51 -0500"
    },
    "done": true
  },
  "minecraft:recipes/decorations/polished_blackstone_brick_wall_from_polished_blackstone_stonecutting": {
    "criteria": {
      "has_polished_blackstone": "2023-10-09 19:01:51 -0500"
    },
    "done": true
  },
  "minecraft:recipes/decorations/snow": {
    "criteria": {
      "has_snowball": "2023-10-09 16:13:32 -0500"
    },
    "done": true
  },
  "minecraft:recipes/transportation/oak_boat": {
    "criteria": {
      "in_water": "2023-10-08 19:28:26 -0500"
    },
    "done": true
  },
  "minecraft:recipes/decorations/soul_campfire": {
    "criteria": {
      "has_stick": "2023-10-09 19:53:27 -0500"
    },
    "done": true
  },
  "minecraft:recipes/combat/crossbow": {
    "criteria": {
      "has_stick": "2023-10-09 19:53:27 -0500"
    },
    "done": true
  },
  "minecraft:adventure/avoid_vibration": {
    "criteria": {
      "avoid_vibration": "2023-10-07 18:30:52 -0500"
    },
    "done": true
  },
  "minecraft:recipes/transportation/spruce_chest_boat": {
    "criteria": {
      "has_boat": "2023-10-09 16:03:18 -0500"
    },
    "done": true
  },
  "minecraft:recipes/building_blocks/light_blue_stained_glass": {
    "criteria": {
      "has_glass": "2023-10-09 19:33:12 -0500"
    },
    "done": true
  },
  "minecraft:recipes/building_blocks/polished_blackstone_bricks_from_polished_blackstone_stonecutting": {
    "criteria": {
      "has_polished_blackstone": "2023-10-09 19:01:51 -0500"
    },
    "done": true
  },
  "minecraft:recipes/building_blocks/pink_stained_glass": {
    "criteria": {
      "has_glass": "2023-10-09 19:33:12 -0500"
    },
    "done": true
  },
  "minecraft:recipes/building_blocks/hay_block": {
    "criteria": {
      "has_wheat": "2023-10-08 20:10:15 -0500"
    },
    "done": true
  },
  "minecraft:recipes/misc/leather_horse_armor": {
    "criteria": {
      "has_leather": "2023-10-09 16:04:29 -0500"
    },
    "done": true
  },
  "minecraft:recipes/combat/leather_leggings": {
    "criteria": {
      "has_leather": "2023-10-09 16:04:29 -0500"
    },
    "done": true
  },
  "DataVersion": 3120
}